osm_id,name,name_hi,place,population,district,lat,lon
11548112716,Aayarpani,,village,,Almora,29.67149,79.71056
8083026231,Achhiraun Malla,,hamlet,,Almora,29.58904,79.13304
8083026232,Achhiraun Talla,,hamlet,,Almora,29.59209,79.13149
8039247812,Adechaniya,,hamlet,,Almora,29.75706,79.48643
7908957223,Agar,,hamlet,,Almora,29.51094,79.88736
7908501561,Agararaulakundi,,hamlet,,Almora,29.80291,79.68768
7931557717,Agaspur,,hamlet,,Almora,29.86480,79.16984
342107997,Aikukhet,,village,,Almora,29.84711,79.13864
7904260057,Airari,,hamlet,,Almora,29.70453,79.45197
7934666374,Airari,,hamlet,,Almora,29.76933,79.22675
7934845509,Airaribisht,,village,,Almora,29.78745,79.18059
7941678893,Airikhan,,village,,Almora,29.67983,79.84312
7904260071,Airoli,,village,,Almora,29.65625,79.43218
7904260069,Airor,,village,,Almora,29.66564,79.43896
342105186,Ajhora,,hamlet,,Almora,29.79783,79.67547
8083026251,Ajoli Malli,,hamlet,,Almora,29.59421,79.14173
8083026252,Ajoli Talli,,village,,Almora,29.59984,79.14428
8039385041,Akhoriya,,hamlet,,Almora,29.85620,79.44639
7931305504,Alasim,,hamlet,,Almora,29.95791,79.23946
7908862831,Alchauna,,hamlet,,Almora,29.51393,79.97693
6415233076,Allai,,hamlet,,Almora,29.65613,79.74012
7905578206,Almiyan Kande,,hamlet,,Almora,29.56049,79.49656
7913605661,Almiyangaon,,hamlet,,Almora,29.78827,79.51299
245768522,Almora,अल्मोड़ा,city,34122,Almora,29.60170,79.66326
8075321041,Amdhar,,hamlet,,Almora,29.69376,79.16606
8082585281,Ameta,,hamlet,,Almora,29.66904,79.09877
7934666369,Amkhet,,hamlet,,Almora,29.78347,79.20922
7904790202,Amoli,,hamlet,,Almora,29.71851,79.30494
8075320950,Amtoli,,hamlet,,Almora,29.73807,79.24747
7904561597,Amyari,,hamlet,,Almora,29.66762,79.39176
7909287596,Andhuriya,,hamlet,,Almora,29.79734,79.60251
7908938287,Andoli,,hamlet,,Almora,29.61928,79.87949
7908938288,Andoli,,hamlet,,Almora,29.63077,79.88580
8074913537,Aneri,,hamlet,,Almora,29.62288,79.19402
7908862834,Anoli,,hamlet,,Almora,29.51924,79.99453
7934668295,Aphau Talla,,hamlet,,Almora,29.79425,79.24237
7934668294,Aphaukhala,,hamlet,,Almora,29.79008,79.24503
2518388787,Ara,,hamlet,,Almora,29.57536,79.99203
7938303411,Ara,,hamlet,,Almora,29.50295,79.83953
7904553960,Arari,,hamlet,,Almora,29.62077,79.40871
7938361435,Archali,,village,,Almora,29.59368,79.79750
8039272365,Arkhola,,hamlet,,Almora,29.87747,79.45907
342106670,Artola,,village,,Almora,29.62615,79.82572
8039309986,Arubagar,,hamlet,,Almora,29.76022,79.47239
342109520,Asagoli,,village,,Almora,29.73038,79.39545
7908814981,Askona,,hamlet,,Almora,29.58906,79.98562
8075321040,Asuntale,,hamlet,,Almora,29.69573,79.17259
7904714659,Aswal Kothyura,,hamlet,,Almora,29.68104,79.33843
7908938314,Ati,,hamlet,,Almora,29.55748,79.93485
8074913583,Aunlet,,hamlet,,Almora,29.66113,79.14422
7909271919,Aura,,hamlet,,Almora,29.81829,79.60786
7931557722,Babaliya,,village,,Almora,29.87695,79.20166
7934845513,Babarikichar,,village,,Almora,29.77568,79.19872
6417619136,Babhina,,hamlet,,Almora,29.61777,79.97479
7908501559,Bachhurari,,hamlet,,Almora,29.80472,79.67433
7938439189,Bachkanda,,village,,Almora,29.50031,79.79389
8075321018,Badaruatila,,hamlet,,Almora,29.73269,79.17868
7941781289,Badaur,,hamlet,,Almora,29.67258,79.76287
7904561598,Badhan,,hamlet,,Almora,29.66924,79.41180
6411879059,Badi Fatehpur,,hamlet,,Almora,29.64708,79.62893
7908991262,Badiyar,,hamlet,,Almora,29.52265,79.83589
8082585289,Badmudiani,,hamlet,,Almora,29.66012,79.10199
7905577735,Badosima,,hamlet,,Almora,29.62813,79.94606
7904921117,Bagadwar,,hamlet,,Almora,29.62309,79.32541
7904763980,Bagar,,hamlet,,Almora,29.69130,79.25151
7908957226,Bagar,,hamlet,,Almora,29.51129,79.90043
8039247814,Bagargaon,,hamlet,,Almora,29.75899,79.49362
8083039181,Bagdiya,,hamlet,,Almora,29.56476,79.19599
7904790190,Baghar,,hamlet,,Almora,29.74869,79.28112
7938533221,Baghar,,village,,Almora,29.56118,79.76739
7908991261,Baghaur,,hamlet,,Almora,29.51839,79.83408
7934666377,Bagholi Talla,,hamlet,,Almora,29.76371,79.22896
7909217118,Baghyana,,hamlet,,Almora,29.77907,79.61683
7905604500,Bagjura,,hamlet,,Almora,29.61119,79.43772
7933305764,Bagoli,,hamlet,,Almora,29.90683,79.15752
342106084,Bagwali,,village,,Almora,29.72968,79.47480
7905633296,Bagwan,,hamlet,,Almora,29.55911,79.44358
342105151,Baiganiya,,hamlet,,Almora,29.78035,79.62487
7907529817,Bailta,,hamlet,,Almora,29.56760,79.25475
7904827670,Baina,,hamlet,,Almora,29.68304,79.29458
7907517155,Baina,,village,,Almora,29.61092,79.36704
7913699524,Bainali,,hamlet,,Almora,29.75816,79.51085
8075321019,Bairalgaon Talla,,hamlet,,Almora,29.73210,79.17307
8039627951,Bairati,,hamlet,,Almora,29.80755,79.41980
7934334059,Bajarphaura,,hamlet,,Almora,29.85155,79.11826
7909149460,Bajel,,hamlet,,Almora,29.75197,79.64762
7931305523,Bajesima,,village,,Almora,29.88523,79.22928
7904714668,Bajina,,hamlet,,Almora,29.74358,79.35925
7905578204,Bajina,,hamlet,,Almora,29.57465,79.48471
342108220,Bajkhet,,village,,Almora,29.77359,79.18572
7905578208,Bajol,,hamlet,,Almora,29.56235,79.48568
8075320944,Bajon,,hamlet,,Almora,29.72775,79.22115
7938368571,Bajwar,,hamlet,,Almora,29.56866,79.79450
8039247822,Bajyuli,,hamlet,,Almora,29.78706,79.46184
8039738152,Bakhal,,hamlet,,Almora,29.94159,79.25580
8045672536,Bakhil,,village,,Almora,29.87745,79.36105
7933927450,Bakhli,,hamlet,,Almora,29.86633,79.10588
7936332604,Bakhli,,hamlet,,Almora,29.82413,79.14649
8083039175,Bakule,,hamlet,,Almora,29.53751,79.20137
6418905359,Balam,,hamlet,,Almora,29.55477,79.57091
7913528215,Balauta,,hamlet,,Almora,29.78701,79.54404
7905622810,Bali Bagar,,hamlet,,Almora,29.69655,79.92152
7905578189,Baliyali,,hamlet,,Almora,29.52543,79.45832
8074913558,Balla,,hamlet,,Almora,29.64936,79.14625
7934798257,Balmaro,,hamlet,,Almora,29.86170,79.20296
8039385048,Balria,,hamlet,,Almora,29.87805,79.43120
7938533224,Balsun,,village,,Almora,29.55770,79.78761
8083049087,Baluli,,hamlet,,Almora,29.59861,79.08197
7904561587,Baman Hatela,,hamlet,,Almora,29.69184,79.38922
8083026235,Bamangaon,,hamlet,,Almora,29.61066,79.21834
7938533227,Bamansual,,village,,Almora,29.57745,79.77920
8075320918,Bamaura,,hamlet,,Almora,29.64359,79.23555
7894074271,Bamori,,hamlet,,Almora,29.64432,79.96875
342109268,Bamsyun,,village,,Almora,29.56009,79.48059
7905622807,Bamtola,,hamlet,,Almora,29.69961,79.87657
7904921124,Bamyeli,,hamlet,,Almora,29.62359,79.27724
7938574005,Bana,,hamlet,,Almora,29.52703,79.77600
7909170405,Banauli,,hamlet,,Almora,29.49338,79.90577
7908557507,Banaura,,hamlet,,Almora,29.79464,79.63996
7934143794,Bandan Gad,,hamlet,,Almora,29.76761,79.11172
8083049090,Bandranbasnal,,hamlet,,Almora,29.60606,79.10860
8083049089,Bandranbisht,,hamlet,,Almora,29.60813,79.10527
8075321016,Bangan Bakhali,,hamlet,,Almora,29.73414,79.15776
7904827671,Bangaura,,hamlet,,Almora,29.68906,79.29741
8074532693,Bangidhar,,hamlet,,Almora,29.67892,79.14482
7908938322,Bangola,,hamlet,,Almora,29.51994,79.93097
8075321022,Bankhuna,,hamlet,,Almora,29.72313,79.16173
8083039156,Bankit,,hamlet,,Almora,29.57628,79.24550
8083039154,Bankot,,hamlet,,Almora,29.58402,79.23432
7904213545,Banoliya',,hamlet,,Almora,29.67584,79.47718
8075321012,Bansal Bakhali,,hamlet,,Almora,29.74562,79.15843
7934821209,Bansari,,village,,Almora,29.80643,79.19117
8074913548,Bansauri,,hamlet,,Almora,29.65474,79.16208
7938517186,Banthok,,village,,Almora,29.61143,79.78568
7913528217,Baragaon,,hamlet,,Almora,29.78468,79.54953
342109540,Barakham,,village,,Almora,29.73175,79.35288
7908906678,Barakuna,,hamlet,,Almora,29.58977,79.88365
7931305510,Barangal,,hamlet,,Almora,29.93095,79.23838
7908455733,Barasita,,hamlet,,Almora,29.81224,79.63071
7905622832,Bardula,,hamlet,,Almora,29.62852,79.90785
342106626,Barechhina,,village,,Almora,29.64249,79.74701
7913596645,Barekhola,,hamlet,,Almora,29.78565,79.49696
7904329411,Baret,,hamlet,,Almora,29.70656,79.40980
8083026230,Baret,,hamlet,,Almora,29.58680,79.15233
7904260052,Bargal,,hamlet,,Almora,29.72216,79.44486
7908957225,Barglekh,,hamlet,,Almora,29.50082,79.91176
8081838510,Barhakot,,hamlet,,Almora,29.63771,79.08742
7941678886,Bari,,village,,Almora,29.67277,79.86820
8039247810,Bari Guth,,hamlet,,Almora,29.75180,79.48256
7904763982,Barikot,,hamlet,,Almora,29.71023,79.26430
8075320940,Barkinda,,hamlet,,Almora,29.73184,79.25021
8074532701,Barliya,,hamlet,,Almora,29.68443,79.13583
7938533220,Barsima,,village,,Almora,29.56644,79.77392
7938517188,Bartoli,,hamlet,,Almora,29.62980,79.78894
7934821232,Basai Malli,,hamlet,,Almora,29.86458,79.17945
7934821231,Basai Talli,,hamlet,,Almora,29.85825,79.18057
7907371085,Basakhet,,hamlet,,Almora,29.60641,79.38287
7938574019,Basan,,village,,Almora,29.52356,79.78568
8075320967,Basarbagar,,hamlet,,Almora,29.71422,79.20325
342102348,Basauli,,village,,Almora,29.51752,80.00244
8074913573,Basauli,,hamlet,,Almora,29.63769,79.12597
7933305763,Basbhira,,hamlet,,Almora,29.90355,79.16525
8083039169,Basela,,hamlet,,Almora,29.52410,79.22311
7904329425,Basera,,village,,Almora,29.73668,79.40699
7934666381,Baseri Basnal,,hamlet,,Almora,29.75464,79.23303
7934666382,Baseri Purani,,hamlet,,Almora,29.75564,79.24389
8075320961,Basi Simar,,hamlet,,Almora,29.73442,79.19819
7904714638,Baskaniya,,hamlet,,Almora,29.69314,79.37601
7908862833,Basoli,,hamlet,,Almora,29.51551,79.99897
342109928,Basot,,village,,Almora,29.65485,79.26224
7938420684,Bast,,hamlet,,Almora,29.50606,79.82651
7904213583,Basulisera,,hamlet,,Almora,29.72775,79.48572
7889759032,Bateswari,,village,,Almora,29.48393,79.72375
342102369,Batoli,,village,,Almora,29.51477,80.05738
342109277,Batori,,village,,Almora,29.52301,79.47785
342108840,Batrojkhan,,village,,Almora,29.59580,79.30207
7904790215,Bauli,,hamlet,,Almora,29.72563,79.32253
7934821236,Bauligaon,,hamlet,,Almora,29.85496,79.19986
8083026246,Baur Malla,,hamlet,,Almora,29.59424,79.16955
8083026247,Baur Talla,,village,,Almora,29.59964,79.17091
8083025314,Baurar,,hamlet,,Almora,29.55339,79.17027
8075320936,Bauri,,hamlet,,Almora,29.72188,79.22454
8075321043,Bawali Malli,,hamlet,,Almora,29.68309,79.15898
8074532691,Bawali Talli,,hamlet,,Almora,29.68199,79.15145
7909217603,Bawari,,hamlet,,Almora,29.76486,79.62547
7913528225,Bayala,,hamlet,,Almora,29.78265,79.57925
7904714669,Bayera Malla,,hamlet,,Almora,29.74776,79.35298
7904714670,Bayera Talla,,hamlet,,Almora,29.74262,79.34562
7905622482,Bayeri,,hamlet,,Almora,29.53650,79.44677
7905633306,Bayeri,,hamlet,,Almora,29.57913,79.42403
6418064752,Belakh,,hamlet,,Almora,29.55503,79.94494
7904790196,Belti,,hamlet,,Almora,29.72412,79.27760
7931305533,Bersal,,hamlet,,Almora,29.90967,79.21357
7931305531,Besnalgaon,,village,,Almora,29.90510,79.22179
7931305538,Betandhar,,hamlet,,Almora,29.92647,79.22241
7941783220,Bewalgaon,,village,,Almora,29.69502,79.80145
2383051846,Bhabar,,hamlet,,Almora,29.93705,79.21667
7933927447,Bhagalwari,,hamlet,,Almora,29.87768,79.09251
7941682718,Bhagartola,,village,,Almora,29.64185,79.87344
7904561594,Bhagina,,hamlet,,Almora,29.67565,79.37859
7934845516,Bhagoliya Dhura,,village,,Almora,29.76769,79.19392
8039627950,Bhagtola,,hamlet,,Almora,29.81360,79.42583
7904553980,Bhagwati Ratula,,hamlet,,Almora,29.65242,79.39489
6415180098,Bhaina,,hamlet,,Almora,29.62177,79.80217
7938361429,Bhaina,,village,,Almora,29.59829,79.81681
8039627949,Bhainar,,hamlet,,Almora,29.81116,79.42798
342105175,Bhainsaragaon,,village,,Almora,29.79080,79.65500
7908812867,Bhainsari,,hamlet,,Almora,29.54903,79.98246
7908862836,Bhainsari,,hamlet,,Almora,29.54196,79.98635
8039385053,Bhainsigar,,hamlet,,Almora,29.89043,79.43205
8082585316,Bhainsiya Solan,,hamlet,,Almora,29.64193,79.09779
8062497057,Bhainskhet,,hamlet,,Almora,29.73634,79.19083
7908991266,Bhainsora,,hamlet,,Almora,29.51514,79.85177
7934666376,Bhainsora,,hamlet,,Almora,29.76458,79.20801
8074913527,Bhairaba Khali,,hamlet,,Almora,29.63840,79.21490
342111975,Bhakhora,,village,,Almora,29.83887,79.19358
8083049088,Bhakrakot,,hamlet,,Almora,29.56855,79.10978
7938533219,Bhalyua,,village,,Almora,29.56801,79.75488
6415233078,Bhamantiwari,,hamlet,,Almora,29.65588,79.73513
7904921100,Bhameriya,,hamlet,,Almora,29.63635,79.29000
7908557509,Bhanar,,hamlet,,Almora,29.78809,79.64019
7904213569,Bhandargaon,,village,,Almora,29.73349,79.46609
7889759024,Bhanginyoli,,village,,Almora,29.49016,79.71424
7908938316,Bhanli,,hamlet,,Almora,29.53193,79.92002
342102245,Bhanoli,,village,,Almora,29.50378,79.93515
7936334929,Bhanoriya Kahrku,,hamlet,,Almora,29.86272,79.14126
8039660029,Bhanotiya,,hamlet,,Almora,29.93493,79.33861
7931305537,Bhanriya,,hamlet,,Almora,29.92251,79.23117
7908561619,Bhararagaon,,hamlet,,Almora,29.79634,79.65217
7904260062,Bhargaon,,hamlet,,Almora,29.69104,79.42532
7905578227,Bhargaon,,hamlet,,Almora,29.59693,79.47196
7931305500,Bharsali,,hamlet,,Almora,29.89587,79.22147
8039279611,Bhataura,,village,,Almora,29.79527,79.48482
7938508479,Bhatgaon,,hamlet,,Almora,29.58667,79.76551
7905571824,Bhatkot,,hamlet,,Almora,29.69286,79.91897
8074913531,Bhatoli,,hamlet,,Almora,29.63103,79.21844
8083026223,Bhatoli,,hamlet,,Almora,29.57547,79.14577
342108934,Bhaturiya,,hamlet,,Almora,29.67938,79.41438
8045722704,Bhaunra,,village,,Almora,29.75896,79.43366
7905622833,Bhauraknalla,,hamlet,,Almora,29.63422,79.91334
7931305514,Bhelipar,,hamlet,,Almora,29.91788,79.24114
7938508480,Bhenta,,village,,Almora,29.59217,79.76937
7904213574,Bhet,,village,,Almora,29.71472,79.46321
7908426669,Bheta,,hamlet,,Almora,29.81393,79.63337
7938439194,Bheta,,village,,Almora,29.52655,79.79892
342109688,Bhikia Sain,,village,,Almora,29.69605,79.26499
7934143802,Bhikot,,hamlet,,Almora,29.75540,79.11390
8083026256,Bhino,,hamlet,,Almora,29.60427,79.15623
8082585290,Bhirokholi,,hamlet,,Almora,29.66069,79.09172
8074913528,Bhirowa,,hamlet,,Almora,29.63952,79.21093
7905604501,Bhitar,,hamlet,,Almora,29.61428,79.43158
7905578195,Bhohargaon,,hamlet,,Almora,29.51230,79.48744
7904921121,Bhonali,,hamlet,,Almora,29.62559,79.29069
7934821215,Bhoti,,village,,Almora,29.82910,79.17997
7938508478,Bhramtana,,village,,Almora,29.59611,79.76583
7904553970,Bhuina,,hamlet,,Almora,29.63553,79.39291
342109286,Bhujan,,village,,Almora,29.51202,79.47785
7905578194,Bhujan,,hamlet,,Almora,29.51015,79.47857
7941682711,Bhujyura,,hamlet,,Almora,29.64364,79.85009
342105197,Bhulagaon,,hamlet,,Almora,29.80031,79.68021
8075321009,Bhulbagar,,hamlet,,Almora,29.74741,79.17268
8074913584,Bhyari Malli,,village,,Almora,29.65800,79.13284
8074913585,Bhyari Talli,,hamlet,,Almora,29.65858,79.12448
8075320929,Bijkholi,,hamlet,,Almora,29.70145,79.24176
7934666370,Bijoli,,hamlet,,Almora,29.78229,79.21464
7909216534,Bijoriya,,village,,Almora,29.83562,79.58994
7931305499,Bijran,,village,,Almora,29.88679,79.21087
8039660039,Bijrani,,hamlet,,Almora,29.94224,79.34109
7905571822,Bijrau,,hamlet,,Almora,29.68220,79.94657
8075320979,Bijwan,,hamlet,,Almora,29.69345,79.24378
7905633303,Billekh,,hamlet,,Almora,29.56166,79.42047
7913528233,Bilori,,hamlet,,Almora,29.77462,79.57717
7894329459,Bina,,hamlet,,Almora,29.88706,79.36340
7908455728,Binasar,,hamlet,,Almora,29.82803,79.68189
7938439186,Binaula Malla,,village,,Almora,29.50057,79.81552
7938439187,Binaula Talla,,village,,Almora,29.50438,79.81507
7908906680,Binikhet,,hamlet,,Almora,29.58861,79.90959
7904921092,Binoli,,hamlet,,Almora,29.64616,79.27003
7934668286,Binoli,,hamlet,,Almora,29.78036,79.24546
8074905512,Binoli,,village,,Almora,29.66667,79.20299
342106298,Binsar,,hamlet,,Almora,29.70017,79.74976
342106309,Binsar,,hamlet,,Almora,29.66995,79.70993
7941781290,Binsar,,hamlet,,Almora,29.69670,79.75381
8039247818,Binta,,village,,Almora,29.78144,79.48980
8075321013,Biralgaon Talla,,hamlet,,Almora,29.74308,79.15448
7909345300,Biraluwa,,hamlet,,Almora,29.79425,79.60455
6419718521,Biraura,,hamlet,,Almora,29.60100,79.71444
7936332609,Birkhal,,hamlet,,Almora,29.80794,79.15819
342102285,Birkham,,village,,Almora,29.47451,79.85123
2518638985,Birkola,,hamlet,,Almora,29.55831,79.98925
342109995,Bironkhal,,village,,Almora,29.65325,79.10185
7934668303,Birot,,hamlet,,Almora,29.81700,79.22494
7905633302,Bisalkot,,hamlet,,Almora,29.57062,79.43789
7904714616,Bisauriya,,hamlet,,Almora,29.64459,79.35375
8075320964,Bisht Bakhali,,hamlet,,Almora,29.72404,79.20871
7904213559,Bisht Kutoli,,hamlet,,Almora,29.69968,79.48059
7936332606,Bisrakhet,,hamlet,,Almora,29.82354,79.15684
8075321050,Bitari,,hamlet,,Almora,29.66714,79.17986
7934821225,Bitori,,hamlet,,Almora,29.84561,79.16832
7904213561,Biwal,,hamlet,,Almora,29.70339,79.48147
8045561085,Boharagaon,,village,,Almora,29.87096,79.30466
7931305532,Bohargaon,,hamlet,,Almora,29.90817,79.21067
7933927449,Bojwa,,hamlet,,Almora,29.87321,79.11002
7905622820,Bolika,,hamlet,,Almora,29.65882,79.90992
7941630583,Bora,,village,,Almora,29.66747,79.85594
8045672529,Boragaon,,village,,Almora,29.89803,79.35693
8081759585,Boragaon,,hamlet,,Almora,29.69800,79.10770
7938303405,Bot,,hamlet,,Almora,29.54761,79.86087
7904714672,Budhina,,hamlet,,Almora,29.72503,79.34245
7938368570,Budhmanya,,village,,Almora,29.56633,79.79604
7938368559,Bughan,,hamlet,,Almora,29.54632,79.81127
7934845517,Bughani,,village,,Almora,29.75994,79.20121
7908906679,Bunga,,hamlet,,Almora,29.58951,79.90082
7909218031,Bunga,,hamlet,,Almora,29.81199,79.61940
8075320968,Bunga,,hamlet,,Almora,29.71773,79.19721
8075320943,Bungi Dhar,,hamlet,,Almora,29.73230,79.22673
342108424,Bunkhal,,village,,Almora,29.58069,79.15787
7913614741,Buraijar,,hamlet,,Almora,29.76551,79.51634
7933927448,Buruspani,,hamlet,,Almora,29.87872,79.08272
7904213580,But Kolli,,hamlet,,Almora,29.72130,79.49098
8045342026,CT,,hamlet,,Almora,29.75883,79.30720
7934668296,Chacharoti,,village,,Almora,29.79436,79.22001
342102265,Chageti,,village,,Almora,29.50104,79.89945
7933305762,Chakragaon,,village,,Almora,29.90147,79.15111
342106269,Chalmorigara,,village,,Almora,29.57245,79.90906
7938368562,Chalnichhina,,hamlet,,Almora,29.55498,79.80563
7904553983,Chalsiya,,hamlet,,Almora,29.65160,79.37941
7908938286,Chalthi,,hamlet,,Almora,29.61346,79.88455
7904714640,Chamdoli,,hamlet,,Almora,29.69838,79.34741
7904714650,Chamdoli,,hamlet,,Almora,29.67508,79.36418
8074913536,Chameri,,hamlet,,Almora,29.62859,79.19836
7938361439,Chami,,village,,Almora,29.60738,79.81276
8074913544,Chamkana,,village,,Almora,29.65680,79.18301
8075320975,Chamkhala,,hamlet,,Almora,29.68951,79.21372
7904213553,Chamna,,hamlet,,Almora,29.69602,79.47261
7905604495,Chamoli,,hamlet,,Almora,29.59932,79.44096
7931305536,Chamyari Malli,,hamlet,,Almora,29.91767,79.22638
7931305535,Chamyari Talli,,hamlet,,Almora,29.91222,79.22872
7931305518,Chanan,,village,,Almora,29.86860,79.23057
342105129,Chanauda,,hamlet,,Almora,29.80728,79.61380
8039272371,Chanauli,,hamlet,,Almora,29.92398,79.48443
7904260043,Chandanpur,,hamlet,,Almora,29.74675,79.42283
7908957222,Chandiya,,hamlet,,Almora,29.51346,79.87803
7904213562,Channa,,hamlet,,Almora,29.70433,79.47347
342108882,Channagolu,,village,,Almora,29.70841,79.47098
7904921101,Chanoli,,village,,Almora,29.63763,79.29535
7904921135,Chanoli,,hamlet,,Almora,29.65845,79.25125
7913528221,Chanoli,,hamlet,,Almora,29.78159,79.56153
7938508470,Chanoli,,village,,Almora,29.62493,79.75984
8039738151,Chantar Khani,,hamlet,,Almora,29.95203,79.27584
7904790214,Chapar,,hamlet,,Almora,29.72283,79.32914
7905578187,Chapar,,hamlet,,Almora,29.52123,79.47098
8075291302,Charban,,hamlet,,Almora,29.61465,79.19691
342106710,Charchalikhan,,hamlet,,Almora,29.66309,79.89945
7905622819,Charchalikhan,,hamlet,,Almora,29.66341,79.90562
8039627955,Chari,,village,,Almora,29.82471,79.45053
8083039164,Chari,,hamlet,,Almora,29.53740,79.22915
8074913567,Charnar,,hamlet,,Almora,29.62447,79.13911
8075321023,Charoch,,hamlet,,Almora,29.71841,79.16815
7941766975,Chaturbhoi,,village,,Almora,29.64593,79.77158
7905578225,Chaubattja,,village,,Almora,29.61451,79.45875
7904827666,Chaugaon,,hamlet,,Almora,29.69786,79.32717
7904213542,Chaukani,,hamlet,,Almora,29.67806,79.46364
342109601,Chaukhutia,,village,,Almora,29.88560,79.35188
8039660035,Chaukori,,hamlet,,Almora,29.92338,79.35071
7894384216,Chaukuna,,village,,Almora,29.48219,79.87209
342102820,Chaukutia,,village,,Almora,29.50653,79.76349
7938508474,Chauleti,,village,,Almora,29.61130,79.76415
7938517187,Chauleti,,hamlet,,Almora,29.61965,79.78441
342105433,Chauna,,village,,Almora,29.58481,79.49570
7908957241,Chauna,,hamlet,,Almora,29.60167,79.87576
7931305516,Chauna,,village,,Almora,29.88847,79.24683
8075320939,Chauna,,hamlet,,Almora,29.72128,79.23222
7904790204,Chauniayo,,hamlet,,Almora,29.73947,79.28824
6418904283,Chaunsali,,village,,Almora,29.56119,79.60925
7933927444,Chauparalagaon,,hamlet,,Almora,29.88836,79.08573
7889759029,Chauprakan,,hamlet,,Almora,29.47257,79.72313
7904260046,Chaura,,village,,Almora,29.73546,79.43810
7908566958,Chaura,,hamlet,,Almora,29.78732,79.64931
7908938297,Chaura,,hamlet,,Almora,29.60602,79.94320
342109435,Chaurakhal,,village,,Almora,29.77707,79.30893
7908938324,Chauri Gad,,hamlet,,Almora,29.51575,79.93138
7894384217,Chauriya,,village,,Almora,29.49475,79.87936
7908957239,Chausala,,hamlet,,Almora,29.56896,79.88271
342102837,Chayakhan,,village,,Almora,29.51614,79.75800
7904260051,Chhabsiya,,hamlet,,Almora,29.72980,79.45450
7904213575,Chhana,,hamlet,,Almora,29.70826,79.46227
6415233077,Chhani,,hamlet,,Almora,29.64845,79.74204
7909271925,Chhani,,hamlet,,Almora,29.83015,79.59788
7934668299,Chhani,,hamlet,,Almora,29.80773,79.21956
7934668302,Chhani,,hamlet,,Almora,29.81980,79.21716
8082585309,Chharni,,hamlet,,Almora,29.64541,79.10789
7938574009,Chharonj,,village,,Almora,29.52610,79.76495
7904329428,Chhatgula,,village,,Almora,29.74568,79.40897
8075320969,Chhihanga,,hamlet,,Almora,29.71330,79.20961
8039731519,Chhipa,,hamlet,,Almora,29.95142,79.25664
7904921130,Chhoya,,hamlet,,Almora,29.63914,79.26466
8074532705,Chhoya,,hamlet,,Almora,29.70011,79.12959
7934845508,Chichaun,,village,,Almora,29.78037,79.17168
342106220,Chilchinna,,village,,Almora,29.54423,79.85820
7908957234,Chilgaon,,hamlet,,Almora,29.54475,79.90520
7904260050,Chillgaon,,hamlet,,Almora,29.73356,79.45943
342108906,Chilyanaula,,village,,Almora,29.66034,79.41056
2518388841,Chimkholi,,hamlet,,Almora,29.60635,79.98461
342108404,Chimtakhal,,village,,Almora,29.58481,79.08371
7931557720,Chinkhanda,,village,,Almora,29.86653,79.19681
7931305555,Chintoli,,hamlet,,Almora,29.96761,79.24099
6415233332,Chirala,,hamlet,,Almora,29.64716,79.72905
7908814984,Chirola,,hamlet,,Almora,29.61035,79.96802
8039627953,Chitaili,,hamlet,,Almora,29.82102,79.41487
7904260048,Chitalgaon,,hamlet,,Almora,29.72894,79.44029
8039627937,Chitreshwar,,hamlet,,Almora,29.81713,79.41454
7908938308,Chupara,,hamlet,,Almora,29.56558,79.94760
7908991272,Chupra,,hamlet,,Almora,29.54272,79.84363
8083026217,Chwin,,hamlet,,Almora,29.55679,79.15932
8083026219,Chwin,,hamlet,,Almora,29.56268,79.15918
7904213573,Chyali,,hamlet,,Almora,29.71465,79.47235
8083039172,Dabara,,hamlet,,Almora,29.53304,79.19536
7904921110,Dabhar,,hamlet,,Almora,29.66268,79.29827
8074913521,Dabhara,,village,,Almora,29.64915,79.20370
7938533214,Dabri,,village,,Almora,29.54244,79.76364
7904213547,Dadgalya,,hamlet,,Almora,29.67200,79.48570
8074913541,Dadheriya,,hamlet,,Almora,29.64882,79.18883
8043876739,Dadholi,,village,,Almora,29.75892,79.42748
7904714624,Dadhuli,,hamlet,,Almora,29.63974,79.36676
6612783973,Dadimi,,village,,Almora,29.70208,79.18074
7907588743,Daduli,,village,,Almora,29.62010,79.27222
8074913586,Dahala,,hamlet,,Almora,29.66415,79.14304
6418067703,Daheli,,village,,Almora,29.55508,79.91714
8039627941,Dahgera,,hamlet,,Almora,29.80006,79.41682
342105884,Dal,,village,,Almora,29.58076,79.60807
7938508477,Dalakot,,village,,Almora,29.60359,79.75398
5432482099,Dalar,,hamlet,,Almora,29.69067,79.72619
7904790191,Dalmon,,hamlet,,Almora,29.74254,79.27642
7938303416,Damariya,,hamlet,,Almora,29.51378,79.86307
8075321038,Danasari,,hamlet,,Almora,29.70630,79.16609
7980859243,Dandagaon,,hamlet,,Almora,29.74553,79.12072
8075321017,Dandagaon,,hamlet,,Almora,29.72959,79.15679
7907588742,Dang,,hamlet,,Almora,29.61436,79.25945
8075321058,Dangula,,hamlet,,Almora,29.66279,79.17822
8075320988,Dangwal Bakhali,,hamlet,,Almora,29.67002,79.20897
342105540,Dani,,hamlet,,Almora,29.61365,79.61243
342106259,Daniya,,village,,Almora,29.57108,79.92691
8075320917,Dannali,,hamlet,,Almora,29.64169,79.23597
8075320990,Danyura,,hamlet,,Almora,29.67353,79.21098
8083026233,Danyura,,hamlet,,Almora,29.58984,79.14419
7938420680,Darmani,,hamlet,,Almora,29.52293,79.81623
7904260059,Darmar,,hamlet,,Almora,29.69625,79.43195
6415326790,Dasaun,,village,,Almora,29.59471,79.75618
7908938312,Dasili Dhar,,hamlet,,Almora,29.54805,79.91953
342106726,Dasphar,,village,,Almora,29.57382,79.84177
7904790194,Daub,,hamlet,,Almora,29.73845,79.26430
342109446,Daula,,village,,Almora,29.79080,79.30756
7908812870,Daulachitola,,hamlet,,Almora,29.57664,79.96140
7908938318,Dauligad,,hamlet,,Almora,29.53866,79.95308
7905604491,Daun,,hamlet,,Almora,29.57193,79.45390
7904714642,Daunda,,hamlet,,Almora,29.66920,79.35659
7905578222,Daurab,,hamlet,,Almora,29.57105,79.47488
7889759012,Daw,,hamlet,,Almora,29.43315,79.74482
7904790210,Dayauna,,hamlet,,Almora,29.72995,79.29133
342107464,Deghat,,village,,Almora,29.90059,79.22323
7905578236,Deholi,,hamlet,,Almora,29.61812,79.49304
342106028,Deolikhan,,village,,Almora,29.63287,79.53964
7938368556,Deopar,,hamlet,,Almora,29.55099,79.82314
6415233027,Deora,,hamlet,,Almora,29.64392,79.71632
8075320921,Deorori,,hamlet,,Almora,29.65995,79.22942
8075321015,Deotal Bakhali,,hamlet,,Almora,29.73763,79.15845
7908991279,Deotali,,hamlet,,Almora,29.58895,79.86923
8074532710,Devikhal,,hamlet,,Almora,29.70564,79.13227
7904790189,Devkana,,hamlet,,Almora,29.74744,79.26870
7904714615,Devlikhet,,hamlet,,Almora,29.63944,79.35307
8039247816,Dewaldhargaon,,village,,Almora,29.76726,79.49600
7938303407,Dewali,,hamlet,,Almora,29.52567,79.83170
7938420679,Dewali,,hamlet,,Almora,29.52014,79.82293
7938439190,Dewali,,village,,Almora,29.51396,79.80194
7907588749,Dewarpakhi,,village,,Almora,29.59906,79.28063
342109940,Dewarpani,,village,,Almora,29.60305,79.26361
8074913560,Dewayal,,village,,Almora,29.63856,79.15487
8062497058,Dhadoli,,hamlet,,Almora,29.73817,79.18619
342109572,Dhalikhet,,village,,Almora,29.64249,79.34464
7941783222,Dhalle Chhani,,village,,Almora,29.70410,79.80853
7904260074,Dhamaijar,,hamlet,,Almora,29.63191,79.42240
342105906,Dhamas,,village,,Almora,29.60266,79.58634
8039247811,Dhamauli,,hamlet,,Almora,29.75888,79.48359
7938361436,Dhamoli,,village,,Almora,29.60456,79.79482
7909345298,Dhamuk Joshi,,hamlet,,Almora,29.79326,79.59957
7905622811,Dhan Bagar Salla,,hamlet,,Almora,29.69614,79.90673
8083026253,Dhanas,,hamlet,,Almora,29.59975,79.12726
7934821203,Dhaneta Malla,,hamlet,,Almora,29.79883,79.17199
7934821202,Dhaneta Talla,,hamlet,,Almora,29.80101,79.18589
7904213572,Dhankalgaon,,village,,Almora,29.71799,79.48001
7941682720,Dhankhali,,hamlet,,Almora,29.66083,79.86842
7904921099,Dhanoli,,village,,Almora,29.64081,79.29054
7934668300,Dhanpat,,hamlet,,Almora,29.80574,79.22428
7907546567,Dhanpo,,village,,Almora,29.59908,79.29447
7904329413,Dhanyari,,hamlet,,Almora,29.71232,79.40495
7913528229,Dhanyari,,hamlet,,Almora,29.78334,79.60691
7908938305,Dhar,,hamlet,,Almora,29.58380,79.92459
342106719,Dharadi Bend,,village,,Almora,29.70017,79.81430
7904921104,Dharar,,hamlet,,Almora,29.63693,79.30773
342105555,Dhari,,village,,Almora,29.60816,79.60419
7904329403,Dhari,,hamlet,,Almora,29.68373,79.40865
7908938295,Dhari,,hamlet,,Almora,29.61536,79.95075
8039247819,Dhari,,village,,Almora,29.78151,79.48576
7938368558,Dharigad,,hamlet,,Almora,29.54389,79.83095
7904921096,Dharigaon,,hamlet,,Almora,29.65077,79.28471
8039320778,Dharkharak,,hamlet,,Almora,29.93813,79.43332
7931557736,Dharkot,,village,,Almora,29.92375,79.20108
7904921122,Dharmari,,hamlet,,Almora,29.63068,79.28042
7904714665,Dharpat,,hamlet,,Almora,29.70528,79.33618
8039320774,Dhaulani,,hamlet,,Almora,29.92344,79.42493
7909287595,Dhaular,,hamlet,,Almora,29.80097,79.60535
7909271923,Dhaulara,,hamlet,,Almora,29.82311,79.60449
342106591,Dhaulchhina,,village,,Almora,29.67407,79.78272
8039627942,Dhaun,,hamlet,,Almora,29.79215,79.42750
7889815775,Dhauna,,hamlet,,Almora,29.49318,79.69020
7941790018,Dhauni Malli,,village,,Almora,29.65069,79.82069
8075321047,Dhaunpari,,hamlet,,Almora,29.67091,79.15763
6419717024,Dhaura,,village,,Almora,29.57734,79.67347
7934668305,Dhigoli,,hamlet,,Almora,29.82966,79.21473
7934821211,Dhika,,village,,Almora,29.81073,79.18417
342106643,Dholadevi,,village,,Almora,29.57866,79.87829
7904790216,Dhuga,,hamlet,,Almora,29.73867,79.31305
7908557508,Dhumanagaon,,village,,Almora,29.78513,79.63655
7938368565,Dhungne,,village,,Almora,29.56424,79.81634
7904763974,Dhura,,hamlet,,Almora,29.68451,79.26408
7908846686,Dhura,,hamlet,,Almora,29.61727,79.96605
7938574010,Dhura,,village,,Almora,29.52227,79.75903
8074913545,Dhura,,hamlet,,Almora,29.65433,79.17845
8083026225,Dhura,,hamlet,,Almora,29.61168,79.23729
7908846687,Dhura Lagatak,,hamlet,,Almora,29.61988,79.96414
7905571820,Dhura Nali,,hamlet,,Almora,29.67709,79.93893
7908991268,Dhurka,,hamlet,,Almora,29.53239,79.86239
342102342,Dhyari,,village,,Almora,29.53262,79.99008
7908561618,Digara,,hamlet,,Almora,29.79717,79.64674
7904213558,Digoti,,hamlet,,Almora,29.69182,79.49836
8045672535,Dikhot,,village,,Almora,29.89390,79.35745
7905578193,Dina,,hamlet,,Almora,29.50984,79.49355
7904561595,Dinga,,hamlet,,Almora,29.67239,79.37888
7938574022,Dinithal,,village,,Almora,29.53247,79.78437
8075320989,Diyali,,hamlet,,Almora,29.67649,79.21428
7905633305,Diyalkhet,,hamlet,,Almora,29.57637,79.42858
7908991282,Diyarbagar,,hamlet,,Almora,29.60029,79.85159
8074913565,Diyuna,,village,,Almora,29.61410,79.15894
7908957224,Dob,,hamlet,,Almora,29.50817,79.89299
6418904629,Doba,,hamlet,,Almora,29.55600,79.59456
342106013,Dobra,,village,,Almora,29.62189,79.53964
342106232,Dolam,,village,,Almora,29.55734,79.84177
342111867,Dotiyaal,,village,,Almora,29.76059,79.16886
7904714618,Dubhana,,hamlet,,Almora,29.64812,79.33700
8075320966,Dubli Patal,,hamlet,,Almora,29.71904,79.20784
7931305522,Dubliyakot,,village,,Almora,29.88264,79.23548
7938574020,Dubrauli,,village,,Almora,29.52884,79.78483
8039747681,Dudhliya Manral,,hamlet,,Almora,29.92742,79.30466
7936332610,Dudori,,hamlet,,Almora,29.80855,79.15061
7904213578,Dugaura,,hamlet,,Almora,29.70962,79.49482
7904213577,Dugaurakot,,hamlet,,Almora,29.70727,79.49123
8075320982,Dugoli,,hamlet,,Almora,29.67937,79.24505
8075320994,Dugolibag,,hamlet,,Almora,29.68482,79.19721
8074913535,Dugtiyasera,,hamlet,,Almora,29.62835,79.20255
7904921097,Dumdoli,,hamlet,,Almora,29.65364,79.28963
7904921120,Dumna,,hamlet,,Almora,29.62795,79.29498
342105038,Dunagiri,,village,,Almora,29.80316,79.45038
7908991276,Dunar,,hamlet,,Almora,29.56476,79.86743
8083039152,Dungakhan,,hamlet,,Almora,29.57814,79.22188
8083039153,Dungamohan,,hamlet,,Almora,29.58490,79.21471
7913528224,Dungarakot,,hamlet,,Almora,29.78215,79.57410
7934666372,Dungari,,hamlet,,Almora,29.77585,79.22121
7913699508,Dungari Auliya,,hamlet,,Almora,29.78546,79.52962
7913699509,Dungari Harnwal,,hamlet,,Almora,29.78784,79.53481
342102255,Dungra,,village,,Almora,29.50378,79.91730
7904763984,Dungra,,hamlet,,Almora,29.71929,79.25353
8075320938,Dungra,,hamlet,,Almora,29.72060,79.24661
8081838511,Dungra,,hamlet,,Almora,29.63672,79.10274
6415178853,Dungri,,hamlet,,Almora,29.61852,79.73424
8075291312,Dungri,,hamlet,,Almora,29.63779,79.23521
7941678899,Dungriakh,,hamlet,,Almora,29.69558,79.86634
7904714631,Duni,,hamlet,,Almora,29.65988,79.35584
342105030,Dwārāhāt,,village,,Almora,29.77570,79.43115
7934845514,Dyakichar,,village,,Almora,29.77485,79.19454
6418064483,Dyar Kholi,,hamlet,,Almora,29.55004,79.95106
7941766984,Dyari,,village,,Almora,29.65886,79.80662
7904260035,Dyotar Guth,,hamlet,,Almora,29.71363,79.42626
7936334939,Ekuraula,,hamlet,,Almora,29.84323,79.13463
342107455,Fatehpur,फ़तेहपुर,village,,Almora,29.89105,79.22516
342106744,Gadapani,,hamlet,,Almora,29.56009,79.69757
7938361434,Gadhauli,,village,,Almora,29.59706,79.79559
7931305509,Gadhera,,hamlet,,Almora,29.93188,79.24541
7934821226,Gadhera,,hamlet,,Almora,29.85535,79.17568
7941755863,Gadhera,,hamlet,,Almora,29.70919,79.80859
7904714662,Gadhyura,,hamlet,,Almora,29.69301,79.34090
7934821204,Gadsari,,hamlet,,Almora,29.79250,79.16759
342105460,Gagaas,,village,,Almora,29.69330,79.45862
8075320991,Gahana,,hamlet,,Almora,29.67486,79.21960
7904763983,Gahanahit,,hamlet,,Almora,29.71463,79.25565
7941678900,Gainar,,hamlet,,Almora,29.70168,79.87430
8039385042,Gair,,hamlet,,Almora,29.85081,79.43639
7907371086,Gairar,,village,,Almora,29.60357,79.39970
7908991283,Gairar,,hamlet,,Almora,29.60533,79.86018
8039627952,Gairar,,hamlet,,Almora,29.81386,79.41982
7904921107,Gairgaon,,hamlet,,Almora,29.65356,79.30172
8039747678,Gaja,,hamlet,,Almora,29.91975,79.29889
7889759035,Gajar,,hamlet,,Almora,29.46064,79.74267
8045561098,Gajar,,village,,Almora,29.90493,79.30962
8039268688,Gajjar Malla,,hamlet,,Almora,29.95073,79.46684
7938533223,Gajlakot,,village,,Almora,29.55429,79.77973
7934668292,Galgaon,,hamlet,,Almora,29.80140,79.23634
6418065694,Galli,,hamlet,,Almora,29.55611,79.96314
7908862826,Galli,,hamlet,,Almora,29.50797,79.95914
7908577863,Gananath,,hamlet,,Almora,29.76561,79.67880
7938303400,Gandak,,village,,Almora,29.62268,79.83222
8082587617,Gangasan,,hamlet,,Almora,29.64170,79.08347
7904561596,Gangora,,hamlet,,Almora,29.66260,79.39242
7904763963,Gangora,,hamlet,,Almora,29.66947,79.29243
342108892,Ganiatoli,,village,,Almora,29.64111,79.41468
7934334057,Ganjar,,hamlet,,Almora,29.85427,79.11002
7904714643,Ganoli,,hamlet,,Almora,29.67236,79.35667
7933313985,Garhkot,,hamlet,,Almora,29.89386,79.14628
7905578232,Gari,,hamlet,,Almora,29.58704,79.49179
8039385043,Garjiya,,hamlet,,Almora,29.85250,79.43109
7997235844,Garkot malla,,hamlet,,Almora,29.73630,79.13093
7997449406,Garkot talla,,hamlet,,Almora,29.72799,79.12063
342106660,Garurabanj,,village,,Almora,29.59992,79.83628
7997449404,Gathiya,,hamlet,,Almora,29.71780,79.12789
7904763952,Gatoli,,hamlet,,Almora,29.68596,79.32745
7938574007,Gaujali,,village,,Almora,29.53698,79.75991
6418066021,Gauli,,hamlet,,Almora,29.56028,79.92247
7938574006,Gaulkot,,village,,Almora,29.53400,79.77003
8075320959,Gaurigaon,,hamlet,,Almora,29.74182,79.18105
7931305511,Gaya,,hamlet,,Almora,29.92632,79.23546
8074532714,Gelua Danda,,hamlet,,Almora,29.71561,79.14454
8074913550,Ghachkot,,hamlet,,Almora,29.64472,79.16619
8083025315,Ghajira,,hamlet,,Almora,29.56602,79.17292
6411875868,Ghaneli,,hamlet,,Almora,29.64085,79.64653
7934666378,Ghanetiya Palnapa,,hamlet,,Almora,29.75881,79.22970
8075320997,Ghangli,,hamlet,,Almora,29.68425,79.20600
7931557730,Ghaniyal,,village,,Almora,29.90766,79.18211
7933305755,Ghaniyal,,village,,Almora,29.89920,79.13150
7934668316,Ghaniyal,,hamlet,,Almora,29.85408,79.24344
8074913553,Ghaniyal,,hamlet,,Almora,29.62972,79.17415
8075291310,Gharkheton,,hamlet,,Almora,29.62698,79.22587
7934334056,Ghatabagar,,hamlet,,Almora,29.85896,79.11695
342109953,Ghatti,,village,,Almora,29.60678,79.26361
7908938323,Ghatyuri,,hamlet,,Almora,29.52035,79.94562
8083025316,Ghejira,,hamlet,,Almora,29.57060,79.16845
7905578228,Ghingari,,hamlet,,Almora,29.58861,79.47540
342105474,Ghinghari Khal,,village,,Almora,29.66446,79.46411
342106180,Ghora Aditya,,village,,Almora,29.52576,79.87747
7889759011,Ghoriya,,hamlet,,Almora,29.43756,79.73753
7931557729,Ghughtigaon,,village,,Almora,29.90348,79.18945
7904329422,Ghune,,hamlet,,Almora,29.72969,79.38302
7941678889,Ghunyoli,,hamlet,,Almora,29.68514,79.85801
7997235845,Ghuradhung malla,,hamlet,,Almora,29.73768,79.11578
7997449407,Ghuradhung talla,,hamlet,,Almora,29.73429,79.12013
2383433309,Ghutsali,,hamlet,,Almora,29.95410,79.33519
7904213556,Ginali,,hamlet,,Almora,29.69162,79.47887
7908991274,Gingar,,hamlet,,Almora,29.55364,79.85057
8074913561,Gingre,,hamlet,,Almora,29.63202,79.15034
342109039,Ginta,,village,,Almora,29.58389,79.39189
7938508472,Girchola,,village,,Almora,29.61404,79.77291
7941781287,Giwainthal,,hamlet,,Almora,29.67094,79.78855
7934202342,Giwaipani Palla,,hamlet,,Almora,29.82181,79.11637
342108452,Godhi,,village,,Almora,29.56146,79.21829
8075320945,Gogina,,hamlet,,Almora,29.73176,79.21350
7936332601,Gognyani,,hamlet,,Almora,29.83184,79.14778
7941682712,Gojyura,,hamlet,,Almora,29.64487,79.84492
7931305528,Golana,,village,,Almora,29.89931,79.23121
8039385050,Golkhal,,hamlet,,Almora,29.87502,79.42682
5432591790,Gonap,,village,,Almora,29.70449,79.77225
7934821214,Googajhalla,,village,,Almora,29.82043,79.19042
7904213582,Gopha,,hamlet,,Almora,29.73069,79.48046
7913596642,Goragaon,,hamlet,,Almora,29.77648,79.50786
342105280,Govindpur,,village,,Almora,29.68506,79.56436
7933305759,Gudlekh,,hamlet,,Almora,29.87596,79.14615
7907588745,Gujargarhi,,village,,Almora,29.61122,79.27485
7936332615,Gular,,hamlet,,Almora,29.76851,79.13948
7904561593,Guloli,,hamlet,,Almora,29.67504,79.38918
7934821205,Gumti,,village,,Almora,29.79257,79.19111
7905622825,Gunari,,hamlet,,Almora,29.64317,79.88815
7934668312,Gunsira,,hamlet,,Almora,29.83659,79.22173
7908938304,Gunyola,,hamlet,,Almora,29.58574,79.94451
7904329426,Guptali,,hamlet,,Almora,29.74299,79.39315
7931305521,Gurana,,village,,Almora,29.87969,79.24102
7908991280,Gurara,,hamlet,,Almora,29.58962,79.83438
7938361428,Gurara Banj,,village,,Almora,29.60092,79.82666
7908991273,Gurauli,,hamlet,,Almora,29.54736,79.86863
7904213554,Gurtholi,,hamlet,,Almora,29.69493,79.46690
7909271918,Gurura,,hamlet,,Almora,29.81535,79.60919
8074886373,Gutharu Dhaiya,,hamlet,,Almora,29.69799,79.11635
7889815776,Gutholi,,village,,Almora,29.49822,79.68620
7934845507,Gwaithaya,,hamlet,,Almora,29.77980,79.17641
7907348181,Gwaldeh,,village,,Almora,29.61512,79.40650
7934821219,Gwali,,hamlet,,Almora,29.83335,79.19962
7936334933,Gwaligaon,,hamlet,,Almora,29.85146,79.13381
7938508484,Gwar,,village,,Almora,29.59617,79.78484
8039385057,Gwariyun,,hamlet,,Almora,29.91144,79.42132
7904921127,Gwelkhan,,hamlet,,Almora,29.62465,79.26322
7904714637,Hadpoli,,hamlet,,Almora,29.66370,79.34858
8075291304,Hanari,,hamlet,,Almora,29.61548,79.21830
7933305756,Hansli,,hamlet,,Almora,29.89321,79.12714
342108434,Harara,,village,,Almora,29.59717,79.19083
6417981600,Harara,,hamlet,,Almora,29.65802,79.94820
8083026244,Harda Tadiyal,,hamlet,,Almora,29.60216,79.18415
7904921102,Harnoli,,village,,Almora,29.63589,79.29737
7941790007,Hataula,,hamlet,,Almora,29.69778,79.82284
7904260037,Hatela,,hamlet,,Almora,29.71115,79.41678
342106151,Hatikhan,,village,,Almora,29.53262,79.75388
7889759031,Hatpal,,village,,Almora,29.47597,79.72995
7913528228,Hatyura,,hamlet,,Almora,29.77855,79.60968
7904921119,Hauvall,,hamlet,,Almora,29.62549,79.29897
342105501,Hawālbāgh,,village,,Almora,29.64386,79.63303
7904763976,Hikyasen,,village,,Almora,29.69970,79.26486
342109964,Hinaula,,village,,Almora,29.63974,79.14276
7905578202,Hirdam,,village,,Almora,29.53766,79.45935
8062497061,Holiya Bekhal,,hamlet,,Almora,29.74454,79.14768
7904790192,Inda,,hamlet,,Almora,29.73627,79.26788
7904763970,Inoli,,hamlet,,Almora,29.68135,79.25739
8074913533,Inton,,village,,Almora,29.62914,79.21652
7904714671,Ira,,village,,Almora,29.73446,79.34635
8075320934,Irakot,,hamlet,,Almora,29.70982,79.23331
7904219686,Irasera,,hamlet,,Almora,29.73673,79.48924
8039385051,Jabar,,hamlet,,Almora,29.88419,79.41849
7934821233,Jabhar,,hamlet,,Almora,29.85035,79.18244
7941682719,Jaduri,,hamlet,,Almora,29.66313,79.86131
8082585282,Jagdi,,hamlet,,Almora,29.67466,79.10965
342106691,Jageshwar,,village,,Almora,29.63837,79.85413
7931305513,Jaikhal,,hamlet,,Almora,29.92258,79.24767
7907371091,Jaina,,hamlet,,Almora,29.59260,79.38905
342109680,Jainal,,village,,Almora,29.73312,79.25537
7904790185,Jainal,,hamlet,,Almora,29.72574,79.25765
342109008,Jainoli,,village,,Almora,29.59717,79.45725
7904790187,Jainthkhola,,hamlet,,Almora,29.74679,79.24996
342108261,Jairaj,,village,,Almora,29.79492,79.14002
7941678888,Jairkot,,hamlet,,Almora,29.68768,79.85119
6442343736,Jaita,,hamlet,,Almora,29.70736,79.27621
7905604489,Jaiti,,hamlet,,Almora,29.60816,79.42652
7908938294,Jajar,,hamlet,,Almora,29.61980,79.94077
7907588741,Jakh,,hamlet,,Almora,29.61281,79.25277
8075291308,Jakh,,village,,Almora,29.61485,79.24678
7938574023,Jakh Tiwari,,village,,Almora,29.54006,79.77617
8074886372,Jakhal,,hamlet,,Almora,29.67824,79.11329
8074913539,Jakheni,,hamlet,,Almora,29.63631,79.18943
7938439192,Jakhi,,village,,Almora,29.52158,79.80010
7904553977,Jakholi,,hamlet,,Almora,29.64321,79.39066
7913614740,Jakli,,hamlet,,Almora,29.76184,79.51864
7904714664,Jal,,hamlet,,Almora,29.70330,79.34519
7909345299,Jal,,hamlet,,Almora,29.79136,79.60230
342109415,Jalali,,village,,Almora,29.75922,79.33777
6415326447,Jalbagari,,hamlet,,Almora,29.62856,79.77251
7907371098,Jalikhan,,hamlet,,Almora,29.57818,79.39462
7936334927,Jalikhan,,hamlet,,Almora,29.86071,79.12783
5257007521,Jallikhet,,hamlet,,Almora,29.69927,79.85757
342106736,Jalna,जालना,village,,Almora,29.54910,79.72092
7904329401,Jalori,,hamlet,,Almora,29.67721,79.40236
8075320995,Jalpao,,hamlet,,Almora,29.68322,79.19505
8039660034,Jamaniya,,village,,Almora,29.91867,79.35206
342102276,Jamar,,village,,Almora,29.48868,79.88709
7889759030,Jamar,,village,,Almora,29.46836,79.72049
7904260073,Jamar,,hamlet,,Almora,29.62975,79.42806
7904714674,Jamni,,village,,Almora,29.72037,79.35142
8082585286,Jamni,,hamlet,,Almora,29.66878,79.11266
7904790212,Jamoli,,hamlet,,Almora,29.72976,79.30983
8083049085,Jamriya,,village,,Almora,29.58968,79.08462
7904213551,Jana,,hamlet,,Almora,29.68362,79.48838
7904213555,Jana,,hamlet,,Almora,29.68946,79.48079
7931557719,Janarakhani,,village,,Almora,29.87360,79.18834
7938303402,Jantha,,hamlet,,Almora,29.57129,79.87352
8074913547,Jantra,,hamlet,,Almora,29.65585,79.16950
7904213549,Jarga,,hamlet,,Almora,29.67747,79.49084
7905577739,Jarkot,,hamlet,,Almora,29.63952,79.91890
7936334934,Jarpani,,hamlet,,Almora,29.84673,79.15061
7933927445,Jaskot,,village,,Almora,29.88490,79.10152
7934821218,Jaspur,,village,,Almora,29.82918,79.20134
8074532694,Jaspur Godi,,hamlet,,Almora,29.67684,79.13650
8074532700,Jaspur Kharer,,hamlet,,Almora,29.67916,79.12952
8074532696,Jaspur Kot,,hamlet,,Almora,29.67195,79.13858
8074532695,Jaspur Patwal,,hamlet,,Almora,29.67385,79.14759
8074532699,Jaspur Semal,,hamlet,,Almora,29.67987,79.13274
8074532692,Jaspur Sidh,,hamlet,,Almora,29.67493,79.14373
342111829,Jaulikhan,,village,,Almora,29.67407,79.15238
342107544,Jaurasi,,village,,Almora,29.87955,79.27390
342102484,Jayanti,,village,,Almora,29.48456,79.82529
7904714663,Jayura,,hamlet,,Almora,29.69404,79.33341
7938420682,Jeli,,village,,Almora,29.51379,79.81979
7936332611,Jhag,,hamlet,,Almora,29.80211,79.14409
7913596640,Jhalaniya,,hamlet,,Almora,29.77222,79.49765
7909297592,Jhaloll,,hamlet,,Almora,29.79470,79.60932
8074913568,Jhargaon,,hamlet,,Almora,29.61919,79.12004
8081838515,Jhargaon,,hamlet,,Almora,29.61462,79.11075
7938439191,Jharna,,village,,Almora,29.51378,79.79389
7889759034,Jheti,,village,,Almora,29.48023,79.73592
7934666380,Jhijhakot,,hamlet,,Almora,29.75613,79.21413
7904561589,Jhikariyaban,,hamlet,,Almora,29.68637,79.37335
342111857,Jhimar,,village,,Almora,29.74613,79.15525
7936332617,Jhimar,,hamlet,,Almora,29.75165,79.14950
8062497064,Jhimar,,hamlet,,Almora,29.74272,79.14304
8075320996,Jhimar,,hamlet,,Almora,29.68643,79.20306
8075321031,Jhipa,,hamlet,,Almora,29.69835,79.19299
342105090,Jhupulachaura,,village,,Almora,29.78620,79.56535
7931305525,Jilgad,,hamlet,,Almora,29.89423,79.23177
7905571817,Jingel,,hamlet,,Almora,29.66392,79.95805
7934821217,Jinruwa,,village,,Almora,29.83257,79.18327
7941678887,Jirnaili,,hamlet,,Almora,29.68295,79.86812
7909271922,Jitab,,hamlet,,Almora,29.82445,79.61243
7905633298,Jitoli,,hamlet,,Almora,29.56345,79.44716
7905604494,Jogiyari,,hamlet,,Almora,29.59758,79.44800
7889759026,Jogna,,hamlet,,Almora,29.47960,79.71538
7938508468,Jogyura,,village,,Almora,29.62980,79.75471
7997449405,Jogyura,,hamlet,,Almora,29.72115,79.12142
7907371088,Jugura,,hamlet,,Almora,29.60031,79.37727
8039320776,Jukani,,hamlet,,Almora,29.92725,79.43115
7904763959,Junisimar,,hamlet,,Almora,29.67356,79.30187
7933305761,Juniya,,hamlet,,Almora,29.89215,79.15943
7934821227,Juniya,,hamlet,,Almora,29.85298,79.16888
7933298783,Juniyagarhi,,hamlet,,Almora,29.86979,79.13581
6418904560,Jur,,hamlet,,Almora,29.56393,79.59891
7941678898,Jura,,hamlet,,Almora,29.68988,79.86567
342102493,Jwarnadi,,village,,Almora,29.46259,79.80194
7904260068,Jyotha,,hamlet,,Almora,29.66165,79.43707
7904561586,Jyuli,,hamlet,,Almora,29.65557,79.39852
7904714630,Jyune,,hamlet,,Almora,29.65722,79.36790
7904763961,Jyura,,hamlet,,Almora,29.67871,79.29397
7938303419,Kabhri,,hamlet,,Almora,29.50100,79.86928
7904260041,Kabotiya,,hamlet,,Almora,29.73792,79.42660
7908938292,Kachchhaula,,hamlet,,Almora,29.61361,79.91524
7905622826,Kadauri,,hamlet,,Almora,29.63983,79.88396
342105445,Kafara,,village,,Almora,29.71944,79.43343
7908991269,Kahna,,hamlet,,Almora,29.53463,79.84760
7934668306,Kaihargaon,,hamlet,,Almora,29.82650,79.22121
7936334930,Kailani,,hamlet,,Almora,29.86052,79.14478
8074913577,Kailekhi,,hamlet,,Almora,29.64440,79.13828
342105162,Kakarai,,hamlet,,Almora,29.79021,79.64565
7934668309,Kakarkhet,,hamlet,,Almora,29.85416,79.21168
6579778297,Kala Chauna,,village,,Almora,29.80523,79.28109
7904553974,Kala Pahar,,hamlet,,Almora,29.64856,79.40865
8039385052,Kalajabar Khata,,hamlet,,Almora,29.89323,79.43916
342109045,Kalakhet,,village,,Almora,29.59479,79.36253
8039731520,Kalalingura,,village,,Almora,29.95138,79.26451
7908938319,Kalas,,hamlet,,Almora,29.53661,79.95378
7941781288,Kalaun,,hamlet,,Almora,29.67083,79.77087
7904213544,Kalauna,,hamlet,,Almora,29.67476,79.47124
7941790014,Kalauna,,village,,Almora,29.67262,79.82492
8039272364,Kaligad,,hamlet,,Almora,29.87868,79.47250
8075321021,Kaligal,,hamlet,,Almora,29.72434,79.17855
342111837,Kaligaon,,village,,Almora,29.69791,79.15928
8074913552,Kaligaon,,hamlet,,Almora,29.63564,79.17104
8074913578,Kaligaon,,hamlet,,Almora,29.64008,79.13527
8075291314,Kaligaon,,hamlet,,Almora,29.64181,79.24185
8075320976,Kaligaon,,hamlet,,Almora,29.69217,79.20443
342105488,Kalika,,village,,Almora,29.66583,79.47647
342108271,Kaljipa,,village,,Almora,29.81690,79.13864
7934668287,Kaljipa Joshi,,village,,Almora,29.82910,79.24293
8075321046,Kalsir,,hamlet,,Almora,29.67344,79.15838
342108229,Kalyanpur,,village,,Almora,29.80481,79.18720
7908938303,Kalyuta,,hamlet,,Almora,29.59361,79.92798
7904219687,Kama,,hamlet,,Almora,29.74943,79.49159
7985595683,Kama,,hamlet,,Almora,29.83834,79.41802
342108235,Kaman,,village,,Almora,29.79176,79.18270
7904790208,Kamrar,,hamlet,,Almora,29.74336,79.29932
7933298784,Kamtepani,,hamlet,,Almora,29.87232,79.16315
7908906683,Kamuakola,,hamlet,,Almora,29.59592,79.89215
7938303404,Kana,,hamlet,,Almora,29.54545,79.86199
7904219688,Kanalgaon,,hamlet,,Almora,29.74556,79.49128
7905578207,Kanar,,hamlet,,Almora,29.55989,79.48892
7936332602,Kanarithaur,,hamlet,,Almora,29.83117,79.15465
7909170393,Kanauli,,hamlet,,Almora,29.47999,79.88146
7931305503,Kanchangad,,hamlet,,Almora,29.95694,79.23207
7941781286,Kanchula,,village,,Almora,29.66471,79.78982
7941766980,Kanchulagad,,village,,Almora,29.65796,79.76375
7908938320,Kanda,,hamlet,,Almora,29.53265,79.95154
7908991281,Kande,,hamlet,,Almora,29.59227,79.85601
7938368567,Kande,,hamlet,,Almora,29.57493,79.81527
7938439195,Kande,,hamlet,,Almora,29.53846,79.79904
8074913566,Kando,,hamlet,,Almora,29.61785,79.14498
8074532716,Kandorinyo Dhaiya,,hamlet,,Almora,29.72532,79.12231
7908906682,Kanena,,hamlet,,Almora,29.59365,79.90734
7904763973,Kaneri,,hamlet,,Almora,29.67278,79.25056
7904921115,Kaneri Gadhera,,hamlet,,Almora,29.66415,79.32970
8075320984,Kanhena,,hamlet,,Almora,29.68362,79.23445
7908961131,Kani,,hamlet,,Almora,29.62033,79.84799
8039731518,Kaniyal Bakhal,,hamlet,,Almora,29.94644,79.25363
8039272361,Kaniyani Khata,,hamlet,,Almora,29.85793,79.48070
7934845515,Kankot,,village,,Almora,29.77220,79.20342
7904921091,Kano Kapoli,,hamlet,,Almora,29.65209,79.26563
7904714644,Kanoli,,hamlet,,Almora,29.67381,79.36107
7913719035,Kantali,,hamlet,,Almora,29.85075,79.56704
7933927446,Kapalgaon,,village,,Almora,29.88112,79.10867
7908938309,Kaphaini,,hamlet,,Almora,29.56062,79.94830
2383052036,Kaphalgair,,hamlet,,Almora,29.94592,79.23394
7941783223,Kaphalikhet,,hamlet,,Almora,29.70608,79.80417
8039660033,Kaphaliya,,hamlet,,Almora,29.91769,79.34294
8075321029,Kaphalta Malla,,hamlet,,Almora,29.71046,79.17924
8075321027,Kaphalta Talla,,hamlet,,Almora,29.71513,79.17808
342105119,Kaphari,,hamlet,,Almora,29.83827,79.58016
7913596644,Kaphawani,,hamlet,,Almora,29.78278,79.50537
342106279,Kaphlikhan,,village,,Almora,29.57394,79.85928
7904260075,Kapina,,hamlet,,Almora,29.62732,79.42291
7905622828,Kapkoli,,hamlet,,Almora,29.63851,79.90318
7938533215,Kapkot,,village,,Almora,29.54770,79.77044
8083026249,Kapsoli Talli,,hamlet,,Almora,29.59384,79.15946
7904763978,Karakot,,hamlet,,Almora,29.68649,79.28022
8039272372,Karamansa,,hamlet,,Almora,29.92703,79.48287
7904329405,Karchuli,,hamlet,,Almora,29.69074,79.41042
8074913572,Karget,,hamlet,,Almora,29.63413,79.13517
7907546561,Kargina,,hamlet,,Almora,29.61868,79.29129
7904763975,Karholi,,village,,Almora,29.68954,79.25936
342108252,Karpatia,,village,,Almora,29.77707,79.15238
7941790009,Kasan,,hamlet,,Almora,29.68917,79.82198
5599898622,Kasar Devi,कसार देवी,village,,Almora,29.65087,79.66492
4770094321,Katarmal,,village,,Almora,29.63457,79.61556
8083026229,Kath To Nau,,hamlet,,Almora,29.58236,79.13888
8074913559,Kathahal Kot,,hamlet,,Almora,29.64030,79.14864
5433898694,Kathdhara,,village,,Almora,29.69127,79.77650
7908938293,Katoliya,,hamlet,,Almora,29.61219,79.92798
8075321045,Katriya Malli,,hamlet,,Almora,29.67804,79.16746
8075321044,Katriya Talli,,hamlet,,Almora,29.67995,79.17248
8075320924,Katuli,,village,,Almora,29.66536,79.24610
7889759010,Katwani,,hamlet,,Almora,29.44731,79.73409
7905577737,Kaula,,hamlet,,Almora,29.63118,79.95429
8074532706,Kaule Pani,,hamlet,,Almora,29.69788,79.13077
8039247817,Kaurari,,hamlet,,Almora,29.76887,79.48973
7934845518,Kaurisajhati,,hamlet,,Almora,29.75506,79.17349
8045342084,Kawadhar,,village,,Almora,29.86709,79.31397
342109484,Kedar,,village,,Almora,29.78256,79.23477
7931557731,Kelani,,village,,Almora,29.91254,79.18797
8039320777,Kelwari,,hamlet,,Almora,29.93082,79.43544
7905578205,Ketuli,,hamlet,,Almora,29.57017,79.48357
8074532702,Khadcragaon,,hamlet,,Almora,29.68805,79.13931
7904329402,Khadoli,,hamlet,,Almora,29.68069,79.40328
7905604492,Khagyar,,hamlet,,Almora,29.57920,79.45252
8039272374,Khajurani Khata,,hamlet,,Almora,29.93937,79.46800
7907371095,Khakhet,,village,,Almora,29.59251,79.40345
7931305512,Khaldua Malla,,hamlet,,Almora,29.92199,79.23554
7931305515,Khaldua Talla,,hamlet,,Almora,29.91150,79.23713
7905585279,Khali,,hamlet,,Almora,29.58469,79.42472
7904329410,Khalna,,hamlet,,Almora,29.70774,79.38646
7904714676,Khalna,,hamlet,,Almora,29.70999,79.37066
8074913562,Khalouti,,hamlet,,Almora,29.62518,79.14886
7909298925,Khalsa,,hamlet,,Almora,29.78507,79.58543
8075320931,Khalta,,hamlet,,Almora,29.69417,79.23331
7907546560,Khanavali,,hamlet,,Almora,29.62352,79.29058
7894074265,Khanikhet,,hamlet,,Almora,29.63933,79.96395
7904260070,Khaniyan,,hamlet,,Almora,29.65660,79.44122
7907371097,Khankhal,,hamlet,,Almora,29.57598,79.41225
7941790013,Khankhri,,village,,Almora,29.68179,79.82014
7941790012,Khankhrikhal,,hamlet,,Almora,29.67411,79.81312
7904827664,Khanoliya,,hamlet,,Almora,29.70768,79.32421
8039627936,Khansar,,village,,Almora,29.82713,79.40828
7904790200,Khargoli,,hamlet,,Almora,29.71069,79.30339
7904827677,Khargoli,,hamlet,,Almora,29.70734,79.30799
7931557711,Kharidang,,hamlet,,Almora,29.89870,79.18033
7905578230,Kharkani,,hamlet,,Almora,29.58238,79.49218
7904714652,Kharkhet,,hamlet,,Almora,29.67073,79.36676
7938361438,Kharkoli,,village,,Almora,29.60089,79.80385
7938420681,Kharkota,,hamlet,,Almora,29.51572,79.81331
7941790020,Khasbar,,village,,Almora,29.63722,79.81829
6415233079,Khasitwari,,hamlet,,Almora,29.65416,79.72952
7934668293,Khatalgair,,hamlet,,Almora,29.80056,79.22657
7905571821,Khatbe,,hamlet,,Almora,29.67590,79.94996
342107556,Khatiari,,village,,Almora,29.88831,79.29932
7938303413,Khatipanda,,hamlet,,Almora,29.50915,79.84707
8075291307,Khatoli,,hamlet,,Almora,29.61523,79.23136
2383432467,Khatrigaon,,hamlet,,Almora,29.92567,79.33657
7908906684,Khatyola,,hamlet,,Almora,29.60410,79.90386
8039272366,Khaul,,hamlet,,Almora,29.88132,79.47398
7908906675,Khauri,,hamlet,,Almora,29.60141,79.90758
8075320941,Khayon,,village,,Almora,29.72773,79.23992
7908938296,Kheti,,village,,Almora,29.61137,79.93820
7938508476,Khetigad,,hamlet,,Almora,29.60389,79.76209
7905622827,Khetigair,,hamlet,,Almora,29.64091,79.89649
7938361433,Khina,,village,,Almora,29.58400,79.79613
7904561599,Khinkhet,,hamlet,,Almora,29.67422,79.41396
7909218030,Khirakot,,hamlet,,Almora,29.80676,79.62176
7905578219,Khiruri,,hamlet,,Almora,29.55461,79.45705
7904790205,Khobara,,hamlet,,Almora,29.73615,79.27788
7938361441,Khola,,village,,Almora,29.62311,79.81934
7938361443,Khola,,hamlet,,Almora,29.63245,79.81990
8039385038,Kholiyabaj,,hamlet,,Almora,29.83454,79.45209
342108521,Kholyon,,hamlet,,Almora,29.53812,79.21829
8083039174,Kholyon,,hamlet,,Almora,29.53807,79.20823
7904553969,Khudali,,hamlet,,Almora,29.63555,79.40407
8082585267,Khudali,,hamlet,,Almora,29.65553,79.11123
7941678895,Khudiyari,,hamlet,,Almora,29.69305,79.83591
7905578209,Khudoli,,hamlet,,Almora,29.55330,79.49098
7905577738,Khudyali,,hamlet,,Almora,29.63495,79.93348
7908906671,Khuna,,hamlet,,Almora,29.56577,79.90155
7938574014,Khuni,,village,,Almora,29.50767,79.77038
7904763969,Khunjan Malla,,hamlet,,Almora,29.67165,79.26489
7904763968,Khunjan Talla,,hamlet,,Almora,29.67099,79.27211
7938439185,Khunkot,,village,,Almora,29.49996,79.82494
342105896,Khunt,,village,,Almora,29.60816,79.59595
6442343239,Khururi,,hamlet,,Almora,29.70761,79.28485
2379460101,Khushran,,hamlet,,Almora,29.95626,79.26212
342106652,Khuwakhan,,village,,Almora,29.57657,79.84864
8075321056,Kichar,,hamlet,,Almora,29.66609,79.16003
8083039176,Kijari,,hamlet,,Almora,29.54502,79.18510
7904260072,Kilkot,,village,,Almora,29.65625,79.42456
7907517150,Kilmoriya,,village,,Almora,29.59932,79.35562
7904827665,Kimkhola,,hamlet,,Almora,29.70203,79.32026
7908938306,Kimna,,hamlet,,Almora,29.58055,79.92893
7908961136,Kimtoli,,hamlet,,Almora,29.61212,79.85391
8039320775,Kira,,hamlet,,Almora,29.92615,79.41639
7905622822,Kitaura,,hamlet,,Almora,29.65334,79.90258
7938368566,Kol,,village,,Almora,29.56836,79.82565
8075321035,Kola,,hamlet,,Almora,29.68791,79.19344
8039660036,Kolagadhera,,hamlet,,Almora,29.93260,79.34998
7889759033,Kon,,village,,Almora,29.47491,79.74306
7938574015,Konra,,village,,Almora,29.50555,79.78294
8039747679,Korali,,hamlet,,Almora,29.92212,79.29588
7889815773,Kot,,hamlet,,Almora,29.48182,79.69225
7904553965,Kot,,hamlet,,Almora,29.61958,79.39270
7904714653,Kot,,hamlet,,Almora,29.67224,79.36290
7938420677,Kot,,village,,Almora,29.52718,79.81336
7907546563,Kot Aswal,,hamlet,,Almora,29.61137,79.29294
7907546562,Kot chaunaliya,,hamlet,,Almora,29.61499,79.30348
7905622818,Kota,,hamlet,,Almora,29.67289,79.88340
7904921136,Kota Giwai,,hamlet,,Almora,29.66393,79.25315
7907371090,Kotar,,hamlet,,Almora,29.59671,79.39334
7894074267,Kotbibri,,hamlet,,Almora,29.63165,79.97485
342106138,Kotchinna,,village,,Almora,29.69467,79.54102
7938303401,Kotgad,,hamlet,,Almora,29.60854,79.86601
7905622813,Kotgara,,hamlet,,Almora,29.69590,79.87741
7904553962,Kothar Papnai,,hamlet,,Almora,29.62361,79.38292
7904553961,Kothar Porda,,hamlet,,Almora,29.63111,79.38538
7904714626,Kothas,,hamlet,,Almora,29.63596,79.37107
7905633297,Kotila,,hamlet,,Almora,29.55925,79.45051
7908991277,Kotili,,hamlet,,Almora,29.57924,79.86146
7904790198,Kotiyag,,hamlet,,Almora,29.72022,79.28594
7905604493,Kotiyan,,hamlet,,Almora,29.58469,79.44433
7941790016,Kotli,,hamlet,,Almora,29.65132,79.79555
8075291303,Kotli,,village,,Almora,29.61365,79.20465
7931305498,Kotsari,,hamlet,,Almora,29.88365,79.22179
7904714651,Kotuli,,hamlet,,Almora,29.66894,79.36983
7904714639,Kotuli Gadholiya,,hamlet,,Almora,29.69752,79.36275
7904260061,Kotyura,,hamlet,,Almora,29.69245,79.43514
7905571823,Kotyura,,hamlet,,Almora,29.69053,79.92528
7908957235,Kujeli,,hamlet,,Almora,29.55113,79.88889
2473140415,Kukrad,,village,,Almora,29.65925,79.19907
342105049,Kukuchinna,,village,,Almora,29.84024,79.45175
7934334054,Kulanteshwar,,hamlet,,Almora,29.86108,79.11236
7934668301,Kuleta,,hamlet,,Almora,29.81127,79.22735
8039272360,Kulsari,,hamlet,,Almora,29.86577,79.46377
8039738153,Kulsira,,village,,Almora,29.93536,79.27157
7904213564,Kulu,,hamlet,,Almora,29.74817,79.46776
7931305524,Kumaleshwar,,village,,Almora,29.88921,79.23271
7938303417,Kumalsaun,,hamlet,,Almora,29.50013,79.85947
7904260034,Kumalt,,hamlet,,Almora,29.71608,79.43074
7904329412,Kumalt,,hamlet,,Almora,29.71327,79.41527
6418905512,Kuman,,hamlet,,Almora,29.55700,79.54986
7908846685,Kumarh,,hamlet,,Almora,29.61467,79.96199
342108513,Kumeria,,village,,Almora,29.53949,79.16062
7904921089,Kumharthi,,hamlet,,Almora,29.65550,79.26900
7997584186,Kumichaur,,hamlet,,Almora,29.66931,79.12201
7938508469,Kumoli,,village,,Almora,29.62459,79.75450
7941766979,Kumoli,,hamlet,,Almora,29.63502,79.75495
7904329418,Kuna,,hamlet,,Almora,29.72302,79.40450
7905578229,Kunelakhet,,hamlet,,Almora,29.59202,79.47789
8075320965,Kunidhar,,hamlet,,Almora,29.72461,79.20349
7904553975,Kunil,,hamlet,,Almora,29.64597,79.41302
8075320987,Kuninao,,hamlet,,Almora,29.68088,79.21613
7941682713,Kunjaa,,hamlet,,Almora,29.64640,79.83458
7941755862,Kunkhet,,hamlet,,Almora,29.70893,79.81864
8081838513,Kunni,,hamlet,,Almora,29.62700,79.11027
8074913582,Kunnini,,hamlet,,Almora,29.66218,79.15536
7904329408,Kunsyari,,hamlet,,Almora,29.70058,79.38579
7904329409,Kunsyari,,hamlet,,Almora,29.70665,79.39134
8039309987,Kunthari,,hamlet,,Almora,29.75398,79.46617
6419717025,Kunyura,,village,,Almora,29.57777,79.66372
8081838514,Kupi,,hamlet,,Almora,29.61923,79.10477
7908991264,Kuri,,hamlet,,Almora,29.51648,79.86507
7904553984,Kurkoli,,hamlet,,Almora,29.65569,79.37862
7905578201,Kushalkot,,hamlet,,Almora,29.53295,79.48960
7934845512,Kusiyachaun Malla,,hamlet,,Almora,29.77872,79.20535
7934845511,Kusiyachaun Talla,,hamlet,,Almora,29.78265,79.19333
6415235895,Kutgoli,,hamlet,,Almora,29.63412,79.65151
8083026240,Kuthalgaon,,hamlet,,Almora,29.59117,79.20819
342106111,Kuwali,,village,,Almora,29.70978,79.52042
7938533216,Kuwani,,village,,Almora,29.57030,79.76696
7905586832,Kwairali,,hamlet,,Almora,29.66072,79.92790
7909945472,Kwerali,,village,,Almora,29.78945,79.55689
7936332616,Kyathaur,,hamlet,,Almora,29.75987,79.13894
7909174220,Lachhamapur,,hamlet,,Almora,29.76736,79.63423
7907371094,Lachina,,village,,Almora,29.59104,79.40596
7908991278,Ladhauli,,hamlet,,Almora,29.58290,79.84816
7904561588,Ladoli,,hamlet,,Almora,29.68501,79.37613
7909388392,Ladyura,,hamlet,,Almora,29.79133,79.57846
7909345296,Lakhanari,,hamlet,,Almora,29.79343,79.58462
7934334055,Lakharkot,,hamlet,,Almora,29.86512,79.11763
342106617,Lakhuuddiyar,,hamlet,,Almora,29.63425,79.73191
7931305534,Lalnagri,,hamlet,,Almora,29.91417,79.20874
7908957230,Lam Gad,,hamlet,,Almora,29.53598,79.90279
7931557723,Lamaladltunga,,hamlet,,Almora,29.87980,79.20555
8039731521,Lambari,,hamlet,,Almora,29.95718,79.25329
342106164,Lamgara,,village,,Almora,29.54224,79.75113
7938518669,Lamgara,,village,,Almora,29.54755,79.75130
7938574008,Lamtana,,village,,Almora,29.52950,79.75787
8074913522,Lari,,hamlet,,Almora,29.64142,79.19280
7941682717,Lartola,,village,,Almora,29.63611,79.86443
7931305497,Laskhola,,hamlet,,Almora,29.88177,79.21456
7904553963,Leti,,hamlet,,Almora,29.62363,79.39092
7934821201,Limugair,,hamlet,,Almora,29.79600,79.19053
342107126,Lingurta,,village,,Almora,29.70154,79.84040
8083039157,Lingwar,,hamlet,,Almora,29.56534,79.23958
7904790199,Liseri,,hamlet,,Almora,29.71526,79.28271
7913699511,Lod,,hamlet,,Almora,29.79013,79.52748
342105390,Lodhiya,,village,,Almora,29.56696,79.62891
8074913519,Loharkot,,hamlet,,Almora,29.65485,79.19988
7907546564,Lokoth,,hamlet,,Almora,29.60370,79.30477
7904763953,Lotna,,hamlet,,Almora,29.68259,79.32423
8083026241,Luheda,,hamlet,,Almora,29.59484,79.19958
7905622808,Lwala,,hamlet,,Almora,29.69922,79.89372
7938439188,Lwali,,village,,Almora,29.50048,79.80469
7909216535,Lwesal,,village,,Almora,29.84150,79.60427
7908814982,Macchidhar,,hamlet,,Almora,29.59350,79.98678
8083026227,Machhor,,hamlet,,Almora,29.59563,79.22713
7936332600,Magraunkhal,,village,,Almora,29.83253,79.12894
7908938317,Maguakhet,,hamlet,,Almora,29.53926,79.93466
7934668289,Mahagyari,,hamlet,,Almora,29.81568,79.24473
8045722733,Mahakaleshwar,,hamlet,,Almora,29.83743,79.38846
7904790217,Mahar Tana,,hamlet,,Almora,29.73718,79.32335
7938368572,Maharagaon,,village,,Almora,29.57624,79.79924
7931557725,Mahargaon,,hamlet,,Almora,29.89053,79.20226
7905578199,Maharkhola,,hamlet,,Almora,29.52201,79.48600
7905633304,Maharkhola,,hamlet,,Almora,29.57047,79.41967
7905585282,Mahartaila,,hamlet,,Almora,29.58906,79.42461
7904213579,Mahatgaon,,hamlet,,Almora,29.71692,79.49194
7934821210,Mahroli Malli,,village,,Almora,29.81963,79.16752
7934821212,Mahroli Talli,,village,,Almora,29.81819,79.17529
7941766981,Mahruriya,,village,,Almora,29.66150,79.75735
7938517189,Maichun,,village,,Almora,29.63107,79.78164
8075291316,Maidari,,hamlet,,Almora,29.64333,79.22264
7938361432,Mailkande,,village,,Almora,29.58799,79.80615
8074913590,Mainakot,,hamlet,,Almora,29.66383,79.11477
7904827667,Mairgaon,,hamlet,,Almora,29.69910,79.32374
8074913551,Maithani,,village,,Almora,29.63849,79.17439
8074913591,Maj Bakhali,,hamlet,,Almora,29.66786,79.12715
8062497067,Majera Khatta,,hamlet,,Almora,29.73170,79.13684
7904714641,Majgaon,,hamlet,,Almora,29.70201,79.35234
8075320983,Majgaon,,hamlet,,Almora,29.68061,79.23956
7904921093,Majhera,,hamlet,,Almora,29.65067,79.27331
7908938327,Majhera,,hamlet,,Almora,29.51286,79.94931
342106071,Majkhali,,village,,Almora,29.67819,79.51630
8584571367,Makdau,,village,,Almora,29.50490,80.02362
342102359,Makraon,,village,,Almora,29.50516,80.02030
7909287597,Mala,,hamlet,,Almora,29.79600,79.61483
8039660032,Malakhet,,hamlet,,Almora,29.92263,79.33763
6417619262,Malan,,hamlet,,Almora,29.60543,79.95858
7938533225,Malari,,village,,Almora,29.56349,79.77881
7938533226,Malarigad,,village,,Almora,29.56916,79.78759
7904714625,Malauta,,hamlet,,Almora,29.64308,79.36880
7931305505,Malbhira,,hamlet,,Almora,29.94142,79.22100
7904260060,Malela,,hamlet,,Almora,29.69331,79.44501
2500379301,Malgaon,,hamlet,,Almora,29.58102,79.96075
8075320993,Malihari,,hamlet,,Almora,29.67099,79.22771
7904553978,Malla Biswa,,hamlet,,Almora,29.64489,79.40706
7938574017,Malla Channa,,village,,Almora,29.51770,79.78288
7904714613,Malla Dabhar,,hamlet,,Almora,29.63101,79.36032
7904714654,Malla Daunda,,hamlet,,Almora,29.66705,79.34413
7904213576,Malla Gad,,hamlet,,Almora,29.70943,79.48744
7913528230,Malla Kholi,,hamlet,,Almora,29.76976,79.59758
8075320998,Malla Kwairala,,hamlet,,Almora,29.68278,79.20849
7934334051,Malla Lakhaur,,hamlet,,Almora,29.86346,79.07476
7938574013,Malla Lamkot,,village,,Almora,29.51182,79.76684
7905633300,Malla Myun,,hamlet,,Almora,29.56519,79.43029
7905585278,Malla Sima,,hamlet,,Almora,29.58445,79.41723
7936334932,Malli Chanauli,,hamlet,,Almora,29.85397,79.13697
7934821222,Malli Kanauni,,hamlet,,Almora,29.83675,79.17003
7904260039,Malli Kiroli,,hamlet,,Almora,29.73023,79.41886
7905586831,Malli Nani,,hamlet,,Almora,29.65673,79.91923
7934798256,Malota,,hamlet,,Almora,29.86454,79.20204
8083039159,Malukhan,,hamlet,,Almora,29.56069,79.23059
7905578200,Maluna,,hamlet,,Almora,29.52433,79.49351
7908938328,Mana,,hamlet,,Almora,29.51779,79.95944
7907371096,Manari,,village,,Almora,29.58721,79.39897
342109027,Mandakot,,village,,Almora,29.58206,79.43390
7904213557,Manela,,hamlet,,Almora,29.69827,79.46252
7905578210,Mangdoli,,hamlet,,Almora,29.54537,79.49389
8039627943,Manglikhal,,hamlet,,Almora,29.80223,79.45116
7934334058,Mangraun,,hamlet,,Almora,29.84988,79.11070
8082585293,Mangriun,,hamlet,,Almora,29.65273,79.09804
8075321042,Manhet,,hamlet,,Almora,29.68522,79.17192
342106636,Maniagar,,village,,Almora,29.63236,79.76460
8075320960,Manila,,village,,Almora,29.73147,79.20351
342109641,Manila Temple,,village,,Almora,29.72214,79.21967
7907517153,Maninar,,hamlet,,Almora,29.60219,79.36785
7944486716,Maniya,,hamlet,,Almora,29.49676,79.93210
2518639028,Mano,,hamlet,,Almora,29.55210,79.99223
7904714660,Manral Kothyura,,hamlet,,Almora,29.68488,79.33391
7941682714,Mantola,,hamlet,,Almora,29.64772,79.83921
8075320980,Manuli,,hamlet,,Almora,29.69001,79.24201
342110003,Marchula,,village,,Almora,29.60678,79.09333
7905622829,Mari,,hamlet,,Almora,29.64391,79.90440
7909388395,Mari,,hamlet,,Almora,29.80615,79.58503
8039747674,Markubakhal,,village,,Almora,29.91250,79.33397
7908938325,Maroli,,hamlet,,Almora,29.51099,79.94305
7904260049,Masar,,hamlet,,Almora,29.73602,79.44965
7934821230,Maser,,hamlet,,Almora,29.86234,79.16572
342109464,Masi,,village,,Almora,29.81827,79.28147
7931557713,Masmoli,,hamlet,,Almora,29.89591,79.16765
2363580422,Masnibaj,,hamlet,,Almora,29.75430,79.11998
7997236203,Masniya Banj,,hamlet,,Almora,29.74884,79.13324
342108471,Masord,,village,,Almora,29.59580,79.23340
6411621995,Matela,,hamlet,,Almora,29.58853,79.51085
7904763962,Matela,,hamlet,,Almora,29.67243,79.29520
7905604487,Matela,,hamlet,,Almora,29.59902,79.42244
7905633299,Matela,,hamlet,,Almora,29.56133,79.43817
7907517154,Matela,,village,,Almora,29.60313,79.36287
7938439193,Matela,,village,,Almora,29.51887,79.80117
8039247820,Matela,,village,,Almora,29.78632,79.48748
7934821207,Matela Malla,,village,,Almora,29.79837,79.19327
7934821208,Matela Talla,,village,,Almora,29.80298,79.19430
7907588740,Matela Tok,,village,,Almora,29.60447,79.25571
6415236510,Matena,,hamlet,,Almora,29.65171,79.68206
7908961137,Mathkhanya,,hamlet,,Almora,29.61532,79.85868
7934334053,Matkhani,,village,,Almora,29.86246,79.09212
8074886376,Matrgarh,,hamlet,,Almora,29.70936,79.13662
8083026257,Matwane,,hamlet,,Almora,29.60610,79.13523
342111817,Maulekhal,,village,,Almora,29.66721,79.15375
7904213543,Mauna,,hamlet,,Almora,29.67951,79.47124
7938508475,Mauni,,hamlet,,Almora,29.60544,79.77014
7931305540,Maunidhaiya,,hamlet,,Almora,29.93275,79.21829
7931557718,Maunidhaya,,hamlet,,Almora,29.87016,79.17793
342109591,Maura,,village,,Almora,29.68094,79.38584
8074532704,Mawal Gaon,,hamlet,,Almora,29.69994,79.13820
8039747676,Mawaribakhal,,hamlet,,Almora,29.91983,79.32309
7913528218,Mawe,,hamlet,,Almora,29.79533,79.53591
7931305495,Mayalgaon,,hamlet,,Almora,29.87414,79.21040
7997449403,Mayalgaon,,hamlet,,Almora,29.71383,79.13082
7931305526,Mayalor Bakhal,,village,,Almora,29.89989,79.24078
8074532690,Mayer Bakhal,,hamlet,,Almora,29.68382,79.14609
7908814983,Mayoli,,hamlet,,Almora,29.59471,79.97375
7904763956,Mchalkhand,,hamlet,,Almora,29.67709,79.31352
8045722731,Mehalchaura,,hamlet,,Almora,29.83884,79.39244
7938303403,Mehaldhar,,hamlet,,Almora,29.54766,79.85269
8039385039,Mehalkholi,,hamlet,,Almora,29.84206,79.43130
7904213568,Melta,,hamlet,,Almora,29.73763,79.45986
7909218033,Melti,,hamlet,,Almora,29.81641,79.62794
7889759023,Mergaon,,village,,Almora,29.49837,79.70214
7904921132,Micholi,,hamlet,,Almora,29.62803,79.25704
8083026236,Mijhaura,,hamlet,,Almora,29.61079,79.20942
7904714657,Milauti,,hamlet,,Almora,29.67454,79.35071
7904790193,Millekh,,hamlet,,Almora,29.74186,79.26852
7904790209,Minar,,hamlet,,Almora,29.73736,79.30275
7907529816,Minkiya,,hamlet,,Almora,29.56039,79.25194
7904260044,Mirai Malli,,hamlet,,Almora,29.74791,79.43907
7904260045,Mirai Talli,,hamlet,,Almora,29.74277,79.44102
7938368555,Mirauli,,village,,Almora,29.54135,79.80975
7908812866,Mirgaon,,hamlet,,Almora,29.54520,79.99330
7941790019,Mirtola,,hamlet,,Almora,29.64302,79.82636
8074913587,Mishra Bakhali,,hamlet,,Almora,29.66569,79.14012
7904714679,Mohani,,hamlet,,Almora,29.74653,79.36923
8074913543,Moharkhet,,hamlet,,Almora,29.65075,79.17216
6411878885,Mohatgaon,,hamlet,,Almora,29.65381,79.62967
7907546558,Mohnari,,hamlet,,Almora,29.61642,79.31595
7904329406,Monali,,hamlet,,Almora,29.69611,79.38214
7904260066,Mongchaura,,village,,Almora,29.67465,79.44107
8074913580,Monurpent,,hamlet,,Almora,29.66193,79.15984
7889758991,Mori,,village,,Almora,29.46632,79.70757
342106481,Mornaula,,village,,Almora,29.45160,79.77310
7889759028,Motyapathar,,hamlet,,Almora,29.46643,79.72871
7904553967,Mowari,,hamlet,,Almora,29.63079,79.39757
2382757318,Munani,,hamlet,,Almora,29.95564,79.23369
7938533217,Mungal,,village,,Almora,29.57661,79.75735
8074913589,Munra,,hamlet,,Almora,29.66681,79.13499
7934668291,Musalkanda,,hamlet,,Almora,29.80732,79.24016
7934666383,Musholi,,hamlet,,Almora,29.76328,79.24406
7905578216,Musoli,,hamlet,,Almora,29.55253,79.44641
8075320951,Musoli,,hamlet,,Almora,29.74871,79.24023
8074913576,Nadoli,,hamlet,,Almora,29.64784,79.13759
7913528219,Nag Joshi,,hamlet,,Almora,29.79250,79.55050
7938361430,Nagar,,village,,Almora,29.59482,79.80894
7938508473,Nagar Khan,,village,,Almora,29.60795,79.75898
7933298782,Nagarjuna,,hamlet,,Almora,29.87039,79.12552
2381825610,Nagarkotiya,,hamlet,,Almora,29.93671,79.23671
342107489,Nagchula,,village,,Almora,29.96658,79.24576
7904213552,Nagoli,,hamlet,,Almora,29.68595,79.47402
7905578235,Nagpani,,hamlet,,Almora,29.60219,79.49595
8083026259,Nagtale,,hamlet,,Almora,29.60945,79.11724
7931557728,Nahalgair,,village,,Almora,29.90727,79.19748
7904260047,Nahar Guth,,hamlet,,Almora,29.73025,79.44789
8075320973,Naharon,,hamlet,,Almora,29.69933,79.21552
7908957227,Naholiya,,hamlet,,Almora,29.51510,79.90524
5433962291,Naiel,,village,,Almora,29.68892,79.78327
7908961132,Naikana,,hamlet,,Almora,29.62760,79.85271
7913528220,Naikana,,hamlet,,Almora,29.78175,79.55479
8075321024,Naikana,,hamlet,,Almora,29.72033,79.15748
8075320932,Nail,,hamlet,,Almora,29.69829,79.22858
7905586830,Nailpar,,hamlet,,Almora,29.64769,79.92491
8082585292,Nain,,hamlet,,Almora,29.65634,79.09686
7904213548,Naini,,hamlet,,Almora,29.67443,79.49404
7904213550,Naini,,hamlet,,Almora,29.68090,79.49411
7904714677,Naini,,hamlet,,Almora,29.72937,79.37204
7905586833,Naini,,hamlet,,Almora,29.65492,79.92637
7908906673,Naini Kuroli,,hamlet,,Almora,29.58081,79.90871
7904329423,Nainoli,,hamlet,,Almora,29.73075,79.37882
7908906676,Nainoli,,hamlet,,Almora,29.58686,79.89773
7904921123,Naipalkot,,hamlet,,Almora,29.63193,79.27423
7904921106,Nairigaon,,hamlet,,Almora,29.65492,79.31052
6442345111,Naithana,,hamlet,,Almora,29.80862,79.31326
7904827672,Naiti,,hamlet,,Almora,29.69003,79.30135
7908501557,Nakot,,village,,Almora,29.79546,79.66759
7938517185,Nakot,,village,,Almora,29.60257,79.78074
7941790008,Nali,,hamlet,,Almora,29.69737,79.81155
8075320947,Naltura,,hamlet,,Almora,29.73714,79.21007
7904714633,Namla,,hamlet,,Almora,29.66503,79.35536
7905578188,Nanna,,hamlet,,Almora,29.52108,79.46557
7913528231,Naparath,,hamlet,,Almora,29.77596,79.59363
7904714622,Naphan,,hamlet,,Almora,29.64472,79.35963
342109973,Naptuwa,,village,,Almora,29.65834,79.15895
7904763964,Narnisera,,hamlet,,Almora,29.66725,79.27824
7889759027,Natadol,,hamlet,,Almora,29.47183,79.73689
7904763960,Nauba,,hamlet,,Almora,29.67834,79.29850
6442345287,Naubara,,village,,Almora,29.81027,79.31888
2381825844,Naugaon,,hamlet,,Almora,29.94537,79.24495
6442345066,Naugaon,,hamlet,,Almora,29.81608,79.31098
7904827675,Naugaon,,hamlet,,Almora,29.69938,79.30838
7934668311,Naugaon,,hamlet,,Almora,29.83519,79.21330
7936332612,Naugaon,,village,,Almora,29.79470,79.14875
7938368564,Naugaon,,village,,Almora,29.55955,79.80911
7938368569,Naugaon,,village,,Almora,29.56840,79.80542
7941783219,Naugaon,,village,,Almora,29.70457,79.81542
8039627939,Naugaon,,hamlet,,Almora,29.80654,79.41566
8039385047,Naugaon Baidiya,,hamlet,,Almora,29.87224,79.42879
7904260036,Naughar,,hamlet,,Almora,29.71105,79.42253
7904921095,Naughariya,,hamlet,,Almora,29.65233,79.28787
7904921105,Naughariya,,village,,Almora,29.64845,79.30674
7934845506,Naughariya,,hamlet,,Almora,29.77972,79.18329
7904714620,Naukot,,hamlet,,Almora,29.65522,79.35272
342105989,Naula,,village,,Almora,29.59717,79.56162
7904714649,Naula,,hamlet,,Almora,29.68334,79.35459
7904790188,Naula,,hamlet,,Almora,29.74094,79.25035
7938361437,Naula,,village,,Almora,29.60835,79.79831
7904790186,Naulachak,,hamlet,,Almora,29.74988,79.25580
8039247815,Naulakot,,village,,Almora,29.76333,79.48619
7938303418,Nauli,,hamlet,,Almora,29.50433,79.86593
7938574021,Nauli,,village,,Almora,29.53219,79.78907
7905578198,Nauna,,hamlet,,Almora,29.51238,79.49634
7938533218,Naura,,village,,Almora,29.56390,79.75909
7904714678,Nauri,,hamlet,,Almora,29.73705,79.36702
7904714656,Nausari,,hamlet,,Almora,29.67407,79.33644
7905585284,Navli,,hamlet,,Almora,29.59217,79.42004
8075291301,Nawalgaon,,hamlet,,Almora,29.61322,79.18284
7908957236,Naya Sirkot,,hamlet,,Almora,29.55323,79.90279
7905571818,Nayal,,hamlet,,Almora,29.66659,79.94536
7908938285,Nayal,,hamlet,,Almora,29.60451,79.89545
7913596639,Nayal,,hamlet,,Almora,29.76628,79.50029
7938368563,Nayal,,village,,Almora,29.55756,79.79546
7941678892,Nayal,,hamlet,,Almora,29.67506,79.84962
8039279617,Nayal,,village,,Almora,29.81272,79.46484
8075291305,Naychula,,hamlet,,Almora,29.61934,79.22462
342108247,Nayl,,village,,Almora,29.78943,79.15650
8074532689,Newal Gaon,,hamlet,,Almora,29.69454,79.14707
7907588746,Nigrali,,village,,Almora,29.61040,79.28215
342105418,Ninar,,village,,Almora,29.58069,79.50119
7909174222,Nirai,,hamlet,,Almora,29.76106,79.63878
7941678885,Nishnaili,,village,,Almora,29.67001,79.87028
8075320986,Nohar,,hamlet,,Almora,29.67794,79.22537
7907588748,Nund,,hamlet,,Almora,29.60510,79.29022
7905586834,Nyoli,,hamlet,,Almora,29.65412,79.93828
7909149459,Okali,,hamlet,,Almora,29.75167,79.63963
8039627935,Oleni,,village,,Almora,29.83231,79.40596
342105362,Oliagaon,,village,,Almora,29.56833,79.53278
7909102992,Oliyagaon,,hamlet,,Almora,29.75866,79.64740
8045588295,PWD,,hamlet,,Almora,29.75277,79.34208
7908938301,Pabhon,,hamlet,,Almora,29.60184,79.92084
7905622816,Pabhya,,hamlet,,Almora,29.68847,79.89038
7934668314,Pachruba Palla,,hamlet,,Almora,29.84064,79.23456
7934668315,Pachruba Walla,,hamlet,,Almora,29.84787,79.23353
7904714623,Padhar,,hamlet,,Almora,29.64912,79.36214
7931557712,Paharpani,,hamlet,,Almora,29.90296,79.17325
8039385046,Paili,,hamlet,,Almora,29.86394,79.43703
8039385045,Pailisari,,hamlet,,Almora,29.86110,79.42939
342111847,Paisiya,,village,,Almora,29.71527,79.14963
7934821213,Paithana,,village,,Almora,29.82158,79.20164
7904714666,Paithani,,hamlet,,Almora,29.72734,79.36532
8039272373,Pakhakharak,,hamlet,,Almora,29.93167,79.47478
7905578231,Pakhura,,hamlet,,Almora,29.58473,79.48638
7904553976,Paknaduli,,hamlet,,Almora,29.64166,79.39789
7934666384,Palanapa,,hamlet,,Almora,29.76255,79.24919
342109454,Pali,,village,,Almora,29.78806,79.29932
6418064753,Pali,,hamlet,,Almora,29.54896,79.94254
7904921111,Pali,,hamlet,,Almora,29.66341,79.30187
7908938289,Pali,,hamlet,,Almora,29.62694,79.87617
7908957228,Pali,,hamlet,,Almora,29.51484,79.88734
7908991265,Pali,,hamlet,,Almora,29.52130,79.86767
8074913554,Pali,,hamlet,,Almora,29.63204,79.17905
8075320930,Pali,,hamlet,,Almora,29.69985,79.24565
7938574011,Palpanj,,village,,Almora,29.52242,79.77053
7931305496,Palpur,,hamlet,,Almora,29.87689,79.21934
7923485682,Palri,,hamlet,,Almora,29.49132,79.93781
7931305530,Paltakot,,hamlet,,Almora,29.91093,79.22205
7913528227,Palyura,,hamlet,,Almora,29.78308,79.59929
8039627945,Pan,,hamlet,,Almora,29.79646,79.42829
7904714645,Panchkhola,,hamlet,,Almora,29.67786,79.35678
8075291309,Panchura,,hamlet,,Almora,29.62085,79.23932
8039627944,Pande Kharak,,hamlet,,Almora,29.80818,79.44772
7905604488,Pandekota,,hamlet,,Almora,29.61518,79.42519
8039279619,Panduholi,,hamlet,,Almora,29.83366,79.47201
342107517,Panduwakhal,,village,,Almora,29.97208,79.33090
7904213571,Panergaon,,hamlet,,Almora,29.72529,79.47265
245768563,Panikhet,,village,5000,Almora,29.62064,79.35054
7904260067,Pant Kotuli,,hamlet,,Almora,29.66542,79.42542
8083039158,Panua Dyakhan,,hamlet,,Almora,29.56898,79.23569
342106681,Panuānaula,,hamlet,,Almora,29.64249,79.81156
7905604497,Panyali,,hamlet,,Almora,29.60445,79.45030
7931305529,Papariya,,hamlet,,Almora,29.90673,79.23063
342106599,Paparsalli,,village,,Almora,29.62051,79.67560
7905622821,Papgad,,hamlet,,Almora,29.65532,79.90396
7907348184,Papna,,village,,Almora,29.61085,79.40442
7908991263,Papoli,,hamlet,,Almora,29.51902,79.85953
7938303406,Papoli,,hamlet,,Almora,29.55138,79.85539
7904714647,Papra,,hamlet,,Almora,29.68986,79.36232
7908957238,Parai,,hamlet,,Almora,29.56308,79.89837
7904714628,Parholi,,hamlet,,Almora,29.65065,79.37335
7904714635,Pastaura Par,,hamlet,,Almora,29.65871,79.33854
7904714634,Pastaura War,,hamlet,,Almora,29.66290,79.33843
7904329427,Patal,,hamlet,,Almora,29.74009,79.39779
8045342078,Patalgaon,,village,,Almora,29.85738,79.31397
7938368573,Patgaliya,,village,,Almora,29.57846,79.79510
7941781285,Patharkhani,,village,,Almora,29.66083,79.80164
7938303408,Pathri,,hamlet,,Almora,29.49934,79.85348
7908938298,Pathrole,,hamlet,,Almora,29.59952,79.94881
7907348182,Pathuli,,village,,Almora,29.60807,79.41128
8075321036,Patichaura,,hamlet,,Almora,29.68423,79.18437
7904921108,Patiliya,,hamlet,,Almora,29.65331,79.29245
8039247821,Patkodha,,hamlet,,Almora,29.78882,79.46584
7905578212,Patli Malla,,hamlet,,Almora,29.54471,79.48596
7905578211,Patli Talla,,hamlet,,Almora,29.53713,79.48814
6418905058,Patlya,,hamlet,,Almora,29.56309,79.55687
8074532711,Patori,,hamlet,,Almora,29.70695,79.15517
342108016,Pattarkhola,,village,,Almora,29.86776,79.21765
7889815763,Patyuri,,hamlet,,Almora,29.47338,79.69560
7904790203,Paunti,,hamlet,,Almora,29.71465,79.29556
2381825565,Payalgaon,,hamlet,,Almora,29.93508,79.23057
342105069,Payan,,hamlet,,Almora,29.75412,79.63576
7904213584,Petsal,,hamlet,,Almora,29.72891,79.49368
7904561591,Phaldwari,,hamlet,,Almora,29.68171,79.38269
7908501556,Phaliyanti,,hamlet,,Almora,29.78933,79.66107
6415179674,Phalsimi,,hamlet,,Almora,29.60945,79.68869
7907588744,Phalson,,hamlet,,Almora,29.61624,79.27022
7913528222,Phalta,,hamlet,,Almora,29.78218,79.56558
7944486715,Phaltiya,,hamlet,,Almora,29.49208,79.92652
7913528232,Phalya,,hamlet,,Almora,29.77341,79.60734
7934821206,Phaniya,,village,,Almora,29.79864,79.20220
7908812871,Pharakholi,,hamlet,,Almora,29.58150,79.96774
6419204912,Phola,,hamlet,,Almora,29.59924,79.63554
7934845510,Phulai,,village,,Almora,29.78686,79.19995
7941766978,Phulari,,hamlet,,Almora,29.64021,79.76364
7908991267,Phuta,,hamlet,,Almora,29.52451,79.84473
2382740518,Phutkoliyun,,village,,Almora,29.92761,79.26845
7934666371,Pilkhi,,hamlet,,Almora,29.77561,79.20861
7934821220,Pilkhi,,hamlet,,Almora,29.84617,79.18546
342108989,Pilkholi,,village,,Almora,29.60097,79.45043
8083026245,Pinakot,,village,,Almora,29.60962,79.17355
7934334060,Pinalukhet,,hamlet,,Almora,29.84489,79.11495
7904260040,Pinauli,,hamlet,,Almora,29.74199,79.42624
7904213560,Pinoli,,hamlet,,Almora,29.70108,79.47572
8074913588,Pipalabiola,,hamlet,,Almora,29.66709,79.14264
8045672531,Pipaldhar,,village,,Almora,29.90275,79.35571
7904763971,Pipalgaon,,hamlet,,Almora,29.67746,79.25350
7931557724,Pipalgaon,,hamlet,,Almora,29.88246,79.19722
7904714629,Pipali,,hamlet,,Almora,29.65468,79.36618
7941783221,Pipali,,hamlet,,Almora,29.70770,79.81093
7934821216,Pipalkhal,,village,,Almora,29.82596,79.18649
7905578224,Pipalkhand,,hamlet,,Almora,29.58219,79.46830
7904827669,Pipalkot,,hamlet,,Almora,29.68469,79.30363
7904260064,Pipaltanda,,village,,Almora,29.68507,79.44918
6612783974,Pipana,,village,,Almora,29.70179,79.18699
8075321034,Pipna,,village,,Almora,29.69081,79.18484
7934668298,Pipura,,hamlet,,Almora,29.81456,79.21121
7908991271,Pitna,,hamlet,,Almora,29.53949,79.83773
7938420676,Pitna,,village,,Almora,29.53245,79.82456
342105078,Pokhari,,hamlet,,Almora,29.75517,79.62914
7913596641,Pokhari,,hamlet,,Almora,29.77060,79.50662
342106562,Pokharthal,,village,,Almora,29.66446,79.69071
6419718190,Pokhri,पोखरी,hamlet,,Almora,29.58582,79.70516
7905622823,Pokhri,,hamlet,,Almora,29.65509,79.91219
7908957232,Pokhri,,hamlet,,Almora,29.56342,79.88378
8074913557,Pokhri Malli,,village,,Almora,29.64908,79.15542
8074913579,Pokhri Talli,,hamlet,,Almora,29.65252,79.15124
7934668288,Popnaula,,hamlet,,Almora,29.81866,79.23739
7931557715,Potalgaon,,hamlet,,Almora,29.88789,79.18085
342102450,Punagarh,,village,,Almora,29.46220,79.73207
8075321011,Punakot,,hamlet,,Almora,29.74586,79.16632
7938368561,Punauli,,village,,Almora,29.54721,79.79870
8039320772,Puniya Bagar,,hamlet,,Almora,29.91892,79.42060
7905578217,Punoli,,hamlet,,Almora,29.54895,79.45448
8075320958,Punya Chaura,,hamlet,,Almora,29.74186,79.20007
7933927443,Punyarbakhli,,hamlet,,Almora,29.88661,79.09152
8039660040,Purana Lohaba,,hamlet,,Almora,29.96581,79.33635
342109582,Puraniya,,hamlet,,Almora,29.66781,79.38112
7913528226,Rabari Jaincholi,,hamlet,,Almora,29.77993,79.59586
8074532688,Ragargad,,hamlet,,Almora,29.69122,79.15134
7938508481,Ragna,,village,,Almora,29.58923,79.77353
8039738154,Raidpathal,,hamlet,,Almora,29.93854,79.26320
7908862828,Raigal,,hamlet,,Almora,29.51264,79.96968
7904921114,Railibayali,,hamlet,,Almora,29.66548,79.32414
7934668304,Raindhar,,hamlet,,Almora,29.83139,79.22110
6418905101,Raingal,,hamlet,,Almora,29.56000,79.57441
7941678891,Rainthal,,hamlet,,Almora,29.67437,79.84458
7909345297,Rait,,hamlet,,Almora,29.78997,79.59337
7941678896,Raiyat,,hamlet,,Almora,29.69570,79.84187
7889759025,Rajakura,,village,,Almora,29.48696,79.71274
2518626679,Rajiyura,,hamlet,,Almora,29.56790,79.99385
8039627954,Rajkiya Udyan,,hamlet,,Almora,29.81505,79.45435
7936332605,Rajwar,,hamlet,,Almora,29.81541,79.14917
2383432675,Rampur,,hamlet,,Almora,29.93068,79.35295
8075321033,Rampur,,hamlet,,Almora,29.69611,79.18494
342109512,Rana,,village,,Almora,29.76746,79.38996
7938303412,Ranak,,hamlet,,Almora,29.51214,79.83320
7909217604,Ranaman,,hamlet,,Almora,29.76121,79.62906
8074913518,Ranankota,,hamlet,,Almora,29.65380,79.22369
7938574018,Ranaun,,village,,Almora,29.51864,79.78897
6418064484,Rangori,,hamlet,,Almora,29.54627,79.95548
8075321001,Rankuna,,village,,Almora,29.68030,79.20016
8074886374,Ranthamal,,hamlet,,Almora,29.69137,79.12175
8074532703,Raothar Nal,,hamlet,,Almora,29.69139,79.12639
7904921109,Rapar,,hamlet,,Almora,29.66208,79.28528
8083026242,Ratankot,,hamlet,,Almora,29.59166,79.17665
342111805,Rathkhaal,,village,,Almora,29.73862,79.19907
8039279618,Ratkhal,,village,,Almora,29.83108,79.46053
7934821229,Ratkhet,,hamlet,,Almora,29.85792,79.16288
8083026238,Ratwar,,hamlet,,Almora,29.59968,79.19497
7904790207,Rauhardar,,hamlet,,Almora,29.74269,79.29236
7908812868,Raul,,hamlet,,Almora,29.56409,79.96435
7909271924,Raulyana,,hamlet,,Almora,29.82907,79.58882
7904329424,Raun,,hamlet,,Almora,29.74139,79.38656
7938420683,Rausala,,village,,Almora,29.51635,79.82248
7909170426,Rautelagaon,,hamlet,,Almora,29.76894,79.61350
8074532707,Ravali Bari,,hamlet,,Almora,29.70491,79.11943
7904213566,Rawalsera,,hamlet,,Almora,29.73863,79.48160
7904213565,Rawari,,village,,Almora,29.74784,79.48081
7913719033,Rayanamath,,hamlet,,Almora,29.84001,79.57515
7938368568,Rikhan,,hamlet,,Almora,29.57773,79.80711
7904790201,Rikhar,,hamlet,,Almora,29.71778,79.29721
7934668313,Rikhari,,hamlet,,Almora,29.83808,79.24732
7931557714,Rikhaun,,hamlet,,Almora,29.89087,79.18776
7904329404,Rikholi,,hamlet,,Almora,29.68578,79.39875
8074913564,Rikvansi Talli,,hamlet,,Almora,29.62197,79.15952
8039385049,Ringonia,,hamlet,,Almora,29.88080,79.42914
5432545144,Risal,,hamlet,,Almora,29.70194,79.73314
8075320946,Rishtana,,hamlet,,Almora,29.73571,79.22055
7908566961,Risyaragaon,,hamlet,,Almora,29.78283,79.63058
8074913571,Ritha,,hamlet,,Almora,29.63315,79.11863
8082585315,Ritha,,hamlet,,Almora,29.64177,79.09237
7908938302,Rithakot,,hamlet,,Almora,29.59842,79.92178
7997449402,Riwali,,hamlet,,Almora,29.70364,79.12617
7997449401,Riwali choti,,hamlet,,Almora,29.70109,79.11732
8039660038,Riwari,,hamlet,,Almora,29.93898,79.34363
7894462654,Rohida,,hamlet,,Almora,29.88812,79.35925
342108283,Rordeli,,village,,Almora,29.82788,79.13590
8075321010,Ruatki Bakhali,,hamlet,,Almora,29.74448,79.16928
342108208,Ruchiakhal,,village,,Almora,29.81140,79.19770
7905578221,Ruma,,hamlet,,Almora,29.56639,79.46820
7941790017,Rupikura,,village,,Almora,29.65819,79.81615
7936332603,Ruroli,,hamlet,,Almora,29.82653,79.14188
7909009385,Rutnauli,,hamlet,,Almora,29.63491,79.83756
7908938311,Ruwal,,hamlet,,Almora,29.56144,79.92953
342104586,Rānikhet,रानीखेत,town,18886,Almora,29.64374,79.42812
8039660028,Sabha Baithal,,hamlet,,Almora,29.93691,79.34224
7904763981,Saboli Magchyori,,hamlet,,Almora,29.70446,79.25994
7904763977,Saboli Rautela,,hamlet,,Almora,29.70084,79.25998
8075320992,Sachhkholi,,hamlet,,Almora,29.67032,79.22024
7934666373,Sadgaon,,hamlet,,Almora,29.77686,79.23353
7904763958,Sagina,,hamlet,,Almora,29.67057,79.30524
7904714661,Sagneti,,hamlet,,Almora,29.69145,79.34644
7904714646,Sagura,,hamlet,,Almora,29.68839,79.36607
7889759036,Saharphatak,,village,,Almora,29.47975,79.75162
7904827668,Saikuda,,hamlet,,Almora,29.68524,79.31217
7909287598,Sail,,hamlet,,Almora,29.81559,79.61702
6418907119,Sainar,,hamlet,,Almora,29.59636,79.62552
7894384215,Sainauli,,village,,Almora,29.47476,79.87124
6418905558,Sainj,,hamlet,,Almora,29.55022,79.57079
8075320949,Sainkura,,hamlet,,Almora,29.73684,79.23784
8075320978,Sainmanur,,village,,Almora,29.68986,79.22279
7905622817,Sajaula,,hamlet,,Almora,29.67213,79.88131
7904714621,Sajgori,,hamlet,,Almora,29.65105,79.35826
7904921086,Sajhera,,hamlet,,Almora,29.66466,79.27772
342109631,Sakara,,village,,Almora,29.70566,79.22104
8074913549,Sakarkhola,,hamlet,,Almora,29.64769,79.17199
8075320972,Saknaina,,village,,Almora,29.70299,79.21070
8075321026,Saknyani,,hamlet,,Almora,29.71122,79.15585
8081838512,Saktakhal,,hamlet,,Almora,29.63685,79.11008
7904213570,Sakuni,,hamlet,,Almora,29.72751,79.46898
7908906677,Sal,,hamlet,,Almora,29.60947,79.88498
7904763972,Salauni,,hamlet,,Almora,29.67329,79.25415
7904763955,Salauni Malli,,hamlet,,Almora,29.67336,79.33176
7904763954,Salauni Talli,,hamlet,,Almora,29.67653,79.32966
7909388391,Salaunj,,hamlet,,Almora,29.79084,79.57466
7941630582,Salkura,,hamlet,,Almora,29.66775,79.83984
8044325706,Salna,,village,,Almora,29.75262,79.41467
7905622809,Salyuri,,hamlet,,Almora,29.69747,79.89826
7908566960,Samasi Bajel,,hamlet,,Almora,29.77933,79.63382
7909217119,Samasi Mahar,,hamlet,,Almora,29.78162,79.62773
7904921094,Samaura Karkoti,,hamlet,,Almora,29.64848,79.28878
7931305527,Sanabhira,,village,,Almora,29.89502,79.24705
7904714632,Sanan,,hamlet,,Almora,29.66540,79.36202
8075320985,Sanana,,hamlet,,Almora,29.68103,79.22818
8083026220,Sanana,,hamlet,,Almora,29.56619,79.16370
342109493,Sananna,,village,,Almora,29.76871,79.23574
7941630584,Sandani,,village,,Almora,29.67162,79.86203
7938368560,Sangar Kawarwi,,village,,Almora,29.54628,79.79392
7938303410,Sangrauli,,hamlet,,Almora,29.50041,79.83988
8083049086,Sankar,,village,,Almora,29.59762,79.09341
8075320933,Sansari,,hamlet,,Almora,29.70271,79.23287
7934082316,Sarainkhet,,hamlet,,Almora,29.88796,79.11480
6411619130,Sarka,,hamlet,,Almora,29.57396,79.53849
7904714627,Sarna,,hamlet,,Almora,29.64103,79.37292
7905604498,Saroli,,hamlet,,Almora,29.60727,79.44160
7909297591,Sarp,,hamlet,,Almora,29.78883,79.60633
7904921134,Sarpat,,hamlet,,Almora,29.65356,79.25117
7933305758,Sarson Malla,,hamlet,,Almora,29.88436,79.13238
7933305757,Sarson Talla,,hamlet,,Almora,29.88657,79.13632
8081838516,Sarur,,hamlet,,Almora,29.62054,79.09559
7931557727,Sate,,hamlet,,Almora,29.89386,79.19525
2377062462,Sater,,hamlet,,Almora,29.79318,79.23234
7904260053,Sati Naugaon,,hamlet,,Almora,29.71907,79.44677
8045722730,Satigaon,,hamlet,,Almora,29.83519,79.39718
7904827674,Satkura,,village,,Almora,29.69605,79.31115
8083026224,Satniyakot,,hamlet,,Almora,29.60460,79.23901
7908938326,Satola,,hamlet,,Almora,29.50824,79.95218
7909400303,Satoli,,hamlet,,Almora,29.78881,79.58350
7904260042,Satora,,hamlet,,Almora,29.74044,79.41650
8083026228,Saukhati,,hamlet,,Almora,29.60490,79.21467
7904561592,Saukhola,,hamlet,,Almora,29.67368,79.40448
7907517156,Saukhola,,village,,Almora,29.61954,79.36013
7904714658,Saula,,hamlet,,Almora,29.67704,79.34191
7907371101,Saula,,hamlet,,Almora,29.57133,79.39712
7908408955,Saunakotuli,,hamlet,,Almora,29.84165,79.63264
7904790195,Saunali,,hamlet,,Almora,29.71882,79.27204
7904714612,Sauni,,hamlet,,Almora,29.62934,79.35487
7908938321,Saura,,hamlet,,Almora,29.52059,79.91979
8083039179,Saural,,hamlet,,Almora,29.55459,79.18397
8083039180,Saural,,hamlet,,Almora,29.55914,79.18774
7904921088,Saure Malla,,hamlet,,Almora,29.65994,79.26486
7904921116,Savani,,hamlet,,Almora,29.65899,79.33266
7938533222,Sawra,,hamlet,,Almora,29.55496,79.77392
7934845505,Sayal Bakhli,,hamlet,,Almora,29.77345,79.17825
7905578218,Sayali Khet,,hamlet,,Almora,29.54914,79.46441
7904921129,Sayalkot Palla,,hamlet,,Almora,29.64293,79.26494
7938508471,Sela,,village,,Almora,29.62262,79.76943
7931557721,Selapani,,village,,Almora,29.87088,79.20224
7934668308,Selipatli,,hamlet,,Almora,29.86246,79.23022
7904714617,Sellana,,hamlet,,Almora,29.65461,79.33258
7908812865,Selpar,,hamlet,,Almora,29.57756,79.97899
7904329417,Semalgaon,,hamlet,,Almora,29.74020,79.37843
8083026255,Semalkhet,,hamlet,,Almora,29.58001,79.11463
7938303409,Sembal,,hamlet,,Almora,29.50283,79.84363
7908991284,Semdeo,,hamlet,,Almora,29.61271,79.83945
7904714619,Senari,,hamlet,,Almora,29.65453,79.34451
7936334928,Sera,,hamlet,,Almora,29.86476,79.15392
7933305760,Seragad,,hamlet,,Almora,29.88222,79.15044
342107116,Seraghat,,village,,Almora,29.70566,79.88846
7938303414,Seri,,hamlet,,Almora,29.51032,79.85129
8083039178,Seri,,hamlet,,Almora,29.55319,79.18995
7941682715,Shaokiyatha,,hamlet,,Almora,29.65515,79.84265
342109984,Shashikhal,,village,,Almora,29.65897,79.16474
8074913546,Shashikhal,,hamlet,,Almora,29.65819,79.17151
7905578197,Shhati,,hamlet,,Almora,29.51675,79.48969
7904790219,Shilang,,hamlet,,Almora,29.74612,79.31678
7905585280,Shishua,,hamlet,,Almora,29.58503,79.42954
342106001,Shitlakhet,,village,,Almora,29.59442,79.54376
6418905513,Sidpur,,hamlet,,Almora,29.55194,79.55734
7938303415,Sila,,hamlet,,Almora,29.50934,79.86314
7904329421,Silang,,hamlet,,Almora,29.71795,79.37553
7908957240,Silang,,hamlet,,Almora,29.57954,79.89378
7905578226,Silangi,,hamlet,,Almora,29.58380,79.46317
7905586829,Silangi,,hamlet,,Almora,29.65270,79.92056
7908906681,Silangi,,hamlet,,Almora,29.59421,79.89944
7908938290,Silangi,,hamlet,,Almora,29.63070,79.89090
7907588752,Silphori,,hamlet,,Almora,29.59538,79.25385
7904921131,Sim,,village,,Almora,29.63568,79.26074
8075320948,Sima,,hamlet,,Almora,29.73776,79.22735
7938420678,Simaila,,village,,Almora,29.51661,79.81879
7909102991,Simakhola,,hamlet,,Almora,29.76231,79.64257
7934821228,Simal Chaura,,hamlet,,Almora,29.85478,79.16367
7904763979,Simaldhar,,hamlet,,Almora,29.69644,79.28142
7904827673,Simaldhar,,hamlet,,Almora,29.69529,79.29784
342109530,Simalgaon,,village,,Almora,29.74548,79.37760
342107525,Simalkhet,,village,,Almora,29.96109,79.33640
8039272362,Simalkot,,hamlet,,Almora,29.86647,79.47647
7904714667,Simalta,,hamlet,,Almora,29.74782,79.33994
7913596643,Simalti Nagair,,hamlet,,Almora,29.77820,79.49965
7908957237,Siman,,hamlet,,Almora,29.56390,79.89060
7904553964,Simani,,hamlet,,Almora,29.62538,79.38761
7931557716,Simgaon,,hamlet,,Almora,29.88010,79.17027
7941766977,Simkhaliya,,hamlet,,Almora,29.63747,79.76694
8075320962,Simli Bangari,,hamlet,,Almora,29.73140,79.18789
8075320963,Simli Hat,,hamlet,,Almora,29.72653,79.19347
7905604486,Simola,,hamlet,,Almora,29.60107,79.41510
7908814980,Simtak,,hamlet,,Almora,29.58414,79.97775
7904790206,Sinar,,hamlet,,Almora,29.73710,79.28442
342109670,Sinaura,,village,,Almora,29.64798,79.29383
7904553973,Singo,,hamlet,,Almora,29.65334,79.40223
7904790213,Singoli,,hamlet,,Almora,29.71746,79.31884
8074913581,Singraun,,hamlet,,Almora,29.65873,79.15074
7934821224,Sira,,village,,Almora,29.84811,79.17536
7905622831,Sirani,,hamlet,,Almora,29.62519,79.90462
6415179675,Sirar,,hamlet,,Almora,29.61119,79.71196
8082585291,Sirau,,hamlet,,Almora,29.65811,79.09430
6418065732,Siraula,,hamlet,,Almora,29.56363,79.95547
8074913555,Siravali,,hamlet,,Almora,29.61777,79.17293
7908862832,Sirgaon,,hamlet,,Almora,29.52365,79.98472
7904827676,Sirkaun,,hamlet,,Almora,29.70197,79.30172
7904553981,Sirkhai,,hamlet,,Almora,29.64964,79.39361
7909170391,Sirkot,,hamlet,,Almora,29.48339,79.88339
7904921118,Sirmoli,,hamlet,,Almora,29.62508,79.31170
7941682716,Siroda,,village,,Almora,29.64452,79.85561
8081838509,Siroli,,hamlet,,Almora,29.63810,79.08118
7889815774,Sirsoli,,village,,Almora,29.48940,79.70130
7904329416,Sisoni,,hamlet,,Almora,29.74720,79.38249
7905578234,Siwali,,hamlet,,Almora,29.59848,79.49630
8039627938,Siyalgarh,,hamlet,,Almora,29.81307,79.41197
7904921098,Soli,,hamlet,,Almora,29.64666,79.28915
342105140,Someshwar,,village,,Almora,29.78079,79.60336
7904790218,Sonanen,,hamlet,,Almora,29.74761,79.32936
8074913542,Soti,,hamlet,,Almora,29.65194,79.18671
8074913532,Springa,,hamlet,,Almora,29.63249,79.21488
7904714680,Suali,,hamlet,,Almora,29.74243,79.37420
7908938291,Sudhara,,hamlet,,Almora,29.62193,79.91858
342106244,Suhn,,village,,Almora,29.56415,79.85735
7904260076,Sukhakhala,,hamlet,,Almora,29.62475,79.42684
7905622812,Sukna,,hamlet,,Almora,29.69018,79.90421
7908938310,Sukna,,hamlet,,Almora,29.56842,79.94073
7905578213,Sukoli,,hamlet,,Almora,29.54158,79.47420
7904329415,Sunar,,hamlet,,Almora,29.74730,79.37737
7909174219,Sunari,,hamlet,,Almora,29.75169,79.62547
7905622814,Sunarikhet,,hamlet,,Almora,29.69256,79.87694
8039660030,Sungarhi,,hamlet,,Almora,29.93076,79.33258
8039627948,Sungarkhal,,hamlet,,Almora,29.80728,79.42845
7907546565,Suni Malla,,hamlet,,Almora,29.60492,79.30000
7907546566,Suni Talla,,hamlet,,Almora,29.60648,79.29614
7941790011,Sunkhal,,hamlet,,Almora,29.67454,79.80827
7904260055,Sunoli,,hamlet,,Almora,29.70941,79.43978
7931305519,Sunoli,,village,,Almora,29.87161,79.22668
3738808626,Sunāri,,hamlet,,Almora,29.48331,79.82483
6415233331,Supai,,village,,Almora,29.64850,79.75168
7909170425,Supakot,,hamlet,,Almora,29.76944,79.62633
7941766982,Supali,,hamlet,,Almora,29.65330,79.78632
342109426,Suraikhal,,village,,Almora,29.78668,79.33090
342107987,Suraikhet,,village,,Almora,29.89105,79.12079
6411616352,Suri,,hamlet,,Almora,29.57310,79.51665
7931305501,Surmoli,,hamlet,,Almora,29.89963,79.21293
7938303420,Surna,,hamlet,,Almora,29.50763,79.86578
8039279615,Surna Budha,,village,,Almora,29.80308,79.48076
8039279613,Surna Malla,,village,,Almora,29.79378,79.47596
8039279614,Surna Talla,,village,,Almora,29.79932,79.47553
7933295778,Suwaghol,,hamlet,,Almora,29.87742,79.11873
7908957221,Swari,,hamlet,,Almora,29.51772,79.87661
8074913538,Syahi,,hamlet,,Almora,29.63676,79.19380
342108197,Syalde,,village,,Almora,29.82502,79.20384
7938361427,Syalkot,,hamlet,,Almora,29.57075,79.81861
7938361440,Syalsuna,,village,,Almora,29.61829,79.79844
7936332607,Syauniya,,hamlet,,Almora,29.82037,79.16139
7907371089,Syun,,village,,Almora,29.59591,79.38450
7908938299,Syunl,,hamlet,,Almora,29.59966,79.94058
8075320937,Syutari,,hamlet,,Almora,29.71614,79.24462
7913699510,Tail Mainari,,hamlet,,Almora,29.78349,79.52451
8039660031,Tajpur,,hamlet,,Almora,29.91888,79.33836
7909170406,Tak,,hamlet,,Almora,29.49222,79.90346
7908938307,Takauli,,hamlet,,Almora,29.57575,79.94242
8083026239,Tal,,hamlet,,Almora,29.59732,79.20242
7938361431,Talar,,village,,Almora,29.59104,79.81645
6417618717,Talchaura,,hamlet,,Almora,29.61388,79.89546
2383051272,Taleshwar,,village,,Almora,29.91696,79.19989
7908938330,Talet,,hamlet,,Almora,29.53590,79.97579
8074905513,Talig Ujjer,,hamlet,,Almora,29.66648,79.21426
7904553979,Talla Biswa,,hamlet,,Almora,29.64789,79.40107
7905622824,Talla Chamuwan,,hamlet,,Almora,29.64722,79.89447
7904714614,Talla Dabhar,,hamlet,,Almora,29.63107,79.36472
7904714655,Talla Daunda,,hamlet,,Almora,29.66827,79.35002
8039627947,Talla Dora,,hamlet,,Almora,29.80539,79.43426
7907371093,Talla Gair,,village,,Almora,29.59001,79.41484
8075320999,Talla Kwairala,,hamlet,,Almora,29.67993,79.20907
7938574012,Talla Lamkot,,village,,Almora,29.51560,79.77064
7905633301,Talla Myun,,hamlet,,Almora,29.56763,79.43246
7904213541,Talla Naugaon,,hamlet,,Almora,29.68459,79.46454
7905585283,Talla Sima,,hamlet,,Almora,29.58865,79.42025
7904329414,Talli Chamini,,hamlet,,Almora,29.71027,79.38571
7936334931,Talli Chanauli,,hamlet,,Almora,29.85296,79.14675
7934821223,Talli Kanauni,,hamlet,,Almora,29.83930,79.17589
7904260038,Talli Kiroli,,hamlet,,Almora,29.72801,79.41811
7904260056,Talli Sunoli,,hamlet,,Almora,29.70472,79.42931
7934668290,Taltai,,hamlet,,Almora,29.81038,79.24181
7934668310,Tamadhaun,,hamlet,,Almora,29.84950,79.21143
7904213563,Tamkhani,,hamlet,,Almora,29.70485,79.46802
7904763957,Tana,,hamlet,,Almora,29.67178,79.31305
7905604499,Tana,,hamlet,,Almora,29.60440,79.43368
7909217602,Tana,,hamlet,,Almora,29.76771,79.62062
7909388397,Tana,,hamlet,,Almora,29.80390,79.57749
7934821221,Tana,,hamlet,,Almora,29.83992,79.18085
7904921113,Tana Chuk Dinedhar,,hamlet,,Almora,29.66630,79.31813
7909217605,Tana ka Chak,,hamlet,,Almora,29.75860,79.62537
7904260077,Tanaula,,hamlet,,Almora,29.62130,79.42929
7904921103,Tani,,village,,Almora,29.63954,79.29865
7941678897,Tani,,hamlet,,Almora,29.69262,79.86076
7934334052,Tansalisain,,hamlet,,Almora,29.85754,79.09701
7905577736,Tapni,,hamlet,,Almora,29.63102,79.92527
8074913540,Tarar,,village,,Almora,29.63353,79.18767
7904921133,Tarari,,hamlet,,Almora,29.63898,79.24941
8075291313,Tarari,,village,,Almora,29.63432,79.23779
7941790010,Tarathal,,hamlet,,Almora,29.67385,79.79544
7904553982,Tari,,hamlet,,Almora,29.65207,79.38849
8075321052,Tari,,hamlet,,Almora,29.67180,79.16897
7904561585,Tari Jyuli,,hamlet,,Almora,29.65522,79.39240
7907348180,Tarikhet,,village,,Almora,29.61779,79.40735
7905622830,Tarkhet,,hamlet,,Almora,29.64303,79.91113
7908957229,Tarkot,,hamlet,,Almora,29.53008,79.88494
7905586835,Tarula,,hamlet,,Almora,29.65041,79.94116
7905604496,Taswar,,hamlet,,Almora,29.59794,79.43600
6418904068,Tat,,hamlet,,Almora,29.57273,79.58227
8039660037,Tatalgaon,,hamlet,,Almora,29.93738,79.35348
6419718189,Tatik,,hamlet,,Almora,29.59748,79.70309
7907348183,Taura,,village,,Almora,29.61458,79.41145
8075320919,Taya,,village,,Almora,29.64598,79.24243
8074532698,Teet,,hamlet,,Almora,29.68003,79.12338
7905585281,Telgaon,,hamlet,,Almora,29.58751,79.42759
7936332613,Thadidhar,,village,,Almora,29.78663,79.15070
7941678890,Thaikalna,,hamlet,,Almora,29.68007,79.85063
7997449400,Thairgaon,,hamlet,,Almora,29.69343,79.12198
8083039160,Thakuani,,hamlet,,Almora,29.55145,79.23260
7907371087,Thakulari,,village,,Almora,29.60272,79.38952
7941682721,Thala,,hamlet,,Almora,29.66553,79.86992
8082585313,Thala,,hamlet,,Almora,29.65086,79.12041
8074913574,Thala Manyal,,hamlet,,Almora,29.64448,79.13059
8074913575,Thala Tanyal,,village,,Almora,29.64661,79.12450
7908906672,Thali,,hamlet,,Almora,29.58096,79.91537
8074913556,Thalmar,,village,,Almora,29.63773,79.16170
7904219685,Thaman,,hamlet,,Almora,29.73535,79.49484
7908938300,Thangdhar,,hamlet,,Almora,29.60081,79.92876
8039747677,Thanigaon,,hamlet,,Almora,29.91938,79.31635
7904553968,Thapla,,hamlet,,Almora,29.63320,79.40935
8075320925,Thapla,,hamlet,,Almora,29.66829,79.23692
8074913524,That,,hamlet,,Almora,29.64314,79.18310
7904921112,Thauli,,hamlet,,Almora,29.66291,79.30997
342102300,Thayakhan,,village,,Almora,29.51889,79.89533
7934668285,Thiroli,,hamlet,,Almora,29.77151,79.24584
7905633295,Thrar,,hamlet,,Almora,29.54524,79.43695
342109504,Thulachaua,,village,,Almora,29.77432,79.22791
7908991270,Tikar,,hamlet,,Almora,29.53407,79.83756
8039627946,Tilwara,,hamlet,,Almora,29.79876,79.42836
7934143803,Timil Tanola,,hamlet,,Almora,29.76378,79.12607
7936334935,Timilkhet,,hamlet,,Almora,29.84603,79.15714
7904553966,Timla,,hamlet,,Almora,29.62906,79.37819
7934668297,Timli,,hamlet,,Almora,29.81159,79.20838
342109549,Tipola,,village,,Almora,29.68918,79.37210
7905578220,Tipula,,hamlet,,Almora,29.56452,79.45843
7905578214,Tipura Shera,,hamlet,,Almora,29.55069,79.47342
7934668307,Titeshwar Mahadev,,hamlet,,Almora,29.86471,79.22224
7931305520,Titiri,,village,,Almora,29.87550,79.23046
8075320935,Titoli,,hamlet,,Almora,29.70865,79.22773
8039747675,Tiwarigaon,,hamlet,,Almora,29.91546,79.32504
7904260058,Tiwarikhola,,hamlet,,Almora,29.69616,79.45628
8039279616,Todra,,village,,Almora,29.80270,79.45888
8039385044,Toiya,,hamlet,,Almora,29.85758,79.43536
7904260065,Tok,,hamlet,,Almora,29.67505,79.45257
7909271920,Tola,,hamlet,,Almora,29.82074,79.61107
7923485681,Toli,,hamlet,,Almora,29.47992,79.93026
7941766976,Toli,,village,,Almora,29.63838,79.78602
342108442,Tolia,,village,,Almora,29.58481,79.20456
7907588747,Tolkande,,hamlet,,Almora,29.61587,79.28146
8083039177,Tota AM,,hamlet,,Almora,29.55104,79.20574
342108463,Tota Ām,,hamlet,,Almora,29.55207,79.21356
7909218032,Trtakot,,hamlet,,Almora,29.81373,79.62579
8075321051,Tuknauli,,hamlet,,Almora,29.67005,79.17559
8074913570,Tukra,,hamlet,,Almora,29.62532,79.12469
7905578223,Tunakot,,hamlet,,Almora,29.57488,79.47046
7905578215,Tunakot Shera,,hamlet,,Almora,29.55733,79.46823
7905578196,Tuniyan,,hamlet,,Almora,29.51592,79.48484
7913614739,Tusyari,,hamlet,,Almora,29.76179,79.52851
8039247813,Tyarigaon,,hamlet,,Almora,29.75491,79.48211
7934821234,Tyautha,,hamlet,,Almora,29.85155,79.18666
7904260054,Ubhyari,,hamlet,,Almora,29.71515,79.44325
8075321057,Uchar,,hamlet,,Almora,29.66262,79.16555
7934821235,Udepur,,village,,Almora,29.85032,79.19323
7909174221,Udyura,,hamlet,,Almora,29.76536,79.63946
7904921090,Ugaliya,,hamlet,,Almora,29.63478,79.28009
7904921125,Ugaliya Aswal,,hamlet,,Almora,29.62621,79.28328
7904921126,Ugaliya Bist,,hamlet,,Almora,29.62503,79.27525
2383051680,Ugliyasim,,hamlet,,Almora,29.92709,79.20954
8074905514,Ujral,,village,,Almora,29.66593,79.20931
8039320773,Ukhalyun,,hamlet,,Almora,29.92013,79.43128
7931305502,Ukhlyan,,hamlet,,Almora,29.91853,79.21619
8039385040,Ulainigad,,hamlet,,Almora,29.85966,79.44338
8039279612,Ulani,,village,,Almora,29.79784,79.48930
7913596646,Ulina,,hamlet,,Almora,29.78805,79.50381
7905604485,Uni,,hamlet,,Almora,29.59464,79.42087
8083026258,Unlyalgaon,,hamlet,,Almora,29.60556,79.12783
7904714673,Unuli,,hamlet,,Almora,29.71467,79.33120
342109018,Upradi,,village,,Almora,29.59030,79.46823
7904921128,Upthara,,hamlet,,Almora,29.64042,79.25989
7904213567,Urgal,,hamlet,,Almora,29.73802,79.47334
7904213581,Urgal,,hamlet,,Almora,29.72141,79.48439
7938574016,Utad,,village,,Almora,29.50868,79.78184
7941766983,Utryan,,hamlet,,Almora,29.65901,79.78126
7938361442,Vibhanchaik,,village,,Almora,29.62947,79.82881
7904790211,Vinayak,,hamlet,,Almora,29.72395,79.29863
7905622815,Wadyar,,hamlet,,Almora,29.69200,79.88817
342108007,Walmara,,village,,Almora,29.85397,79.20319
7904260063,Walna,,village,,Almora,29.68242,79.42356
8045672537,Waralgaon,,village,,Almora,29.87998,79.36811
7909345295,Warangala,,hamlet,,Almora,29.80043,79.58719
8045445194,adigram,,village,,Almora,29.83149,79.27627
8045561091,agar,,hamlet,,Almora,29.88508,79.31073
8045672559,agar,,hamlet,,Almora,29.83796,79.36682
8045672543,agarnaula,,hamlet,,Almora,29.86298,79.36244
7904355185,aghar,,hamlet,,Almora,29.60535,79.57601
7899355228,aina,,hamlet,,Almora,29.70084,79.52630
7899412347,aincholi,,hamlet,,Almora,29.55662,79.70542
7899334934,airadeo,,hamlet,,Almora,29.74156,79.57447
8045722734,akhoriya,,hamlet,,Almora,29.84251,79.38682
8045342040,amri ka garhi,,hamlet,,Almora,29.78057,79.31741
8045722749,amsyari,,village,,Almora,29.88292,79.38540
7899412721,anuli,,hamlet,,Almora,29.50080,79.73463
8045722754,aseti,,hamlet,,Almora,29.90419,79.40304
7899412352,asota,,hamlet,,Almora,29.55731,79.68414
8045445214,atharali,,hamlet,,Almora,29.78816,79.26969
8045588292,baban,,hamlet,,Almora,29.76706,79.35689
7899262319,babari,,hamlet,,Almora,29.74810,79.62452
342106057,baburkhol,,village,,Almora,29.65622,79.54514
7899334936,bagadwar,,hamlet,,Almora,29.72727,79.55222
8045672572,bagan,,hamlet,,Almora,29.80339,79.37229
8045672575,bagan,,hamlet,,Almora,29.80632,79.35923
7899412374,bagar,,hamlet,,Almora,29.50916,79.70139
8045722752,bagdi,,hamlet,,Almora,29.89369,79.39113
8044325695,bagjiwala,,hamlet,,Almora,29.79208,79.39119
8045561099,bagjiwala,,hamlet,,Almora,29.91100,79.30101
7899355234,baguna,,village,,Almora,29.72268,79.50437
7899412345,baiditana,,village,,Almora,29.57049,79.69637
7899412725,baigariya,,hamlet,,Almora,29.51299,79.72368
8045561096,baisiyun,,hamlet,,Almora,29.90377,79.30001
8045445225,bajan,,hamlet,,Almora,29.75614,79.28935
7899262326,bajel,,hamlet,,Almora,29.74981,79.64892
7899412747,bajethi,,hamlet,,Almora,29.57251,79.70844
7899412327,bajwar,,village,,Almora,29.59348,79.67914
7899412765,bajyoli,,hamlet,,Almora,29.61604,79.72823
7895710434,baldigad,,hamlet,,Almora,29.67254,79.67163
7899412722,baliya,,hamlet,,Almora,29.51008,79.73946
7899412752,balma,,hamlet,,Almora,29.57073,79.73920
7903897799,balsa,,hamlet,,Almora,29.61164,79.59073
6415177909,balta,,hamlet,,Almora,29.63376,79.68543
8045672545,baman gwali,,hamlet,,Almora,29.86659,79.36275
7899300510,bamanagad,,hamlet,,Almora,29.73927,79.59226
8045445220,bamanchauna,,hamlet,,Almora,29.76303,79.26535
7899334971,bangsar,,hamlet,,Almora,29.65542,79.56097
8043876735,banoli,,hamlet,,Almora,29.75087,79.39562
8043876737,banoli,,hamlet,,Almora,29.75424,79.44441
7894511698,barakot,,hamlet,,Almora,29.64038,79.70080
7899334984,bargal batt malla,,hamlet,,Almora,29.62484,79.54947
7899349685,bargal batt talla,,hamlet,,Almora,29.61912,79.56008
7904355187,bargal rautela,,hamlet,,Almora,29.61197,79.55800
8045672549,barigar,,hamlet,,Almora,29.85244,79.34327
7904384066,barsali,,hamlet,,Almora,29.57426,79.52415
7903857811,barsimi,,hamlet,,Almora,29.57799,79.63067
7899334981,basar,,hamlet,,Almora,29.63419,79.55658
7895717659,basauli,,hamlet,,Almora,29.70667,79.70280
8045445216,basaura,,hamlet,,Almora,29.78690,79.28123
7899412375,basauri,,hamlet,,Almora,29.51152,79.69482
8045722758,basbhida,,hamlet,,Almora,29.92808,79.41009
8045672552,basbhira,,hamlet,,Almora,29.84867,79.37399
8045722729,basegad,,hamlet,,Almora,29.82968,79.37955
7899349687,basgaon,,hamlet,,Almora,29.61902,79.57249
8045722742,baskaniya,,hamlet,,Almora,29.87176,79.37034
8045445191,basoli,,hamlet,,Almora,29.83969,79.27430
7899334952,basyura,,hamlet,,Almora,29.69840,79.55687
7894473447,bataldeon,,hamlet,,Almora,29.62324,79.71473
7894473455,batgal,,hamlet,,Almora,29.65530,79.71593
8045445223,batula,,hamlet,,Almora,29.76676,79.28800
8044325696,bayala,,hamlet,,Almora,29.79543,79.39428
8043876733,bedhuli,,village,,Almora,29.75441,79.38596
8045588297,bedhuli,,hamlet,,Almora,29.75115,79.35712
7899270693,beh,,hamlet,,Almora,29.68021,79.65538
8045445219,bel,,hamlet,,Almora,29.77193,79.26321
7904384062,bergaon,,village,,Almora,29.55771,79.53552
7904331584,bhaghar,,hamlet,,Almora,29.59878,79.57721
7899334957,bhagoti,,hamlet,,Almora,29.68735,79.57562
8045342071,bhagoti,,hamlet,,Almora,29.84961,79.30809
7899270699,bhagtola,,hamlet,,Almora,29.69875,79.63635
7899334941,bhainskhet,,hamlet,,Almora,29.69092,79.55061
7899355208,bhainsoli,,village,,Almora,29.62583,79.51353
7899412349,bhainsora,,hamlet,,Almora,29.56073,79.67227
7895717661,bhainsori,,hamlet,,Almora,29.70063,79.70261
7895717660,bhakuna,,hamlet,,Almora,29.71061,79.69337
7899270688,bhanergaon,,hamlet,,Almora,29.67257,79.63060
8045458276,bhanti,,hamlet,,Almora,29.79516,79.35081
7899355223,bharkoli gad,,hamlet,,Almora,29.69208,79.52507
7899270689,bharsimi,,hamlet,,Almora,29.66722,79.61535
7899262325,bhatgad,,hamlet,,Almora,29.73223,79.63396
7895710425,bhatgaon,,hamlet,,Almora,29.68019,79.67472
7899412757,bhatkhola,,hamlet,,Almora,29.59135,79.72184
7899412361,bhatkot,,hamlet,,Almora,29.53038,79.68985
8045588296,bhatkot,,hamlet,,Almora,29.75885,79.35049
8045672539,bhatkot,,village,,Almora,29.87102,79.34236
7899412362,bhatkot sainj,,hamlet,,Almora,29.53418,79.66959
8045413764,bhatlwani,,hamlet,,Almora,29.90761,79.28916
7899262313,bhatnyal jhula,,hamlet,,Almora,29.71995,79.62852
7899355210,bhatuliya,,hamlet,,Almora,29.64077,79.50432
7899262301,bhelgad,,hamlet,,Almora,29.70242,79.64367
8044325697,bhenrumala,,hamlet,,Almora,29.78617,79.38616
7895710426,bhetauli,,hamlet,,Almora,29.67966,79.70982
8045722721,bhipuagaon,,hamlet,,Almora,29.81093,79.41087
7899334932,bhitarkot,,hamlet,,Almora,29.74567,79.54213
8044325700,bhumkiya,,village,,Almora,29.78437,79.41621
8045342081,bhyaltigaon,,hamlet,,Almora,29.86499,79.29957
7899272638,bimola,,hamlet,,Almora,29.62266,79.61291
7903897797,bimola talla,,hamlet,,Almora,29.61508,79.61885
7894511709,bintola,,hamlet,,Almora,29.63390,79.69412
8045672532,birakhanmua,,hamlet,,Almora,29.90835,79.35526
7899412354,biraura,,hamlet,,Almora,29.52481,79.70639
7899412353,bisaudkhot,,hamlet,,Almora,29.52041,79.70399
8045588293,bitholi,,village,,Almora,29.76957,79.37152
7899262320,brahman pokhri,,hamlet,,Almora,29.71504,79.64221
8045458281,budhli,,hamlet,,Almora,29.78714,79.35704
7899355211,buklani,,hamlet,,Almora,29.63031,79.52197
7899355243,bunga,,hamlet,,Almora,29.71909,79.52803
8044325703,bunga,,hamlet,,Almora,29.76617,79.41736
8045342024,chamada,,hamlet,,Almora,29.76710,79.33207
7904331582,champakhali,,hamlet,,Almora,29.60523,79.54903
7899334966,channa,,hamlet,,Almora,29.65931,79.56879
7904384072,chapar,,hamlet,,Almora,29.58945,79.51823
8045413770,chaukot patti,,hamlet,,Almora,29.87439,79.25585
7903857808,chaumat,,village,,Almora,29.55358,79.65054
7899308805,chauna,,hamlet,,Almora,29.67155,79.58732
7899412373,chauna,,hamlet,,Almora,29.50052,79.70630
8045588291,chauniyan,,hamlet,,Almora,29.76857,79.34815
8045672573,chaunra,,hamlet,,Almora,29.80159,79.36292
8045342034,chaura,,hamlet,,Almora,29.77151,79.30625
7899272649,chhana,,hamlet,,Almora,29.62952,79.65752
8045413777,chhana,,hamlet,,Almora,29.86984,79.26337
8045722736,chhana,,hamlet,,Almora,29.84926,79.38346
8045445189,chhani,,hamlet,,Almora,29.84215,79.28945
8044325704,chhatena,,hamlet,,Almora,29.76224,79.41182
7899412751,chhatola,,hamlet,,Almora,29.57826,79.74458
8045722753,chhitad,,village,,Almora,29.90538,79.39688
7899300509,chichori,,hamlet,,Almora,29.74059,79.60174
8045342077,chinauni,,hamlet,,Almora,29.86009,79.32034
7899334950,chinuna,,hamlet,,Almora,29.70321,79.56179
7894511711,chitai,,hamlet,,Almora,29.61925,79.70184
7907588739,chopiya,,hamlet,,Almora,29.61936,79.25252
8045722761,chulerasim,,hamlet,,Almora,29.93391,79.40898
7895717665,churari,,hamlet,,Almora,29.69823,79.69171
8045722715,dabra,,hamlet,,Almora,29.81756,79.37931
8045588290,dadura,,village,,Almora,29.76965,79.33944
7899355242,daina,,hamlet,,Almora,29.71279,79.53612
8045722706,dairi,,hamlet,,Almora,29.77233,79.44152
7899412723,daliya,,hamlet,,Almora,29.50834,79.72985
7899355209,dalmoti,,hamlet,,Almora,29.63885,79.50083
8045722709,damar,,hamlet,,Almora,29.79986,79.40530
8045722714,damrad,,hamlet,,Almora,29.82135,79.38060
8045722705,danarmiral,,hamlet,,Almora,29.75682,79.44043
8045342072,dang,,hamlet,,Almora,29.84664,79.29361
8045342052,dangarkhola,,hamlet,,Almora,29.81305,79.32812
7899334943,dangikhola malla,,hamlet,,Almora,29.67901,79.54638
7899334945,dangikhola talla,,hamlet,,Almora,29.67709,79.55773
8045722737,dantola,,hamlet,,Almora,29.85479,79.38122
7899349686,darman,,hamlet,,Almora,29.62648,79.56377
7899412735,deonala,,hamlet,,Almora,29.52981,79.72963
8045722703,devpuri,,hamlet,,Almora,29.77299,79.45440
7899412745,dhaili,,hamlet,,Almora,29.56134,79.72703
7904355190,dhaili,,hamlet,,Almora,29.63141,79.57479
8045342048,dhakdhaki,,hamlet,,Almora,29.79648,79.29419
8045342027,dhamera,,hamlet,,Almora,29.75419,79.31456
7899412761,dhaniyan,,hamlet,,Almora,29.60110,79.74226
8045722702,dhankalgaon,,village,,Almora,29.77943,79.44941
7899355227,dhankhoti,,hamlet,,Almora,29.70139,79.53427
7899412756,dhankhoti,,hamlet,,Almora,29.59717,79.70874
8045413758,dhar ki bakhal,,hamlet,,Almora,29.91010,79.24978
8044325692,dhargaon,,hamlet,,Almora,29.78052,79.39658
7899270700,dharimkhola,,hamlet,,Almora,29.69911,79.62902
7899412733,dharirau,,hamlet,,Almora,29.51820,79.73474
7899412726,dharkhola,,hamlet,,Almora,29.51688,79.71229
7904355195,dhatwalgaon,,hamlet,,Almora,29.54791,79.57523
7899334960,dhauaghat,,village,,Almora,29.67124,79.57643
7899262324,dhaul,,hamlet,,Almora,29.72669,79.66032
8045672541,dhaun,,hamlet,,Almora,29.86554,79.35161
8045672561,dhungadhara,,hamlet,,Almora,29.83491,79.35378
7899355218,dida (dwarson),,hamlet,,Almora,29.65688,79.53835
7894473456,digoi,,hamlet,,Almora,29.63909,79.72333
8043876738,dikholi,,village,,Almora,29.75026,79.43798
7903897805,dilkot,,hamlet,,Almora,29.61749,79.59058
7894511690,dinapani,,hamlet,,Almora,29.66037,79.69470
8045342064,dipakot,,hamlet,,Almora,29.84079,79.29910
7904384050,dol,,hamlet,,Almora,29.56545,79.51191
7899355232,dotalgaon malla,,hamlet,,Almora,29.74033,79.51067
7899355231,dotalgaon talla,,hamlet,,Almora,29.73325,79.50778
7899233467,dotiyalgaon,,hamlet,,Almora,29.72047,79.69966
8045413759,dubsil,,hamlet,,Almora,29.91359,79.25318
7904384054,dungra,,hamlet,,Almora,29.55708,79.50058
7904384073,dungri,,hamlet,,Almora,29.61355,79.50145
7899262308,duni,,hamlet,,Almora,29.73081,79.64343
7894511694,gadholi,,hamlet,,Almora,29.65916,79.66940
7899270696,gagil,,hamlet,,Almora,29.68224,79.64833
7899334937,gailekh,,hamlet,,Almora,29.72386,79.56567
7904384075,gairoli,,village,,Almora,29.59939,79.51928
7899334949,galli,,hamlet,,Almora,29.70500,79.55255
7895717662,gangola,,hamlet,,Almora,29.70124,79.67963
7903857810,gangtari,,hamlet,,Almora,29.54804,79.66414
8045588287,ganoli,,village,,Almora,29.77641,79.36489
7899334976,garhwali,,hamlet,,Almora,29.64409,79.57464
8045445197,garrkhet,,hamlet,,Almora,29.82326,79.25564
7904384067,garsari,,hamlet,,Almora,29.56956,79.52524
8045672560,garsari,,hamlet,,Almora,29.84379,79.36867
7899412749,gauna,,hamlet,,Almora,29.57325,79.72892
7899412753,gauna,,hamlet,,Almora,29.58169,79.72587
8044325701,gawar,,hamlet,,Almora,29.77740,79.40346
8045342033,ghugati,,hamlet,,Almora,29.76604,79.31028
8045672548,ghugoli,,hamlet,,Almora,29.85352,79.37328
8045342068,ghugtiyalgaon,,hamlet,,Almora,29.85056,79.33172
7903857803,ghurar,,hamlet,,Almora,29.55932,79.62468
7899272642,ghurson,,hamlet,,Almora,29.62325,79.66546
7899412340,gisnauli,,hamlet,,Almora,29.57394,79.69021
8045342046,godi,,hamlet,,Almora,29.79519,79.30811
8045342045,gohan,,hamlet,,Almora,29.79535,79.31612
8045445187,gopalgaon,,hamlet,,Almora,29.84855,79.27168
7899355246,gumori,,hamlet,,Almora,29.72687,79.54008
7899270690,gurkande,,hamlet,,Almora,29.66700,79.63741
7899334964,gurna,,hamlet,,Almora,29.66523,79.57076
7899262309,gwalakot,,village,,Almora,29.70770,79.62631
8045672544,gwali,,hamlet,,Almora,29.86050,79.36515
8045413769,gwalibin,,hamlet,,Almora,29.88145,79.25533
8044325691,haldu,,hamlet,,Almora,29.78218,79.40605
7895717658,haroli,,hamlet,,Almora,29.70746,79.70858
7904355193,harre,,hamlet,,Almora,29.56470,79.54275
8045342083,hat,,hamlet,,Almora,29.87219,79.32075
7899412331,huna,,hamlet,,Almora,29.59087,79.69358
7904384071,inan,,hamlet,,Almora,29.58393,79.50429
7904384058,ira,,hamlet,,Almora,29.54270,79.50930
7899272661,itauza,,hamlet,,Almora,29.66026,79.63392
8045458279,jaikhan,,hamlet,,Almora,29.79034,79.37086
8045672563,jaitoli,,hamlet,,Almora,29.80671,79.34895
8045672576,jaitoli,,hamlet,,Almora,29.81291,79.35305
8045561095,jaiyatisera,,hamlet,,Almora,29.89643,79.30413
7904384043,jakh,,hamlet,,Almora,29.53231,79.50503
7894511705,jakheta,,hamlet,,Almora,29.62724,79.67951
7904384068,jala,,hamlet,,Almora,29.57152,79.50389
8045413782,jala,,hamlet,,Almora,29.86559,79.26571
7894473466,jalgadhera,,hamlet,,Almora,29.70315,79.71893
8045561093,jalram ki bakhal,,hamlet,,Almora,29.89673,79.31114
8045445224,jamargair,,hamlet,,Almora,29.76392,79.27783
8045722751,jamrad,,hamlet,,Almora,29.89900,79.39049
7904384045,janta,,hamlet,,Almora,29.53522,79.51998
8045561087,janta malla,,hamlet,,Almora,29.88313,79.29316
8045722741,jasiyaiiar,,hamlet,,Almora,29.87022,79.40058
7894406260,jaulasilling,,hamlet,,Almora,29.73854,79.71068
8045413772,jenta,,hamlet,,Almora,29.87520,79.28964
8045445218,jharkot,,hamlet,,Almora,29.77808,79.28759
7899355207,jhasani,,hamlet,,Almora,29.62156,79.51737
8045342070,jhetuwa,,hamlet,,Almora,29.84744,79.30464
7895717663,jhijar,,hamlet,,Almora,29.70448,79.68047
8045342063,jhudunga,,hamlet,,Almora,29.83627,79.29331
7899412358,jifalta,,hamlet,,Almora,29.53785,79.69265
8045672547,jogira,,hamlet,,Almora,29.85816,79.37281
7903897796,jogya dhunga,,hamlet,,Almora,29.56466,79.59187
8045342079,jolcharan,,hamlet,,Almora,29.85276,79.30880
7903897804,jolswar,,hamlet,,Almora,29.61357,79.60415
7899412739,joshidhura,,hamlet,,Almora,29.55425,79.71272
7899272654,joshiyana,,hamlet,,Almora,29.64275,79.65096
8045458282,joyun,,hamlet,,Almora,29.78207,79.33531
8045672538,jukanauli,,hamlet,,Almora,29.87237,79.36403
7904384028,jyadi,,hamlet,,Almora,29.50498,79.50158
7899272656,jyoli,,hamlet,,Almora,29.64903,79.64295
7899308789,jyoli,,hamlet,,Almora,29.62687,79.59248
7899262298,jyula,,hamlet,,Almora,29.70647,79.63223
8045342057,kabadola,,hamlet,,Almora,29.82465,79.31442
8045342047,kabdoli,,hamlet,,Almora,29.79815,79.30234
7899262317,kagrar,,hamlet,,Almora,29.73645,79.61727
8043876736,kahali,,hamlet,,Almora,29.75536,79.40362
8043876734,kahali talli,,hamlet,,Almora,29.75497,79.39787
8045342076,kainikhola,,hamlet,,Almora,29.85768,79.32038
8045342054,kakarkhet,,hamlet,,Almora,29.81779,79.32220
7899412730,kakilagaon,,hamlet,,Almora,29.52531,79.71576
7904384060,kakridhar,,hamlet,,Almora,29.54949,79.52831
7899412325,kalet,,hamlet,,Almora,29.60454,79.68447
7904384074,kalnu,,hamlet,,Almora,29.60738,79.49945
7903857809,kalsima,कलसीमा,hamlet,,Almora,29.54851,79.65670
7899412736,kaltari,,hamlet,,Almora,29.53779,79.73295
8045672565,kameduwa,,hamlet,,Almora,29.82130,79.33378
7899270687,kanal bunga,,hamlet,,Almora,29.67594,79.64118
8045445200,kanauri,,hamlet,,Almora,29.81659,79.26185
8045588294,kandai,,hamlet,,Almora,29.76188,79.37335
8045588298,kandai,,hamlet,,Almora,29.75551,79.36187
7899245019,kande,,hamlet,,Almora,29.74107,79.67409
7899308790,kaneli,,hamlet,,Almora,29.62724,79.60341
8045342067,kanoli,,hamlet,,Almora,29.84061,79.32758
8045342055,kanrai,,hamlet,,Almora,29.82117,79.29882
8045413754,kanyal,,hamlet,,Almora,29.93961,79.24971
7894511692,kaparkhan,,hamlet,,Almora,29.66425,79.70070
8045672566,kaphalani,,hamlet,,Almora,29.82054,79.34824
7899334979,kaphalkot,,hamlet,,Almora,29.63863,79.55341
7899355236,kaphalna,,hamlet,,Almora,29.71429,79.50997
8045413768,kaphaltana,,hamlet,,Almora,29.88931,79.26669
7904355188,kaphchaun,,hamlet,,Almora,29.61583,79.55295
7903897795,kaphun,,hamlet,,Almora,29.56149,79.58935
7904384057,kar,,hamlet,,Almora,29.54819,79.50806
8045342082,karchuli,,hamlet,,Almora,29.87195,79.33077
7899355214,karkhet,,hamlet,,Almora,29.65209,79.52355
7899270692,kasun,,hamlet,,Almora,29.67802,79.66350
7899355235,katgal,,hamlet,,Almora,29.71687,79.50328
7899412729,kathauli,,hamlet,,Almora,29.52416,79.73068
7899412727,kathauli bagar,,hamlet,,Almora,29.52181,79.72270
7899334962,kathpuriya,,hamlet,,Almora,29.64585,79.56483
7899412333,katira,,hamlet,,Almora,29.58641,79.68699
7985595678,kaurari,,hamlet,,Almora,29.85635,79.41467
7899412329,kawati,,hamlet,,Almora,29.59140,79.69848
7899334978,kayela,,hamlet,,Almora,29.64910,79.58212
8045413765,kelani,,hamlet,,Almora,29.89761,79.26681
7899308807,keshta,,hamlet,,Almora,29.69294,79.58530
8044325698,khagrati,,hamlet,,Almora,29.78753,79.39397
7899233465,khairi,,hamlet,,Almora,29.73341,79.68440
7895717666,khairun,,hamlet,,Almora,29.69309,79.67768
7904384056,khan,,hamlet,,Almora,29.54798,79.50351
8045342062,khanuli,,hamlet,,Almora,29.83061,79.29525
7899270691,khanun,,hamlet,,Almora,29.67388,79.65118
8045342022,khanyari,,hamlet,,Almora,29.74834,79.32974
8045342023,khanyari,,hamlet,,Almora,29.75434,79.32611
7899334951,khapura,,hamlet,,Almora,29.70477,79.56801
8045342039,kharak,,hamlet,,Almora,29.78021,79.32651
8045561094,kharak taliya,,hamlet,,Almora,29.89376,79.30698
7904384077,kharkiya,,hamlet,,Almora,29.60329,79.53393
7899262315,kharkot,,hamlet,,Almora,29.72576,79.62303
7899412750,kharsu,,hamlet,,Almora,29.56818,79.72459
7899355224,khatoli,,hamlet,,Almora,29.69391,79.51778
7899334968,khauri,,hamlet,,Almora,29.66635,79.54589
7899412336,kherda,,hamlet,,Almora,29.58538,79.67603
7899412330,khirauli,,hamlet,,Almora,29.58864,79.70163
7895710428,khursimi,,hamlet,,Almora,29.67786,79.69730
7894442292,khutina,,hamlet,,Almora,29.71476,79.72102
7895717656,kirara,,hamlet,,Almora,29.70841,79.67345
8045722719,kiraula khata,,hamlet,,Almora,29.80671,79.37882
8044325707,kona,,hamlet,,Almora,29.76539,79.38323
7899272652,kosi,,village,,Almora,29.63409,79.62644
8044325702,kotila,,hamlet,,Almora,29.77643,79.41100
8045561092,kotiyon,,hamlet,,Almora,29.91045,79.31176
7904384053,kotli,,hamlet,,Almora,29.55874,79.51324
7895717664,kotuli,,hamlet,,Almora,29.69819,79.68504
7899308799,kotuli,,hamlet,,Almora,29.66546,79.59096
7899245020,kotwalgaon,,hamlet,,Almora,29.74345,79.68803
8045722747,kotyuda,,hamlet,,Almora,29.88143,79.41351
8045445190,kotyuri,,hamlet,,Almora,29.83709,79.27904
8043876732,kui,,hamlet,,Almora,29.76265,79.40732
7899308787,kujyari,,hamlet,,Almora,29.61962,79.58509
7899355247,kulsibi,,village,,Almora,29.73519,79.53578
7899308803,kulu,,hamlet,,Almora,29.66663,79.59799
8045672550,kumkhola,,hamlet,,Almora,29.85734,79.35048
7899412763,kunj,,hamlet,,Almora,29.61497,79.75137
7894473453,kunjartaura,,hamlet,,Almora,29.65462,79.72233
7903897800,kurai gad,,hamlet,,Almora,29.59727,79.59627
7899334980,kurchaun,,hamlet,,Almora,29.63618,79.56176
7899412740,kurdhira,,hamlet,,Almora,29.55203,79.72032
8045561088,kurman,,hamlet,,Almora,29.88458,79.32991
8045722755,kurni,,hamlet,,Almora,29.91254,79.40796
7899355219,kwerala,,hamlet,,Almora,29.67172,79.54022
7899308794,kwerali,,hamlet,,Almora,29.64427,79.59265
7899308791,kyarkhuma,,hamlet,,Almora,29.63066,79.59348
7899334958,lakshmi pur,,hamlet,,Almora,29.67962,79.57909
8045342065,laluri,,hamlet,,Almora,29.84124,79.31672
7904384041,lamsiyar,,hamlet,,Almora,29.53265,79.52126
7903897798,lawalgaon,,hamlet,,Almora,29.60977,79.61106
7899355244,lohali,,hamlet,,Almora,29.72225,79.52996
7899233464,lohna,,hamlet,,Almora,29.73533,79.67918
8045722739,luniya,,hamlet,,Almora,29.86486,79.37465
7899334970,machhliya,,hamlet,,Almora,29.65885,79.55479
8045445226,maharnail,,hamlet,,Almora,29.75720,79.27022
7899355237,mahatgaon,,hamlet,,Almora,29.70912,79.50245
8045722738,mahatgaon,,village,,Almora,29.86020,79.37860
7894511691,maichor,,hamlet,,Almora,29.66293,79.68779
7899262322,maigii,,hamlet,,Almora,29.72463,79.64319
7899272645,maini,,hamlet,,Almora,29.64903,79.61300
8044325708,mainoli,,hamlet,,Almora,29.76792,79.40429
7899355225,majethi,,hamlet,,Almora,29.69637,79.50733
7899262314,majhera,,hamlet,,Almora,29.72297,79.61653
6408783237,mal,,village,,Almora,29.58171,79.65121
8045672540,mal,,hamlet,,Almora,29.86917,79.35009
7899272660,malera,,hamlet,,Almora,29.66533,79.65107
7899272637,malla,,hamlet,,Almora,29.62057,79.61624
8045672525,malla tajpur,,hamlet,,Almora,29.91235,79.34498
8045413757,malsakhet,,hamlet,,Almora,29.91127,79.28300
7899412748,malta,,hamlet,,Almora,29.56600,79.71282
8045722759,maludhar,,hamlet,,Almora,29.93210,79.40355
7899262316,manan,,hamlet,,Almora,29.72786,79.61163
7899308798,manaun,,village,,Almora,29.66100,79.59927
7899355215,manbajuna,,hamlet,,Almora,29.64696,79.52660
8045413783,manguruwa,,hamlet,,Almora,29.86267,79.25260
8045561101,manral,,hamlet,,Almora,29.92453,79.31337
8045445198,mansi,,hamlet,,Almora,29.82315,79.28903
7894511710,manyol,,hamlet,,Almora,29.62594,79.70498
8045342032,masaun,,hamlet,,Almora,29.76585,79.32431
8045445199,masnu,,hamlet,,Almora,29.82049,79.27613
7894511696,mat,,hamlet,,Almora,29.64489,79.66998
7899272653,matela,,village,,Almora,29.62736,79.63062
8045342041,matela,,hamlet,,Almora,29.77862,79.31177
7904355186,matela (raikhaldar),,hamlet,,Almora,29.61104,79.56906
7895710431,matyoli,,hamlet,,Almora,29.66966,79.68633
8045588286,mayoli malli,,hamlet,,Almora,29.77388,79.35528
7899270697,mehla,,hamlet,,Almora,29.68432,79.64041
8045722756,michlam,,hamlet,,Almora,29.91148,79.41173
8045445202,mohana malla,,hamlet,,Almora,29.81002,79.25889
8045445203,mohana talla,,village,,Almora,29.80864,79.26653
7899334939,mujholi,,hamlet,,Almora,29.70766,79.54458
8045342038,muniyachaunra,,hamlet,,Almora,29.78966,79.32263
8045672534,nagar,,hamlet,,Almora,29.89574,79.33386
8045672571,nagarjhun,,hamlet,,Almora,29.81283,79.36622
8045342069,nagarsim,,hamlet,,Almora,29.85189,79.31723
7894442289,nagshila,,hamlet,,Almora,29.70802,79.72268
8045445221,naikana,,hamlet,,Almora,29.76684,79.26302
8045445215,naikhola,,hamlet,,Almora,29.78971,79.29144
7894473459,nail,,hamlet,,Almora,29.67854,79.72919
8045342029,nail,,hamlet,,Almora,29.76441,79.29951
8045342030,nail,,hamlet,,Almora,29.76158,79.29438
7894473449,naini,,hamlet,,Almora,29.64576,79.70828
7899412357,naini,,hamlet,,Almora,29.53355,79.70154
7899270701,nainoli,,hamlet,,Almora,29.69414,79.62151
7899355245,nairi,,hamlet,,Almora,29.72515,79.52490
7899270686,nakot,,hamlet,,Almora,29.67448,79.62228
7899334942,nakuta,,hamlet,,Almora,29.68595,79.54565
7899262321,nal,,hamlet,,Almora,29.71879,79.66253
8044325694,nar,,hamlet,,Almora,29.79213,79.38116
7904384051,nariya gad,,hamlet,,Almora,29.56254,79.52666
8045458274,narsing,,hamlet,,Almora,29.78473,79.36261
342105857,naugaon,,village,,Almora,29.59865,79.60334
7899355240,naugaon,,hamlet,,Almora,29.70533,79.51271
7904384061,naugaon,,hamlet,,Almora,29.54710,79.52434
8045342056,naugaon,,hamlet,,Almora,29.81955,79.30582
8045445212,naugaon,,hamlet,,Almora,29.78586,79.25669
8045672533,naugaon,,hamlet,,Almora,29.89542,79.37020
8045722735,naugaon,,hamlet,,Almora,29.84170,79.38249
7899272650,neikhola,,hamlet,,Almora,29.62391,79.64717
7894296640,nikakhal,,hamlet,,Almora,29.88644,79.36224
8045342044,nirkot,,hamlet,,Almora,29.79818,79.33028
7899412341,nishri,,hamlet,,Almora,29.58037,79.69109
7899270695,odida,,hamlet,,Almora,29.69762,79.66618
7904384064,okhina,,hamlet,,Almora,29.56103,79.53046
7904384065,oliygaon,,hamlet,,Almora,29.56542,79.53655
7904384040,olni,,hamlet,,Almora,29.52776,79.51845
7899272644,pachgaon,,hamlet,,Almora,29.64937,79.62298
7899272639,pachher,,hamlet,,Almora,29.62179,79.62264
8045588285,padnyula,,hamlet,,Almora,29.78203,79.35687
7899355241,pagsa,,hamlet,,Almora,29.70710,79.51647
7899272646,paisyari,,hamlet,,Almora,29.66079,79.62139
7904384044,pajina,,hamlet,,Almora,29.53817,79.51483
7904384024,pakhri,,hamlet,,Almora,29.51210,79.50065
7899272658,pakhura,,hamlet,,Almora,29.65834,79.64482
7899412339,palna,,hamlet,,Almora,29.57247,79.68071
7899412326,palrigad,,hamlet,,Almora,29.59962,79.68413
7904384055,panaura,,hamlet,,Almora,29.55427,79.50469
7899272651,pandekhola,,hamlet,,Almora,29.62739,79.64055
7894462658,panghat,,hamlet,,Almora,29.88618,79.36014
7899334956,pankot,,hamlet,,Almora,29.69178,79.57668
8045342061,panyali,,hamlet,,Almora,29.83322,79.29000
7899334977,papauli,,hamlet,,Almora,29.64979,79.57417
7899300508,paroliya,,hamlet,,Almora,29.72719,79.60436
8045445205,parthaula,,hamlet,,Almora,29.80186,79.26754
7899300507,pat,,hamlet,,Almora,29.72817,79.59889
8045672579,patas,,hamlet,,Almora,29.80699,79.34150
7899412732,patauli,,hamlet,,Almora,29.51777,79.72301
7899308797,pathar kot,,hamlet,,Almora,29.65367,79.59528
7899262311,pathariyl,,hamlet,,Almora,29.71698,79.62330
7899334944,pathura,,hamlet,,Almora,29.68341,79.55625
8045445211,patiachaura,,hamlet,,Almora,29.78945,79.26044
7895710432,patiya,,hamlet,,Almora,29.67791,79.68439
7899233463,patori,,hamlet,,Almora,29.72701,79.69396
7899412346,paudhar,,village,,Almora,29.56567,79.69093
8045413776,phagotiyan,,hamlet,,Almora,29.86950,79.24997
8045413781,pharika,,village,,Almora,29.85651,79.28153
7903857814,pharka,,hamlet,,Almora,29.60897,79.61651
7899412332,phuriyakot,,hamlet,,Almora,29.58506,79.69273
7899272659,pilkha,,hamlet,,Almora,29.66577,79.66146
8045342074,pinakot,,hamlet,,Almora,29.85212,79.32665
7894473450,pirsal,,hamlet,,Almora,29.62605,79.72373
6419718520,pithauni,,hamlet,,Almora,29.60244,79.72313
7895717657,pokhri,,hamlet,,Almora,29.70490,79.66670
7899412344,pokhri,,hamlet,,Almora,29.57949,79.70310
8045722748,prempuri,,hamlet,,Almora,29.88223,79.37386
8045722717,pulari khata,,hamlet,,Almora,29.81031,79.37850
7894473451,punakot,,hamlet,,Almora,29.63160,79.71081
7899412351,ralakot,,hamlet,,Almora,29.55211,79.66983
8045672528,ramnagaon,,hamlet,,Almora,29.89818,79.34360
8045722743,rampur,,hamlet,,Almora,29.87730,79.40605
7899334959,ramra,,hamlet,,Almora,29.67676,79.56852
7903897802,raun,,village,,Almora,29.58554,79.60776
7899308801,rikhai,,hamlet,,Almora,29.68185,79.59259
8045342042,rikhari,,hamlet,,Almora,29.78043,79.29970
7894511697,ritha,,hamlet,,Almora,29.63804,79.70599
7899355220,riyuni malli,,village,,Almora,29.68032,79.50544
7899355222,riyuni tal,,hamlet,,Almora,29.68636,79.51467
7899355239,rodpui,,hamlet,,Almora,29.70386,79.50267
8045445206,rotapani,,hamlet,,Almora,29.80400,79.25809
8045672577,rupanauli,,hamlet,,Almora,29.79946,79.34073
8045672578,rupanauli,,hamlet,,Almora,29.80404,79.33601
8045413761,sabluwa channa,,hamlet,,Almora,29.90877,79.26253
8045413778,sagad,,hamlet,,Almora,29.87080,79.25561
7899412724,sainj,,hamlet,,Almora,29.51120,79.71974
7899270698,sakar,,hamlet,,Almora,29.69428,79.64281
7904384023,sakdena,,hamlet,,Almora,29.51541,79.50469
7899262302,sakhanyakot,,hamlet,,Almora,29.70490,79.65146
7894511689,salla,,hamlet,,Almora,29.65498,79.70006
7904331583,salla rautela,,hamlet,,Almora,29.60022,79.55447
7899334969,sanrauli,,hamlet,,Almora,29.66363,79.55548
8045413766,sanshket,,hamlet,,Almora,29.90327,79.26353
7894511700,sariyapani,,hamlet,,Almora,29.63526,79.68050
7903897792,sarna,,hamlet,,Almora,29.55225,79.58390
7899355230,sarod,,hamlet,,Almora,29.74842,79.50135
8045445186,sartana,,hamlet,,Almora,29.84827,79.25677
7899412356,satyon,सत्यों,hamlet,,Almora,29.54819,79.68738
8045561089,saungaon,,hamlet,,Almora,29.88940,79.32122
7895710429,saura,,hamlet,,Almora,29.67258,79.69912
7899412762,seknyari,,hamlet,,Almora,29.60669,79.74221
8045722726,sela,,hamlet,,Almora,29.82764,79.40417
7904384042,shel,,hamlet,,Almora,29.53386,79.49944
7904763966,shirkot Majhali,,hamlet,,Almora,29.67946,79.26389
7904763967,shirkot Nahori,,hamlet,,Almora,29.68205,79.26337
7904763965,shirkot Unchli,,hamlet,,Almora,29.67688,79.26508
7899334938,shrinagar,,hamlet,,Almora,29.71724,79.56243
7899262323,silangiyan,,hamlet,,Almora,29.72344,79.65533
7899308806,silani,,hamlet,,Almora,29.68522,79.58947
7899412348,silkhora,,hamlet,,Almora,29.56246,79.68371
8045445196,sima,,hamlet,,Almora,29.82432,79.26877
8045342036,simalchaunra,,hamlet,,Almora,29.77002,79.32871
7899308795,simalta,,hamlet,,Almora,29.64721,79.59555
7899412359,simalti,,hamlet,,Almora,29.53898,79.67378
7903857812,simkukri,,hamlet,,Almora,29.60993,79.63194
7904384078,simoli,,village,,Almora,29.61186,79.51426
8045672570,simpani,,hamlet,,Almora,29.82420,79.36261
8045445213,simura,,hamlet,,Almora,29.78124,79.25798
8045672562,sira,,hamlet,,Almora,29.83286,79.34298
8045672546,sirauli,,village,,Almora,29.86793,79.37264
7895710430,sirkot,,hamlet,,Almora,29.66533,79.67841
6419718505,sironiya,,hamlet,,Almora,29.60439,79.73209
7899412734,sirsora,,hamlet,,Almora,29.52368,79.73809
8045445192,sirtoli,,hamlet,,Almora,29.83904,79.26086
8045561100,sisausiya,,hamlet,,Almora,29.91488,79.29584
7899308792,siyona,,hamlet,,Almora,29.64067,79.60620
7899262318,son kotuli,,hamlet,,Almora,29.74766,79.63321
8045413773,sukalo,,hamlet,,Almora,29.88093,79.28618
7899272643,sunaula,,hamlet,,Almora,29.62152,79.63496
7894442290,sunauli,,hamlet,,Almora,29.70801,79.71547
7904384063,suniyakot,,hamlet,,Almora,29.55823,79.52580
8045561086,sunoli,,hamlet,,Almora,29.87634,79.30478
8045413784,surana,,hamlet,,Almora,29.84988,79.26263
8045458275,sure,,hamlet,,Almora,29.78978,79.33616
7899412370,sursim,,hamlet,,Almora,29.50390,79.68796
7899355233,sutargaon,,village,,Almora,29.71699,79.51869
8045445208,sutniya,,hamlet,,Almora,29.79666,79.26424
7899355216,suwarkhal,,hamlet,,Almora,29.65414,79.50686
7904355191,syahi devi,,hamlet,,Almora,29.58015,79.55591
7903857813,syalidhar,,hamlet,,Almora,29.61055,79.62380
8044325699,syauonnoli,,hamlet,,Almora,29.78678,79.40362
8045445227,syotara,,hamlet,,Almora,29.75387,79.25772
7904384037,syun,,hamlet,,Almora,29.52547,79.50073
7899270694,syunarkot,,hamlet,,Almora,29.68977,79.66309
7899272648,syura,,hamlet,,Almora,29.62665,79.64961
7899334963,takoli,,hamlet,,Almora,29.66241,79.57597
7899412744,takoli,,hamlet,,Almora,29.55591,79.74104
7899233466,takula,,village,,Almora,29.73205,79.69945
8045458284,takulti,,hamlet,,Almora,29.78378,79.34236
8045672542,talai,,hamlet,,Almora,29.86072,79.34885
8045672526,talla tajpur,,hamlet,,Almora,29.90696,79.34599
7899412338,tamtiyura,,hamlet,,Almora,29.57272,79.67038
7899412328,tana,,hamlet,,Almora,29.59616,79.68897
8045722746,tarag gadhera,,hamlet,,Almora,29.88374,79.40695
7899334973,tasyari,,hamlet,,Almora,29.64678,79.54914
7899412758,thada madcna,,hamlet,,Almora,29.59389,79.73213
7899262305,thapanryan,,hamlet,,Almora,29.71165,79.65699
7899245021,thapla,,village,,Almora,29.74663,79.69754
8045445209,thapla,,hamlet,,Almora,29.79434,79.27528
7899412742,that,,hamlet,,Almora,29.54445,79.73855
7899262310,tilaura,,hamlet,,Almora,29.70973,79.63487
8045445193,timilkhal,,hamlet,,Almora,29.83614,79.27104
8045342058,timta,,hamlet,,Almora,29.82849,79.32397
7899355221,tithunkot,,hamlet,,Almora,29.67881,79.53415
7894511704,tiwarikhan,,hamlet,,Almora,29.63692,79.66920
7899412743,toli,,hamlet,,Almora,29.56050,79.73967
8045722745,toragaon,,hamlet,,Almora,29.88173,79.40085
8045672569,totamagadau,,hamlet,,Almora,29.81770,79.36883
7899412737,tuleri,,hamlet,,Almora,29.53863,79.71384
8045722711,tumri,,hamlet,,Almora,29.80079,79.38942
7899355217,turkuara,,hamlet,,Almora,29.66365,79.52537
8045342060,tyar ka gadherqa,,hamlet,,Almora,29.83340,79.32407
8045445204,uchawahna,,hamlet,,Almora,29.80527,79.28954
7894473448,udalgaon,,hamlet,,Almora,29.62588,79.74130
7899334955,udla,,hamlet,,Almora,29.69040,79.56629
8045561090,udlikhan,,hamlet,,Almora,29.87951,79.32832
7899412343,ujyonli,,hamlet,,Almora,29.58303,79.70716
8045561097,ukhulen,,hamlet,,Almora,29.90134,79.30565
7899412371,unyura,,hamlet,,Almora,29.50169,79.69817
8045413760,uprari,,hamlet,,Almora,29.90681,79.25289
7899412360,uregi,,hamlet,,Almora,29.53799,79.68229
7899355213,uro,,hamlet,,Almora,29.65033,79.51752
7899412350,useti,,hamlet,,Almora,29.55599,79.67277
7899219384,uskuna,,hamlet,,Almora,29.67938,79.61301
8045722701,vijaypur,,village,,Almora,29.77866,79.44328
6415326943,wadyora,,hamlet,,Almora,29.58979,79.74291
8044325693,walna,,hamlet,,Almora,29.77730,79.38212
8045722728,wamangaon,,hamlet,,Almora,29.82927,79.38706
8045722744,warangi,,hamlet,,Almora,29.88356,79.39299
6465700339,दुगालखोला,दुगालखोला,village,,Almora,29.58716,79.65096
7856552820,Agar,,hamlet,,Bageshwar,29.93553,79.65725
7871426977,Agarkot,,hamlet,,Bageshwar,29.97888,79.51951
7732354100,Airadev,,hamlet,,Bageshwar,30.00937,79.62863
7905702249,Airari,,hamlet,,Bageshwar,29.86407,79.66586
7890922434,Akunai,,hamlet,,Bageshwar,29.91923,79.59947
7890818874,Amasyari,,hamlet,,Bageshwar,29.96676,79.61878
7905929735,Amtaura,,hamlet,,Bageshwar,29.84522,79.73763
7890922431,Ana,,hamlet,,Bageshwar,29.91081,79.59359
7856722197,Anarpatta,,hamlet,,Bageshwar,29.98121,79.68458
342106345,Aolmira,,village,,Bageshwar,29.90753,79.81293
7832524875,Arkot,,hamlet,,Bageshwar,30.05754,79.94918
6415180730,Asaun,,village,,Bageshwar,29.73423,79.84735
342106364,Ason,,village,,Bageshwar,29.91989,79.87885
8032994114,Ason,,hamlet,,Bageshwar,29.93268,79.88871
7856197237,Ayartoli,,hamlet,,Bageshwar,29.93248,79.62254
6520196480,Badiyakot,,village,,Bageshwar,30.11172,79.84416
7890966462,Badrinath,,hamlet,,Bageshwar,29.87167,79.57983
7909216537,Bagari,,hamlet,,Bageshwar,29.85040,79.61356
7832336780,Baghar,,hamlet,,Bageshwar,30.03863,79.83750
8033041168,Bagrati,,hamlet,,Bageshwar,29.78806,79.98882
7872098909,Bagrigar,,hamlet,,Bageshwar,29.94603,79.55791
8033041155,Baguwapani,,hamlet,,Bageshwar,29.76084,79.97784
7941755883,Bagwalikhan,,hamlet,,Bageshwar,29.73273,79.79065
7832564486,Baichham,,hamlet,,Bageshwar,30.08541,79.97930
7941755866,Baidibagar,,village,,Bageshwar,29.71683,79.79861
245769059,Baijnāth,बैजनाथ,town,5000,Bageshwar,29.90861,79.61505
7858081696,Bainsani,,hamlet,,Bageshwar,29.96502,79.75172
7941646596,Baitar,,hamlet,,Bageshwar,29.72552,79.85503
7732043388,Bajan,,hamlet,,Bageshwar,30.04019,79.86217
7909244393,Bajawar,,hamlet,,Bageshwar,29.86203,79.62410
7871426976,Bajwad,,hamlet,,Bageshwar,29.97259,79.51499
7890943625,Bajyanj,,hamlet,,Bageshwar,29.90071,79.60863
7909015796,Balapani,,hamlet,,Bageshwar,29.77950,79.73045
7871578192,Baldi Gwar,,hamlet,,Bageshwar,29.97488,79.54696
342106328,Balighat,,village,,Bageshwar,29.87732,79.78546
7941755869,Balyuta,,hamlet,,Bageshwar,29.73384,79.78370
7856982182,Bamarari,,hamlet,,Bageshwar,29.87590,79.68810
7908484053,Bamatana,,hamlet,,Bageshwar,29.81112,79.73253
7908501566,Banakhand,,hamlet,,Bageshwar,29.78772,79.73086
7872098910,Banamas,,hamlet,,Bageshwar,29.95014,79.54949
7856362417,Band,,hamlet,,Bageshwar,29.89551,79.64030
7856249735,Baneshwar,,hamlet,,Bageshwar,29.89130,79.62387
7908501565,Bangachuri,,hamlet,,Bageshwar,29.78895,79.74191
7890899475,Banjpani,,hamlet,,Bageshwar,29.94099,79.58537
342106475,Banlekh,,village,,Bageshwar,29.87122,79.92496
7872149483,Bantoli,,hamlet,,Bageshwar,29.89364,79.55909
7941755864,Baphaulikot,,hamlet,,Bageshwar,29.71279,79.79919
7890943626,Baret,,hamlet,,Bageshwar,29.89981,79.59796
7731962757,Barmati,,hamlet,,Bageshwar,30.06011,79.99379
7832854691,Barmati,,hamlet,,Bageshwar,30.06409,80.00573
7909102994,Basakhola,,hamlet,,Bageshwar,29.75527,79.74362
7731962748,Basi,,hamlet,,Bageshwar,30.00826,79.93930
7886865299,Basthi,,hamlet,,Bageshwar,29.91881,80.00798
7886669162,Basuara,,hamlet,,Bageshwar,29.95295,80.04617
7872098914,Baukhet,,hamlet,,Bageshwar,29.95562,79.54922
6520171764,Baura Gad,,hamlet,,Bageshwar,30.13236,79.81220
7941760789,Bauri,,hamlet,,Bageshwar,29.73897,79.80589
7832810191,Bhadang,,hamlet,,Bageshwar,30.11311,79.92290
7890954632,Bhagadhar,,hamlet,,Bageshwar,29.87477,79.60303
7890943623,Bhagaratola,,hamlet,,Bageshwar,29.89609,79.58365
342101526,Bhagdanu,,hamlet,,Bageshwar,30.09018,79.91455
7855964721,Bhagdarun,,hamlet,,Bageshwar,29.99917,79.68475
7886865285,Bhainskal,,hamlet,,Bageshwar,29.97288,80.02615
11251158534,Bhainsuri,,hamlet,,Bageshwar,29.81728,80.00265
7864010015,Bhajori,,hamlet,,Bageshwar,29.91530,80.12817
7871546430,Bhakundhar,,hamlet,,Bageshwar,29.97354,79.52795
7913812719,Bhanapadyar,,hamlet,,Bageshwar,29.86102,79.59786
7886865294,Bhanar,,hamlet,,Bageshwar,29.95166,80.03474
8033041167,Bhanarigaon,,hamlet,,Bageshwar,29.78651,79.98422
7886299794,Bhandena,,hamlet,,Bageshwar,29.90548,80.08554
7886865286,Bhannidhar,,hamlet,,Bageshwar,29.96861,80.03110
7832524872,Bhanyarghar,,hamlet,,Bageshwar,30.05065,79.94999
342106373,Bharadi,,village,,Bageshwar,29.96246,79.89945
7856122722,Bhararakhet,,hamlet,,Bageshwar,29.94780,79.61869
6520230685,Bhararkani,,hamlet,,Bageshwar,30.12786,79.79872
7886865302,Bharkul,,hamlet,,Bageshwar,29.91092,80.02312
7872188342,Bhatariya,,hamlet,,Bageshwar,29.88343,79.56144
7905945308,Bhatoli,,hamlet,,Bageshwar,29.84003,79.75016
7905985518,Bhayeri,,hamlet,,Bageshwar,29.82949,79.72538
7890994139,Bheta,,village,,Bageshwar,29.88631,79.60324
8033041147,Bheta,,hamlet,,Bageshwar,29.79131,79.95525
7890850607,Bhickot,,hamlet,,Bageshwar,29.95947,79.60582
7909037184,Bhitari,,hamlet,,Bageshwar,29.77984,79.74057
7872158009,Bhitarkot,,hamlet,,Bageshwar,29.90690,79.54752
7890954634,Bhojagan,,hamlet,,Bageshwar,29.87529,79.59934
7941755881,Bholna Naghar,,hamlet,,Bageshwar,29.75005,79.77057
7905945309,Bijalekh,,hamlet,,Bageshwar,29.85077,79.69633
7858232641,Bijorijhal,,hamlet,,Bageshwar,29.87387,79.71930
342104800,Bijoriya,,hamlet,,Bageshwar,29.96222,79.67519
7909245429,Bijoriya,,hamlet,,Bageshwar,29.85886,79.61766
7732007685,Bilap,,hamlet,,Bageshwar,30.08588,79.81535
342106973,Bilauri,,hamlet,,Bageshwar,29.76608,79.73603
7890943627,Bimola,,hamlet,,Bageshwar,29.90342,79.60569
7856325076,Binakholi,,hamlet,,Bageshwar,29.91597,79.62863
7856722198,Birkhal,,hamlet,,Bageshwar,29.98881,79.68605
7890818875,Bunga,,hamlet,,Bageshwar,29.96585,79.61474
7905903954,Buragar,,hamlet,,Bageshwar,29.86813,79.70682
7905903950,Burasiya,,hamlet,,Bageshwar,29.86709,79.73021
245768966,Bāgeshwar,बागेश्वर,town,9079,Bageshwar,29.83760,79.77140
7731962750,Chakrahaniya,,hamlet,,Bageshwar,30.02014,79.97333
8033041172,Chakrigaon,,hamlet,,Bageshwar,29.79753,79.98165
7905917347,Chami,,hamlet,,Bageshwar,29.83043,79.73162
7872158010,Chamoli,,hamlet,,Bageshwar,29.90567,79.55688
7909015795,Chanauli,,hamlet,,Bageshwar,29.77512,79.72804
7941755865,Chanauli,,hamlet,,Bageshwar,29.71495,79.80276
7872141251,Chandramani,,hamlet,,Bageshwar,29.91072,79.54442
7872141255,Chandrapal,,hamlet,,Bageshwar,29.91814,79.57893
342105099,Chankot,,hamlet,,Bageshwar,29.85818,79.62314
7856552823,Chanoli,,hamlet,,Bageshwar,29.91405,79.64568
7886669165,Chanoli,,hamlet,,Bageshwar,29.94024,80.04865
7890908540,Charan,,hamlet,,Bageshwar,29.94480,79.60869
7856328180,Charasau,,hamlet,,Bageshwar,29.92947,79.63071
342106337,Chatquali,,village,,Bageshwar,29.88968,79.79096
12944252253,Chauki,,hamlet,,Bageshwar,29.81323,79.89466
7905917349,Chaunali,,hamlet,,Bageshwar,29.83356,79.73194
7832575963,Chauntari,,hamlet,,Bageshwar,30.02747,79.91311
7832575961,Chaurasthal,,hamlet,,Bageshwar,30.03316,79.93018
7886299795,Chetabagar,,hamlet,,Bageshwar,29.92464,80.09091
7908454361,Chhana,,hamlet,,Bageshwar,29.80145,79.71205
7890850608,Chhapana,,hamlet,,Bageshwar,29.96170,79.60713
7856202276,Chhatiya,,hamlet,,Bageshwar,29.94304,79.61831
7871546431,Chhatiyani,,hamlet,,Bageshwar,29.97812,79.52658
7909068876,Chhauna,,hamlet,,Bageshwar,29.77380,79.73688
7890855052,Chhopana,,hamlet,,Bageshwar,29.96430,79.58065
7886865300,Chhuchher,,hamlet,,Bageshwar,29.91041,80.03936
7872098912,Chhuwa,,hamlet,,Bageshwar,29.95547,79.57260
7731956433,Chirang,,hamlet,,Bageshwar,30.01270,79.85498
342107008,Chogaunchinna,,village,,Bageshwar,29.78943,79.75800
342107036,Chunikhet,,hamlet,,Bageshwar,29.86706,79.73635
7909015798,Dalakholi,,hamlet,,Bageshwar,29.76529,79.72695
7857165100,Damgadi,,hamlet,,Bageshwar,29.98120,79.68897
7731937277,Dana,,hamlet,,Bageshwar,30.02570,79.85866
7886669161,Dana,,hamlet,,Bageshwar,29.96042,80.04347
7886854684,Dana,,hamlet,,Bageshwar,29.98180,80.02448
342104999,Dangoli,,village,,Bageshwar,29.93196,79.61101
7886669154,Dangti,,hamlet,,Bageshwar,29.99941,80.06077
7856782757,Dank,,hamlet,,Bageshwar,29.97777,79.67230
7872123515,Dank,,hamlet,,Bageshwar,29.93671,79.57752
7872158011,Darana,,hamlet,,Bageshwar,29.91029,79.57248
342104990,Darimkhet,,hamlet,,Bageshwar,29.93567,79.72969
7832524876,Darkot,,hamlet,,Bageshwar,30.05441,79.95695
7890855056,Darmoli,,hamlet,,Bageshwar,29.97510,79.57359
7890955636,Darshani,,village,,Bageshwar,29.89498,79.60571
7741856329,Daul,,hamlet,,Bageshwar,30.08095,79.85445
8033041146,Daula,,hamlet,,Bageshwar,29.78472,79.96123
7856538843,Daultiya ka Chhana,,hamlet,,Bageshwar,29.98968,79.65705
12944267849,Delmel,,hamlet,,Bageshwar,29.82698,79.90449
8033041151,Dewal Bichharal,,hamlet,,Bageshwar,29.78412,79.94489
7832524873,Dhakuri,,hamlet,,Bageshwar,30.05534,79.93075
7886669168,Dhaniyan,,hamlet,,Bageshwar,29.92736,80.07783
7908454364,Dhari,,hamlet,,Bageshwar,29.81220,79.72270
7872188339,Dhaulakhani,,hamlet,,Bageshwar,29.87208,79.55894
7732001698,Dhauldunga,,hamlet,,Bageshwar,30.11749,79.87856
8032884881,Dholagaon,,hamlet,,Bageshwar,29.81894,79.89537
7872123514,Dholgaon,,hamlet,,Bageshwar,29.93276,79.58275
7856361712,Dholna,,hamlet,,Bageshwar,29.87398,79.64101
7731937276,Dhubar,,hamlet,,Bageshwar,30.02307,79.86885
7732016673,Dhulam,,hamlet,,Bageshwar,30.00059,79.92480
4272608518,Dhur,,hamlet,,Bageshwar,30.09383,79.91885
7732006578,Dhur,,hamlet,,Bageshwar,30.08776,79.90974
7856325072,Digoli,,hamlet,,Bageshwar,29.91648,79.64104
8033041152,Digoli,,hamlet,,Bageshwar,29.77643,79.93545
7908479029,Doba,,hamlet,,Bageshwar,29.80563,79.70468
7909245431,Doba,,hamlet,,Bageshwar,29.85259,79.62140
7732043389,Dokti,,hamlet,,Bageshwar,30.04114,79.85656
7886299797,Donga,,hamlet,,Bageshwar,29.91932,80.09134
7856931302,Dukara,,hamlet,,Bageshwar,29.89570,79.66583
7886865296,Dundhar,,hamlet,,Bageshwar,29.93945,80.04205
7856307370,Dungari,,hamlet,,Bageshwar,29.93751,79.63601
7731901217,Duni,,hamlet,,Bageshwar,30.11116,79.83095
7886865303,Dwari,,hamlet,,Bageshwar,29.90650,80.02286
7890908543,Dwarkholi,,hamlet,,Bageshwar,29.95477,79.60479
7890954633,Dyaurara,,hamlet,,Bageshwar,29.86962,79.59844
7872149479,Dyonain,,hamlet,,Bageshwar,29.89247,79.57475
7858232638,Gadoli,,hamlet,,Bageshwar,29.90108,79.74257
342104947,Gagarigol,,village,,Bageshwar,29.90309,79.63945
7886669158,Gaindhar,,hamlet,,Bageshwar,29.97376,80.05628
7872118914,Gairlekh,,hamlet,,Bageshwar,29.92833,79.56246
7732006581,Gakuri,,hamlet,,Bageshwar,30.08043,79.87748
7890908538,Gale,,village,,Bageshwar,29.94125,79.59818
7857110672,Ganigaon,,hamlet,,Bageshwar,29.97075,79.69571
7857099059,Garakhet,,hamlet,,Bageshwar,29.90669,79.69736
7856251606,Garaser,,hamlet,,Bageshwar,29.90074,79.62049
7908454363,Garhi,,hamlet,,Bageshwar,29.80963,79.69633
6520212957,Garikut,,village,,Bageshwar,30.11406,79.83433
342104968,Garur,,village,,Bageshwar,29.90067,79.61380
7732016670,Gason Gad,,hamlet,,Bageshwar,30.00621,79.88866
342106983,Gaul,,hamlet,,Bageshwar,29.78293,79.74551
7731962755,Ghansi,,hamlet,,Bageshwar,30.04978,79.97877
7908501567,Ghatagad,,hamlet,,Bageshwar,29.79253,79.74654
8033041153,Ghatgar,,hamlet,,Bageshwar,29.77380,79.93994
7890818876,Gheti,,hamlet,,Bageshwar,29.96653,79.60798
7890866273,Ghetibhandar,,hamlet,,Bageshwar,29.95590,79.61030
342107065,Ghingartola,,village,,Bageshwar,29.83337,79.84864
7832575965,Ghureriya,,hamlet,,Bageshwar,30.01352,79.92870
7908479030,Girechhina,,hamlet,,Bageshwar,29.80048,79.70506
7857263687,Goganigad,,hamlet,,Bageshwar,29.97227,79.74172
5486218981,Gogina,,village,,Bageshwar,30.07578,80.07669
342106355,Golna,,village,,Bageshwar,29.91440,79.83628
7872118915,Gothiyar,,hamlet,,Bageshwar,29.93875,79.56626
8357531863,Gukti Gaul,,hamlet,,Bageshwar,30.03724,80.05870
7856983782,Gum,,hamlet,,Bageshwar,29.96175,79.70836
7856260842,Gumachi,,hamlet,,Bageshwar,29.94237,79.63704
7905985519,Gunakot,,hamlet,,Bageshwar,29.83043,79.72160
7886299799,Gunthi,,village,,Bageshwar,29.92307,80.10302
7731937271,Guthan,,hamlet,,Bageshwar,30.02914,79.89923
7872115236,Gwalde,,hamlet,,Bageshwar,29.89811,79.54977
7890899474,Gwar,,village,,Bageshwar,29.93664,79.60590
7856203904,Gwaradhar,,hamlet,,Bageshwar,29.93709,79.61701
2376477122,Gwāra,,hamlet,,Bageshwar,30.10356,79.98193
7871578190,Haigad,,hamlet,,Bageshwar,29.96101,79.55967
7905956602,Haneti,,hamlet,0,Bageshwar,29.83571,79.71613
7872158008,Harabagar,,hamlet,,Bageshwar,29.90317,79.55366
7858160927,Harabar,,hamlet,,Bageshwar,29.90773,79.73328
7909102996,Harakhola,,hamlet,,Bageshwar,29.75599,79.72564
7856982183,Hardwarchinna,,hamlet,,Bageshwar,29.88029,79.68112
7886209564,Hirdungra,,hamlet,,Bageshwar,29.94262,80.09313
7890866350,Idlya,,hamlet,,Bageshwar,29.95512,79.59191
7908455726,Ikahathiya,,hamlet,,Bageshwar,29.81401,79.70152
7890855054,Jabri,,hamlet,,Bageshwar,29.96243,79.58539
6520207410,Jaigini,,hamlet,,Bageshwar,30.10620,79.92967
7909015801,Jain,,hamlet,,Bageshwar,29.77127,79.70439
7856495066,Jaisai,,hamlet,,Bageshwar,29.89888,79.66046
7858174988,Jakh,,hamlet,,Bageshwar,29.91230,79.73215
7856782751,Jakheda,,hamlet,,Bageshwar,29.96805,79.67556
7905985520,Jamakhetola,,hamlet,,Bageshwar,29.82588,79.71310
7941646594,Jamni,,village,,Bageshwar,29.73386,79.86183
342106997,Janauti Palari,,hamlet,,Bageshwar,29.77674,79.74586
4283568703,Jatoli,,hamlet,,Bageshwar,30.14373,79.92306
7890940764,Jhalamali,,hamlet,,Bageshwar,29.92063,79.61223
7909068875,Jhirauli,,hamlet,,Bageshwar,29.76980,79.74782
7856149632,Jhubaru,,hamlet,,Bageshwar,29.95978,79.62341
6520174610,Jhuni,,hamlet,,Bageshwar,30.11131,79.98969
7856252709,Jinakhola,,hamlet,,Bageshwar,29.89306,79.63134
7890955637,Jinoll,,hamlet,,Bageshwar,29.89031,79.59556
7908408957,Jogipatal,,hamlet,,Bageshwar,29.85557,79.63545
7905903949,Jogyura,,hamlet,,Bageshwar,29.86002,79.72388
7871578191,Johan Estate,,hamlet,,Bageshwar,29.96510,79.55707
7886865292,Jubra,,village,,Bageshwar,29.94797,80.02636
7871578193,Jukani,,hamlet,,Bageshwar,29.98128,79.54554
8033041149,Kabhata,,hamlet,,Bageshwar,29.78671,79.95487
12944244048,Kafali,,village,,Bageshwar,29.76788,79.98297
7890940763,Kailadungari,,village,,Bageshwar,29.92301,79.61500
7890923116,Kajyuli,,hamlet,,Bageshwar,29.92403,79.60230
7909216539,Kajyuli,,hamlet,,Bageshwar,29.85846,79.60584
7941755876,Kaligad,,hamlet,,Bageshwar,29.73809,79.75821
7856299874,Kaligwar,,hamlet,,Bageshwar,29.94749,79.63933
7732006584,Kalo,,hamlet,,Bageshwar,30.10743,79.84732
7909264387,Kamalekh,,hamlet,,Bageshwar,29.86856,79.61569
7858232640,Kameri,,hamlet,,Bageshwar,29.87108,79.72798
7864010006,Kamri,,hamlet,,Bageshwar,29.93075,80.14417
7890866275,Kanai,,hamlet,,Bageshwar,29.96118,79.61889
7856395400,Kanasari,,hamlet,,Bageshwar,29.88808,79.65991
7890888555,Kandhar,,hamlet,,Bageshwar,29.95443,79.57897
7886669163,Kaniyalgaon,,hamlet,,Bageshwar,29.94312,80.05886
7886854682,Kannar,,hamlet,,Bageshwar,29.99317,80.02329
7864010012,Kanoli,,hamlet,,Bageshwar,29.92698,80.11634
7832524878,Kansat,,hamlet,,Bageshwar,30.05909,79.96452
7872149484,Kaphaladhunga,,hamlet,,Bageshwar,29.89570,79.55504
7894406262,Kaphaligair,,hamlet,,Bageshwar,29.75074,79.74454
7886669170,Kaphalkot,,hamlet,,Bageshwar,29.92672,80.06424
7731962749,Kaphlani,,hamlet,,Bageshwar,30.01601,79.94981
7832575964,Kaphli Kamera,,hamlet,,Bageshwar,30.02180,79.92298
7890994140,Kapileshwar,,hamlet,,Bageshwar,29.87827,79.60790
342104626,Kapkot,कपकोट,town,,Bageshwar,29.94785,79.90139
7872123516,Kapkoti,,hamlet,,Bageshwar,29.93003,79.58138
8033043489,Kapuri,,hamlet,,Bageshwar,29.80673,79.98547
7941755880,Karala Gaon,,village,,Bageshwar,29.74716,79.75836
7909051285,Karala Palari,,hamlet,,Bageshwar,29.77913,79.73534
7909015800,Karas,,hamlet,,Bageshwar,29.76969,79.71341
7909102995,Karasibunga,,hamlet,,Bageshwar,29.75313,79.73246
4879093080,Karauli,,village,,Bageshwar,29.86746,79.83205
7731937269,Karmi,,hamlet,,Bageshwar,30.04799,79.89630
7731937267,Karmitoli,,hamlet,,Bageshwar,30.04758,79.88719
7886865298,Kasar,,hamlet,,Bageshwar,29.91845,80.03607
7905702250,Kataramal,,hamlet,,Bageshwar,29.86396,79.63081
342107161,Katpuriachinna,,village,,Bageshwar,29.75508,79.77580
7890966465,Kaulag,,hamlet,,Bageshwar,29.87794,79.59376
7858232639,Khabdoli,,hamlet,,Bageshwar,29.88101,79.74426
7890966466,Khaderiya,,hamlet,,Bageshwar,29.88326,79.59348
7856782755,Khakari,,hamlet,,Bageshwar,29.96528,79.67015
6520228150,Khal Juni,,hamlet,,Bageshwar,30.09756,79.97277
7871511635,Khali,,hamlet,,Bageshwar,29.97668,79.53462
6520232705,Khalpata,,hamlet,,Bageshwar,30.09169,79.99063
7731956434,Khalti,,hamlet,,Bageshwar,30.00118,79.86223
7941755877,Kharakhi,,hamlet,,Bageshwar,29.74480,79.75452
342101451,Kharlekh,,village,,Bageshwar,29.96325,80.02934
342101369,Khati,,village,,Bageshwar,30.11209,79.94006
7941755871,Khaulsir,,village,,Bageshwar,29.73164,79.77804
7864010016,Kheti,,hamlet,,Bageshwar,29.90983,80.13376
7890955638,Khitauli,,hamlet,,Bageshwar,29.89142,79.58833
7890855055,Khitoula,,hamlet,,Bageshwar,29.97053,79.57307
7905929734,Kholi,,hamlet,,Bageshwar,29.84917,79.74255
7832524870,Khuj,,hamlet,,Bageshwar,30.04312,79.96364
7871426974,Kilawkhet,,hamlet,,Bageshwar,29.95819,79.51975
2376477124,Kilbara,,hamlet,,Bageshwar,30.09656,79.84086
6520213932,Kimmu,,hamlet,,Bageshwar,30.09628,80.07376
7864010019,Kismda,,hamlet,,Bageshwar,29.90740,80.12891
7872141253,Kohina,,hamlet,,Bageshwar,29.91847,79.54272
8033041169,Kosyarigaon,,hamlet,,Bageshwar,29.79964,79.98529
7890943622,Kotatulyari,,hamlet,,Bageshwar,29.89931,79.57509
7731937272,Kotidhar,,hamlet,,Bageshwar,30.03240,79.88505
7856252708,Kotuli,,hamlet,,Bageshwar,29.89382,79.63403
7856531991,Kshetrapal,,hamlet,,Bageshwar,29.90471,79.65105
7856969258,Kujakhet,,hamlet,,Bageshwar,29.88346,79.67849
7905929733,Kukura,,hamlet,,Bageshwar,29.84396,79.74401
342104683,Kulaun,,hamlet,,Bageshwar,29.98324,79.59503
7890818879,Kulaun Talla,,hamlet,,Bageshwar,29.97585,79.60751
7871578194,Kulawan,,hamlet,,Bageshwar,29.98575,79.55788
7871426981,Kulbhan,,hamlet,,Bageshwar,29.99180,79.51850
7856053549,Kulyuda,,hamlet,,Bageshwar,29.97236,79.62098
7856378406,Kumaraur,,hamlet,,Bageshwar,29.89450,79.65358
7732043390,Kumtoli,,hamlet,,Bageshwar,30.04937,79.85447
7909218472,Kunakhet,,hamlet,,Bageshwar,29.86614,79.62816
7857155558,Kunarkhal,,hamlet,,Bageshwar,29.97510,79.69720
8032884876,Kunera,,hamlet,,Bageshwar,29.83454,79.89159
7732016674,Kuneri,,hamlet,,Bageshwar,30.00294,79.93107
7871426983,Kunjhali,,hamlet,,Bageshwar,29.99832,79.51124
7732007687,Kunwari,,hamlet,,Bageshwar,30.08268,79.79984
7890868168,Kursali,,hamlet,,Bageshwar,29.95060,79.59172
7905945305,Kwairali,,hamlet,,Bageshwar,29.83761,79.73499
7871578189,Kwil,,hamlet,,Bageshwar,29.97712,79.56228
7832810190,Labagar,,hamlet,,Bageshwar,30.11675,79.93242
7890908541,Ladhyura,,hamlet,,Bageshwar,29.95042,79.61148
7832854692,Lahur,,village,,Bageshwar,30.06725,80.00013
7856395401,Lakhani,,hamlet,,Bageshwar,29.86914,79.65464
7857218935,Lamchula,,hamlet,,Bageshwar,29.98202,79.69915
7886865321,Lamjigara,,hamlet,,Bageshwar,29.86668,79.99934
7886669169,Lathi,,hamlet,,Bageshwar,29.92792,80.06897
7832524881,Latpur,,hamlet,,Bageshwar,30.08036,79.96922
7890966463,Laubani,,hamlet,,Bageshwar,29.87247,79.58803
7886299796,Lauraghar,,hamlet,,Bageshwar,29.91631,80.09410
8032884877,Leksuna,,hamlet,,Bageshwar,29.83208,79.88923
7731937275,Letal,,hamlet,,Bageshwar,30.03372,79.87149
6520232703,Letauli,,hamlet,,Bageshwar,30.09753,79.90333
7908484050,Leti,,hamlet,,Bageshwar,29.80349,79.73924
9872037815,Lili,,hamlet,,Bageshwar,29.94434,79.86176
342101403,Liti,,village,,Bageshwar,30.00916,80.02991
7886854683,Liti,,hamlet,,Bageshwar,30.00027,80.03512
7864010005,Lodiyabagar,,hamlet,,Bageshwar,29.93508,80.14045
7872141256,Lohar Chaura,,hamlet,,Bageshwar,29.92290,79.57345
7890994137,Lohari Talli,,hamlet,,Bageshwar,29.88847,79.61747
342106426,Lohārkhet,,hamlet,,Bageshwar,30.03675,79.93782
7941755878,Loita,,hamlet,,Bageshwar,29.74813,79.75128
7941755882,Luhariya,,hamlet,,Bageshwar,29.73155,79.80138
7732043391,Lumak,,hamlet,,Bageshwar,30.05944,79.86274
7871426972,Luwagadi,,hamlet,,Bageshwar,29.95067,79.50930
7832575962,Lwain,,hamlet,,Bageshwar,30.02630,79.92468
7731937270,Lwara,,hamlet,,Bageshwar,30.04219,79.89918
7864010020,Machhera,,hamlet,,Bageshwar,29.90431,80.13894
7857093918,Magaronpahari,,village,,Bageshwar,29.87730,79.69895
7858167464,Magarupahari,,hamlet,,Bageshwar,29.87740,79.71195
11251222240,Mahruri,,hamlet,,Bageshwar,29.86106,80.00270
7871546427,Maigadi,,hamlet,,Bageshwar,29.95873,79.54838
7732354101,Mainpata,,hamlet,,Bageshwar,30.01582,79.63026
7905923543,Majabegad,,hamlet,,Bageshwar,29.84344,79.72014
7886669167,Majhket,,hamlet,,Bageshwar,29.92513,80.05721
7871426979,Majkot,,hamlet,,Bageshwar,29.98413,79.51947
7941646595,Mallkot,,village,,Bageshwar,29.73449,79.85466
8033043493,Malsuna,,hamlet,,Bageshwar,29.82914,79.96743
8033041150,Mana,,hamlet,,Bageshwar,29.78565,79.94946
7857260770,Manatagar,,hamlet,,Bageshwar,29.98535,79.74111
7890899476,Mangalata,,hamlet,,Bageshwar,29.94519,79.58526
7856782756,Mankiya,,hamlet,,Bageshwar,29.97383,79.67044
8032921998,Mantoli,,hamlet,,Bageshwar,29.79973,79.88662
7890868167,Manyakhet,,hamlet,,Bageshwar,29.94685,79.59734
7858081166,Matakhadaro,,hamlet,,Bageshwar,29.93239,79.73989
7856552818,Mate,,hamlet,,Bageshwar,29.94126,79.65724
342106965,Matela,,hamlet,,Bageshwar,29.75751,79.73725
7856252888,Matena,,hamlet,,Bageshwar,29.89749,79.62612
7890954631,Matharon,,hamlet,,Bageshwar,29.87351,79.61206
7856149631,Mawai,,village,,Bageshwar,29.95424,79.62295
7941646597,Metniyan,,village,,Bageshwar,29.73069,79.83833
5257007353,Meu,,hamlet,,Bageshwar,29.74853,79.82486
7858195640,Mihaniyan,,hamlet,,Bageshwar,29.89027,79.71106
6520208829,Mikila,,hamlet,,Bageshwar,30.09545,79.99826
7731937268,Mill,,hamlet,,Bageshwar,30.05270,79.89361
7732007686,Mill,,hamlet,,Bageshwar,30.08171,79.81322
7731937274,Miri,,hamlet,,Bageshwar,30.02871,79.87779
7905923546,Mostagaon,,hamlet,,Bageshwar,29.86910,79.73572
7890943624,Mousari,,hamlet,,Bageshwar,29.89635,79.59271
7832524871,Munar,,hamlet,,Bageshwar,30.04805,79.96379
7864010002,Mundhura,,hamlet,,Bageshwar,29.94289,80.11954
7856516167,Munyura,,hamlet,,Bageshwar,29.90278,79.65425
7864010014,Mushiyasen,,hamlet,,Bageshwar,29.91755,80.13263
7941755874,Musiyachaur,,hamlet,,Bageshwar,29.73219,79.76418
7890908542,Myalekot,,hamlet,,Bageshwar,29.94897,79.60552
7886669166,Nadethal,,hamlet,,Bageshwar,29.93121,80.05741
7858081167,Naikana Kumtiya,,hamlet,,Bageshwar,29.93601,79.73413
7858081168,Naikana Sumatiya,,hamlet,,Bageshwar,29.93964,79.73092
7905903953,Nail,,hamlet,,Bageshwar,29.85077,79.71553
7913812718,Nakuri,,hamlet,,Bageshwar,29.85840,79.58790
7731962754,Nalipani,,hamlet,,Bageshwar,30.04397,79.97435
7941760786,Nandigaon,,village,,Bageshwar,29.74623,79.80992
7886669157,Nani Panyali,,hamlet,,Bageshwar,29.98326,80.06936
7941760787,Napatal,,village,,Bageshwar,29.74326,79.80829
7856552822,Naragwari,,hamlet,,Bageshwar,29.91565,79.66081
7913574632,Narangakhet,,hamlet,,Bageshwar,29.86971,79.56874
7858160928,Nargale,,hamlet,,Bageshwar,29.90810,79.73859
7856258713,Nathugul,,hamlet,,Bageshwar,29.95055,79.63471
7856061994,Naugaon,,hamlet,,Bageshwar,29.96639,79.62419
7872115237,Naugaon,,hamlet,,Bageshwar,29.89921,79.56195
7909244394,Naughar,,hamlet,,Bageshwar,29.85609,79.63092
8033041161,Nauligaon,,village,,Bageshwar,29.77849,79.97359
7856395402,Nautia,,hamlet,,Bageshwar,29.87053,79.62923
7905945310,Nawali,,hamlet,,Bageshwar,29.84623,79.70130
7856319059,Nekana,,hamlet,,Bageshwar,29.92226,79.63270
7731962758,Nin Nagela,,hamlet,,Bageshwar,30.07912,79.98740
342106456,Pachar,,village,,Bageshwar,29.88693,79.96125
7941760790,Padiyala,,hamlet,,Bageshwar,29.73668,79.80977
342105019,Padyarkhet,,hamlet,,Bageshwar,29.93003,79.59543
7872098911,Pairni,,hamlet,,Bageshwar,29.95224,79.54142
2376535895,Pajena,,hamlet,,Bageshwar,29.92890,79.60613
8032884884,Pali Bagyali,,hamlet,,Bageshwar,29.82774,79.91127
7941646598,Pana,,village,,Bageshwar,29.73677,79.83430
7856992134,Panyaldyo,,hamlet,,Bageshwar,29.87340,79.68090
7886669159,Panyali,,hamlet,,Bageshwar,29.96439,80.07393
9872037816,Panyati,,hamlet,,Bageshwar,29.95475,79.87144
7905903948,Pape,,hamlet,,Bageshwar,29.85393,79.72628
7941755867,Parkhet,,village,,Bageshwar,29.72141,79.79447
7858174987,Parkot,,hamlet,,Bageshwar,29.91410,79.73787
6520222034,Patak,,hamlet,,Bageshwar,30.10313,79.85615
7731901213,Patalkhor Kharak,,hamlet,,Bageshwar,30.09219,79.95719
7872118916,Pathariya,,hamlet,,Bageshwar,29.93123,79.55685
7832524883,Patiyasari,,village,,Bageshwar,30.07434,79.97815
7857260769,Paunsari,,hamlet,,Bageshwar,29.97681,79.74077
7858081695,Paunsari,,hamlet,,Bageshwar,29.95135,79.71760
7877751159,Payan,,hamlet,,Bageshwar,29.99255,79.61437
7872141258,Phalyathi,,hamlet,,Bageshwar,29.93063,79.58905
7731901218,Phapharkhot,,hamlet,,Bageshwar,30.14945,79.81015
342104939,Phatagali,,hamlet,,Bageshwar,29.87974,79.69536
7832575960,Pheti,,hamlet,,Bageshwar,30.03509,79.92163
7732016671,Phulbairl,,hamlet,,Bageshwar,30.01207,79.88530
7732016669,Phulchaunra,,hamlet,,Bageshwar,30.00321,79.86671
342106385,Phulwari,,village,,Bageshwar,29.99268,79.91181
7909216536,Pingalkot,,hamlet,,Bageshwar,29.84811,79.60747
342104673,Pinglou,,hamlet,,Bageshwar,29.94683,79.56571
7858195638,Pitaraura,,hamlet,,Bageshwar,29.88480,79.71400
7890943621,Pokhari,,hamlet,,Bageshwar,29.89775,79.57052
7864010013,Polnadhura,,hamlet,,Bageshwar,29.92349,80.12994
7872188337,Puniya,,hamlet,,Bageshwar,29.87329,79.57040
7941755870,Pusaur,,village,,Bageshwar,29.72827,79.77847
7941646599,Pyara,,hamlet,,Bageshwar,29.74295,79.84709
7908454362,Pyarapani,,hamlet,,Bageshwar,29.80527,79.71002
7941760788,Raikholi,,village,,Bageshwar,29.74519,79.80286
7890855051,Raitoli,,hamlet,,Bageshwar,29.95886,79.57614
7832854690,Ralchand Deota,,hamlet,,Bageshwar,30.06678,80.00871
2389614135,Ramari,,hamlet,,Bageshwar,29.95555,80.09022
2389614557,Ramari,,hamlet,,Bageshwar,29.96255,80.09240
7856325073,Rampur,,hamlet,,Bageshwar,29.91671,79.63663
7872149481,Ranakuri,,hamlet,,Bageshwar,29.88831,79.54946
7886669156,Raram,,hamlet,,Bageshwar,29.99590,80.04873
7905985522,Ratabe,,hamlet,,Bageshwar,29.82987,79.71004
7858167461,Ratagaon,,hamlet,,Bageshwar,29.87868,79.73390
7890966464,Ratamatiya,,hamlet,,Bageshwar,29.87995,79.58387
7886865297,Ratangala,,hamlet,,Bageshwar,29.92426,80.03597
7909264386,Rataura,,hamlet,,Bageshwar,29.86826,79.60217
7871511636,Ratisera,,hamlet,,Bageshwar,29.98232,79.52400
7871546428,Raulyan,,hamlet,,Bageshwar,29.96575,79.54151
8033041154,Rautali,,hamlet,,Bageshwar,29.76849,79.95454
342107023,Rawainkhal,,village,,Bageshwar,29.87337,79.71301
7832524877,Rikhari,,hamlet,,Bageshwar,30.05541,79.96799
342106394,Ritabagar,,village,,Bageshwar,29.98993,79.91593
7872149482,Rithar,,hamlet,,Bageshwar,29.89001,79.56499
7872098908,Rithawamanagaon,,hamlet,,Bageshwar,29.95149,79.55431
7856929658,Riuni Lakhamar,,hamlet,,Bageshwar,29.90391,79.66801
7905923545,Runakhet,,hamlet,,Bageshwar,29.86249,79.74109
7941755868,Saini,,village,,Bageshwar,29.72395,79.78617
7856299191,Salakhanyari,,hamlet,,Bageshwar,29.98762,79.64100
342106406,Salik,,village,,Bageshwar,30.02426,79.95163
342104810,Salyani,,hamlet,,Bageshwar,29.95620,79.71288
7886865295,Samelgaon,,hamlet,,Bageshwar,29.94003,80.02970
7731962756,Samjar,,hamlet,,Bageshwar,30.05043,79.98628
7857093916,Sanakhet,,hamlet,,Bageshwar,29.88370,79.70858
7886865305,Sangad,,hamlet,,Bageshwar,29.90537,80.00025
8033041182,Saniudiyar,,hamlet,,Bageshwar,29.80777,79.93783
342101891,Sankot,,village,,Bageshwar,29.87869,79.98047
7731937273,Sapuli,,hamlet,,Bageshwar,30.02710,79.88657
7731937278,Saran,,hamlet,,Bageshwar,30.01908,79.87857
7872149480,Saroli,,hamlet,,Bageshwar,29.88514,79.55743
7905985521,Sat,,hamlet,,Bageshwar,29.83121,79.70364
7941646600,Sata,,hamlet,,Bageshwar,29.74459,79.84138
5433979652,Satri,,village,,Bageshwar,29.72650,79.76481
8032884879,Saukhola,,hamlet,,Bageshwar,29.82508,79.88481
7858160925,Sauliya Bajyani,,hamlet,,Bageshwar,29.91419,79.70551
7871546426,Selabagar,,hamlet,,Bageshwar,29.95558,79.54281
7856041036,Selagara,,village,,Bageshwar,29.98466,79.62876
7856875443,Selakharak,,hamlet,,Bageshwar,29.92039,79.67140
7872188343,Selakhola,,hamlet,,Bageshwar,29.88410,79.56609
7856261395,Selakhula,,hamlet,,Bageshwar,29.89527,79.62785
7871578188,Seligad,,hamlet,,Bageshwar,29.94812,79.54329
7890994138,Selihat,,hamlet,,Bageshwar,29.89453,79.61629
7905903951,Selta,,hamlet,,Bageshwar,29.86633,79.72032
2442679057,Semdagarh,,hamlet,,Bageshwar,30.14163,79.81764
342107051,Senu,,hamlet,,Bageshwar,29.88012,79.61035
7886854677,Shaili,,hamlet,,Bageshwar,29.97565,80.01840
7886865288,Shaili,,hamlet,,Bageshwar,29.96845,80.02295
245769156,Shama,,hamlet,,Bageshwar,29.97447,80.02623
7886865287,Shama,,hamlet,,Bageshwar,29.96835,80.02501
342101428,Shamadura,,village,,Bageshwar,29.97345,80.04776
7913812717,Shauli,,hamlet,,Bageshwar,29.86573,79.58528
7905733192,Shilangawari,,hamlet,,Bageshwar,29.86757,79.64631
7856531990,Shilankhel,,hamlet,,Bageshwar,29.90979,79.64931
7731962752,Shumgarh,,hamlet,,Bageshwar,30.02777,79.96494
7890964523,Silangatoli,,hamlet,,Bageshwar,29.90022,79.56687
7872123517,Silari,,hamlet,,Bageshwar,29.93191,79.57239
7909264385,Sima,,hamlet,,Bageshwar,29.86582,79.60758
7886669171,Simali,,hamlet,,Bageshwar,29.92329,80.05728
7856403018,Simar,,village,,Bageshwar,29.89128,79.66382
7886669172,Simara,,hamlet,,Bageshwar,29.91606,80.07276
7886299798,Simati,,hamlet,,Bageshwar,29.91702,80.10810
7832317614,Simgadi,,hamlet,,Bageshwar,29.99982,79.64106
7886865306,Simgari,,hamlet,,Bageshwar,29.89067,80.00851
7908455725,Simi Naragol,,hamlet,,Bageshwar,29.81462,79.71055
7941755873,Simliya,,hamlet,,Bageshwar,29.73716,79.76802
7856516168,Sir,,village,,Bageshwar,29.89799,79.65358
7941755872,Sir,,hamlet,,Bageshwar,29.73474,79.77350
7856552814,Sirani,,hamlet,,Bageshwar,29.99273,79.64719
7890908539,Sirani,,hamlet,,Bageshwar,29.94028,79.60708
7886865289,Siri,,hamlet,,Bageshwar,29.97087,80.00207
342104693,Sirkot,,hamlet,,Bageshwar,29.96480,79.57381
7908484049,Sisakhani,,hamlet,,Bageshwar,29.80485,79.74576
7890943628,Sitoli,,hamlet,,Bageshwar,29.91023,79.60408
7941755884,Siya,,hamlet,,Bageshwar,29.73291,79.79666
7871426978,Slmar,,hamlet,,Bageshwar,29.98732,79.51519
342106416,Song,,village,,Bageshwar,30.03525,79.95575
7864010011,Sukhchauna,,hamlet,,Bageshwar,29.91862,80.11450
7871426980,Sunalkhal,,hamlet,,Bageshwar,29.99127,79.51370
8032884882,Sunargaon,,hamlet,,Bageshwar,29.83022,79.89597
7832524882,Supi,,village,,Bageshwar,30.07365,79.96965
6520227222,Surag,,hamlet,,Bageshwar,30.10424,79.87970
7856538842,Surag,,hamlet,,Bageshwar,29.98659,79.66204
7905945306,Syuni,,hamlet,,Bageshwar,29.83979,79.72868
8033043492,Taknar,,hamlet,,Bageshwar,29.82871,79.98191
7857093917,Talar,,hamlet,,Bageshwar,29.87810,79.70534
7941755879,Talargun,,hamlet,,Bageshwar,29.74354,79.76189
7732006583,Talkori,,hamlet,,Bageshwar,30.09038,79.84904
7890922433,Talli Hat,,hamlet,,Bageshwar,29.91406,79.61365
7941755875,Tana,,hamlet,,Bageshwar,29.73956,79.76493
7905956601,Tarigaon,,hamlet,,Bageshwar,29.83405,79.71169
7941678903,Tarmoli,,hamlet,,Bageshwar,29.71696,79.87243
7832524880,Tarsal Patiyasar,,village,,Bageshwar,30.08018,79.97718
7858090884,Tatapani,,hamlet,,Bageshwar,29.94696,79.72490
7856992133,Tayet,,hamlet,,Bageshwar,29.87234,79.69083
7886474025,Thaili,,hamlet,,Bageshwar,29.90646,80.04408
7856531989,Thakala,,hamlet,,Bageshwar,29.91247,79.65121
7872141252,Thakala,,hamlet,,Bageshwar,29.91250,79.53663
7856980663,Thakalar,,hamlet,,Bageshwar,29.87223,79.69887
8033041179,Thala,,hamlet,,Bageshwar,29.83331,79.95335
7856969259,Thalasim,,hamlet,,Bageshwar,29.89096,79.67459
7872118992,Thalkula,,hamlet,,Bageshwar,29.93431,79.56601
7732016672,Thangdhar,,hamlet,,Bageshwar,30.01107,79.90456
7872098913,Thapli,,hamlet,,Bageshwar,29.95230,79.55997
8032884878,Tharap,,hamlet,,Bageshwar,29.82814,79.88644
7886865304,Thuma,,hamlet,,Bageshwar,29.90593,80.00866
7857099062,Tikatiya,,hamlet,,Bageshwar,29.89027,79.70332
7732006582,Tikh,,hamlet,,Bageshwar,30.08521,79.86468
7886669160,Tikta,,hamlet,,Bageshwar,29.95246,80.06522
7856552821,Tilsari,,hamlet,,Bageshwar,29.92570,79.66053
7731962753,Timil,,hamlet,,Bageshwar,30.03191,79.96844
7872097661,Timilpani,,hamlet,,Bageshwar,29.94173,79.55031
7890866274,Titoliya,,hamlet,,Bageshwar,29.95856,79.61404
7731956432,Toli,,hamlet,,Bageshwar,30.01006,79.84566
7856325075,Tular,,hamlet,,Bageshwar,29.91053,79.62959
7872188341,Tuniya,,hamlet,,Bageshwar,29.87651,79.56342
7886669164,Udyari,,hamlet,,Bageshwar,29.93833,80.06343
7858160922,Ukhalasaun,,hamlet,,Bageshwar,29.89518,79.71600
7886854678,Ulandhar,,hamlet,,Bageshwar,29.98718,80.01301
7886854680,Ulani,,hamlet,,Bageshwar,29.98888,80.01100
342101517,Umula,,hamlet,,Bageshwar,30.09714,79.92157
7732006580,Ungiya,,hamlet,,Bageshwar,30.08369,79.88528
7886854679,Unthal,,hamlet,,Bageshwar,29.98656,80.00095
7856552817,Urakhuli,,village,,Bageshwar,29.94502,79.67528
7732016675,Urg,,hamlet,,Bageshwar,30.00111,79.93739
7732006579,Uriya,,hamlet,,Bageshwar,30.08478,79.89635
7858090883,Waigaon Kalaro,,hamlet,,Bageshwar,29.94328,79.72787
7856165133,Wajyula,,hamlet,,Bageshwar,29.94945,79.62713
7856258714,Wajyula,,hamlet,,Bageshwar,29.95194,79.64202
8032884826,adhali,,hamlet,,Bageshwar,29.84775,79.92298
8033043539,agar,,hamlet,,Bageshwar,29.92741,79.93309
8033043503,airari,,hamlet,,Bageshwar,29.85778,79.94737
8025408209,akhron ka khet,,hamlet,,Bageshwar,29.99099,79.81089
8032865190,amkhet,,hamlet,,Bageshwar,29.77731,79.84512
8032884824,aneriya,,hamlet,,Bageshwar,29.87158,79.87237
8032884843,angari,,hamlet,,Bageshwar,29.87786,79.85872
8025398969,ara,,hamlet,,Bageshwar,29.86238,79.78126
8032994126,baera,,hamlet,,Bageshwar,29.89691,79.88905
8033043543,bafila,,hamlet,,Bageshwar,29.90340,79.96552
8025398965,bagdungra,,hamlet,,Bageshwar,29.86013,79.81641
8033043528,baikori,,hamlet,,Bageshwar,29.89887,79.98339
8032884883,bajina,,hamlet,,Bageshwar,29.83054,79.90131
8025398953,baldori,,hamlet,,Bageshwar,29.87965,79.80336
8025398972,bali gad,,hamlet,,Bageshwar,29.87609,79.77890
8032839828,bandri,,village,,Bageshwar,29.84883,79.78902
8032865196,bangchuri,,hamlet,,Bageshwar,29.78281,79.87268
8032839815,banja,,hamlet,,Bageshwar,29.78604,79.76765
8033043557,banjarin,,hamlet,,Bageshwar,29.99285,79.98474
8033043563,baret,,hamlet,,Bageshwar,29.98807,79.95396
8033043535,basarin,,hamlet,,Bageshwar,29.92965,79.97577
8032839847,baset,,hamlet,,Bageshwar,29.81940,79.82278
8032994121,baskuna,,hamlet,,Bageshwar,29.91189,79.89870
8032884830,bastoli,,hamlet,,Bageshwar,29.85665,79.91715
7894406265,basudeo,,hamlet,,Bageshwar,29.74323,79.72986
8032884840,batalgaon,,hamlet,,Bageshwar,29.89334,79.86764
8032830472,bauhla,,hamlet,,Bageshwar,29.75423,79.80855
8033041177,bera,,hamlet,,Bageshwar,29.80090,79.94200
8025408205,bhadaur,,hamlet,,Bageshwar,29.98489,79.83948
8032921994,bhadaura,,hamlet,,Bageshwar,29.81086,79.90972
8033043560,bhainsori,,hamlet,,Bageshwar,29.97433,79.98562
8033043552,bhainsori kuter,,hamlet,,Bageshwar,29.94240,79.94664
8032989980,bhani,,hamlet,,Bageshwar,29.98554,79.91446
8033043502,bhantola,,hamlet,,Bageshwar,29.86268,79.95286
8032839807,bharakot,,hamlet,,Bageshwar,29.76872,79.78151
8032884828,bharkani,,hamlet,,Bageshwar,29.85296,79.92281
8032884848,bhataur,,hamlet,,Bageshwar,29.85894,79.86620
8032830482,bhatgaon,,hamlet,,Bageshwar,29.77315,79.80196
8032884854,bhatgaon,,hamlet,,Bageshwar,29.85985,79.90084
8032994115,bhayun,,village,,Bageshwar,29.94216,79.90082
8032839827,bhiliura,,village,,Bageshwar,29.83876,79.78535
8032839794,bhiri,,hamlet,,Bageshwar,29.79215,79.83338
8032994130,bhiron,,hamlet,,Bageshwar,29.91209,79.86593
8032839831,bhitalgaon,,village,,Bageshwar,29.83104,79.77566
8033043518,bhulgaon,,hamlet,,Bageshwar,29.88243,79.96666
8032884855,bhunki,,hamlet,,Bageshwar,29.85724,79.90541
8032839785,bhurgaon,,hamlet,,Bageshwar,29.78222,79.80296
8032994098,bhutidhar,,hamlet,,Bageshwar,29.95213,79.92871
8032884862,bijepur ora,,hamlet,,Bageshwar,29.84031,79.91672
8025398956,bijorya,,hamlet,,Bageshwar,29.89014,79.82104
8032994087,bilaiti,,hamlet,,Bageshwar,29.98302,79.86963
8032839840,bilaun sera,,hamlet,,Bageshwar,29.80885,79.77593
8032839861,bilkhet,,hamlet,,Bageshwar,29.85288,79.82444
8032884847,bilyura,,hamlet,,Bageshwar,29.85770,79.86326
8033043525,binari,,hamlet,,Bageshwar,29.89228,79.93538
8025398963,binsar,,hamlet,,Bageshwar,29.87028,79.81274
8032839812,binsar,,hamlet,,Bageshwar,29.77386,79.76531
8033043558,birmol,,hamlet,,Bageshwar,29.98088,79.97168
8032994095,bithi,,hamlet,,Bageshwar,29.96458,79.86397
8032839820,borgaon,,village,,Bageshwar,29.79462,79.76244
8032839837,borgaon,,hamlet,,Bageshwar,29.82395,79.75319
8032839808,bugari,,hamlet,,Bageshwar,29.76773,79.77628
8032922000,buntoli,,hamlet,,Bageshwar,29.81427,79.84224
8032839858,burguna,,hamlet,,Bageshwar,29.84113,79.82687
8025408185,chachai,,hamlet,,Bageshwar,29.92463,79.79284
8025408189,chalkana,,hamlet,,Bageshwar,29.92386,79.82664
8032994092,chalkana,,hamlet,,Bageshwar,29.97040,79.84885
8032839793,chamoli,,hamlet,,Bageshwar,29.79043,79.82808
8025398951,chandraula,,hamlet,,Bageshwar,29.86783,79.79576
8025398962,chataigar,,hamlet,,Bageshwar,29.87275,79.80728
8032884853,chaubata,,hamlet,,Bageshwar,29.85611,79.84679
8033043509,chaundal,,hamlet,,Bageshwar,29.86631,79.97592
8032839823,chauni,,hamlet,,Bageshwar,29.80997,79.83716
8032884859,chauni,,hamlet,,Bageshwar,29.84988,79.88086
8032884844,chaunra,,hamlet,,Bageshwar,29.87299,79.85975
8033041183,chaupau,,hamlet,,Bageshwar,29.80993,79.94393
8032839803,chaurasi,,hamlet,,Bageshwar,29.75918,79.78893
8032839832,chaurasi,,village,,Bageshwar,29.83699,79.77486
8025398973,chhana,,hamlet,,Bageshwar,29.88339,79.77553
8032839809,chhani,,hamlet,,Bageshwar,29.77118,79.77390
8032839841,chhatena,,hamlet,,Bageshwar,29.82316,79.79201
8032839852,chhati,,hamlet,,Bageshwar,29.83003,79.80411
8032884823,chhatikhet,,hamlet,,Bageshwar,29.87142,79.87636
8032994097,chhuni,,hamlet,,Bageshwar,29.94592,79.88314
8032989983,chirabagar,,hamlet,,Bageshwar,29.97086,79.90535
8025398961,chirang,,hamlet,,Bageshwar,29.87416,79.81882
8032989984,chor kharak,,hamlet,,Bageshwar,29.98308,79.89839
8032994085,chor kharak,,hamlet,,Bageshwar,29.99230,79.88301
8032994086,chorpani tok,,hamlet,,Bageshwar,29.98515,79.87419
8033043506,chunrani,,hamlet,,Bageshwar,29.85719,79.98955
8025408199,churabagar,,hamlet,,Bageshwar,29.96480,79.77893
8032994133,churya,,hamlet,,Bageshwar,29.92617,79.84664
8032865189,dabauli,,hamlet,,Bageshwar,29.78025,79.84099
8032839836,daret,,hamlet,,Bageshwar,29.82535,79.76676
8025398971,darsaun,,hamlet,,Bageshwar,29.87195,79.77857
8033043520,darsim,,hamlet,,Bageshwar,29.87334,79.94011
8032994132,dau,,hamlet,,Bageshwar,29.93061,79.85965
8033043544,dayali,,hamlet,,Bageshwar,29.90720,79.96493
8025398980,deol chaunra,,hamlet,,Bageshwar,29.89909,79.80085
8032884868,deoli,,hamlet,,Bageshwar,29.84102,79.85640
8033043497,deotai,,hamlet,,Bageshwar,29.84820,79.97137
8032839846,derhkhola,,hamlet,,Bageshwar,29.80939,79.80765
8032994116,devi ka bagar,,hamlet,,Bageshwar,29.94076,79.89505
8032839816,dewaidhar,,hamlet,,Bageshwar,29.78315,79.75049
8032884875,dhal malla,,hamlet,,Bageshwar,29.83195,79.87562
8032884816,dhandgal,,hamlet,,Bageshwar,29.88203,79.89663
8032884880,dhapoli,,hamlet,,Bageshwar,29.82009,79.87387
8032884825,dhapti,,hamlet,,Bageshwar,29.84280,79.93352
8032839859,dhara,,hamlet,,Bageshwar,29.84326,79.83077
8032884867,dharmsala,,hamlet,,Bageshwar,29.84476,79.85065
8025398970,dhilauli,,hamlet,,Bageshwar,29.86720,79.78325
8032839845,dhunga,,hamlet,,Bageshwar,29.80833,79.81349
8032839839,dhunga patil,,hamlet,,Bageshwar,29.81116,79.78093
8032884829,dhungapani,,hamlet,,Bageshwar,29.85458,79.91942
8033043508,dhura,,hamlet,,Bageshwar,29.86293,79.99272
8032994102,dhuroni,,hamlet,,Bageshwar,29.94595,79.91061
8032830476,didola,,hamlet,,Bageshwar,29.77879,79.77984
8032884821,dophar,,hamlet,,Bageshwar,29.87528,79.88410
8033043533,dor,,hamlet,,Bageshwar,29.92213,79.98909
8025398952,doya,,hamlet,,Bageshwar,29.87405,79.79370
8032884842,dungri,,hamlet,,Bageshwar,29.87103,79.85129
8032994089,durin,,hamlet,,Bageshwar,29.98342,79.85922
8032994110,gadera,,hamlet,,Bageshwar,29.92649,79.91901
8033043521,gadera,,hamlet,,Bageshwar,29.87531,79.93412
8032805781,gadkhet,,hamlet,,Bageshwar,29.79481,79.84988
8032994118,gainar,,hamlet,,Bageshwar,29.93879,79.87146
7894406263,gairigad,,hamlet,,Bageshwar,29.74320,79.74359
8032994134,gairkhet,,hamlet,,Bageshwar,29.91858,79.84132
8025408210,gairpatal,,hamlet,,Bageshwar,29.99144,79.79804
8025408208,gaiwar,,hamlet,,Bageshwar,29.99512,79.81163
8025408211,gaiwar,,hamlet,,Bageshwar,29.99722,79.79758
8025398959,gajli,,hamlet,,Bageshwar,29.87532,79.82807
8025398967,gajrar,,hamlet,,Bageshwar,29.85624,79.82821
8032839844,ganjha,,hamlet,,Bageshwar,29.81090,79.81589
8032884841,gapani,,hamlet,,Bageshwar,29.89148,79.84820
8032839811,garikhet,,hamlet,,Bageshwar,29.77285,79.76761
8033041184,gaujani,,hamlet,,Bageshwar,29.80860,79.94886
8032921992,gauril,,hamlet,,Bageshwar,29.80637,79.91202
8033041173,ghorgar,,hamlet,,Bageshwar,29.80454,79.97740
8032839788,ghuseti,,hamlet,,Bageshwar,29.79514,79.79752
8032839857,gogni,,hamlet,,Bageshwar,29.84819,79.81552
8033043514,gokhuri,,hamlet,,Bageshwar,29.87785,79.98789
8032839826,gorkhiura,,village,,Bageshwar,29.84226,79.78855
8033043553,guler,,hamlet,,Bageshwar,29.94390,79.95735
8032865187,gurana,,hamlet,,Bageshwar,29.79701,79.85868
8032994108,gurguja,,hamlet,,Bageshwar,29.87941,79.87243
8033043555,gurumoti,,hamlet,,Bageshwar,29.95126,79.96794
8032884827,gurunwan sarmoli,,hamlet,,Bageshwar,29.85404,79.92687
8032994120,guwaltoli,,hamlet,,Bageshwar,29.89778,79.91328
8032994096,gwaljangal,,hamlet,,Bageshwar,29.95505,79.88472
8025398979,gwar,,hamlet,,Bageshwar,29.89656,79.78947
8032884857,gwar bhelkot,,hamlet,,Bageshwar,29.85568,79.87535
8032865186,halda,,hamlet,,Bageshwar,29.79427,79.85640
8033043519,hatsia,,hamlet,,Bageshwar,29.87633,79.94761
8025408188,hatsila,,hamlet,,Bageshwar,29.91096,79.81645
8032994101,hichauri,,hamlet,,Bageshwar,29.95185,79.90777
8032839801,hinauli,,hamlet,,Bageshwar,29.75938,79.82159
8025398957,hirmoli chak,,hamlet,,Bageshwar,29.88517,79.83421
8033043522,hurali,,hamlet,,Bageshwar,29.88010,79.93867
8033043496,huram,,hamlet,,Bageshwar,29.84710,79.96111
8032884851,ira,,hamlet,,Bageshwar,29.85199,79.85349
8025408203,jagtana,,hamlet,,Bageshwar,29.98083,79.80552
8032865193,jajurali,,hamlet,,Bageshwar,29.77498,79.86121
8033043500,jakhari,,hamlet,,Bageshwar,29.86755,79.96317
8033043554,jalakwara,,hamlet,,Bageshwar,29.95170,79.99328
8032994104,jalekh,,hamlet,,Bageshwar,29.93446,79.91195
8033043527,jalmarin,,hamlet,,Bageshwar,29.88330,79.97918
8032994100,jasrauli,,hamlet,,Bageshwar,29.95702,79.90741
7894406264,jatha,,hamlet,,Bageshwar,29.74020,79.73670
8032839838,jaulkande,,hamlet,,Bageshwar,29.81821,79.75345
8032805784,jethal,,hamlet,,Bageshwar,29.79613,79.87453
8033043498,jhankra,,hamlet,,Bageshwar,29.84993,79.94354
8032884822,jharkot,,hamlet,,Bageshwar,29.87516,79.87867
8033043561,jhaunpra,,hamlet,,Bageshwar,29.95947,79.98352
8033041145,jhutoli,,hamlet,,Bageshwar,29.82000,79.96882
8032921995,jogbari,,hamlet,,Bageshwar,29.81216,79.88764
8032921996,jogsara,,hamlet,,Bageshwar,29.80721,79.89196
8032830475,joshigaon,,hamlet,,Bageshwar,29.78146,79.77589
8032839829,joshigaon,,village,,Bageshwar,29.85423,79.78585
8032839833,julkya,,village,,Bageshwar,29.83701,79.76499
8032884836,junayal,,hamlet,,Bageshwar,29.89048,79.91580
8033043505,jurchanni,,hamlet,,Bageshwar,29.86047,79.98246
8032994119,jyarti,,hamlet,,Bageshwar,29.90125,79.92301
8032839804,kabhra,,hamlet,,Bageshwar,29.75803,79.79784
8025398960,kalag,,hamlet,,Bageshwar,29.87747,79.82461
8032839853,kalana,,hamlet,,Bageshwar,29.83698,79.80312
8032839786,kalauta,,hamlet,,Bageshwar,29.79532,79.78624
8032839835,kaligarh,,hamlet,,Bageshwar,29.82417,79.77460
8032884832,kalori,,hamlet,,Bageshwar,29.86845,79.92942
8032994106,kamad,,hamlet,,Bageshwar,29.87330,79.89669
8033043534,kanatoli kharak,,hamlet,,Bageshwar,29.94678,79.97919
8032839834,kanbirkhet,,village,,Bageshwar,29.83069,79.76864
8032839824,kande,,hamlet,,Bageshwar,29.80829,79.82481
7894406266,kangad,,hamlet,,Bageshwar,29.74558,79.72284
8032994122,kanigar,,hamlet,,Bageshwar,29.92176,79.90736
8025398984,kanyali,,hamlet,,Bageshwar,29.93986,79.76398
8025408196,kaphaltok,,hamlet,,Bageshwar,29.95630,79.81299
8025408190,kaphauli,,hamlet,,Bageshwar,29.92236,79.81318
8032839821,kaphauli,,hamlet,,Bageshwar,29.80013,79.76490
8032994109,karala,,hamlet,,Bageshwar,29.93056,79.92594
8032994124,karimpur,,hamlet,,Bageshwar,29.89944,79.90105
8033041148,kariyangaon,,hamlet,,Bageshwar,29.79054,79.94861
8032839830,kathayatbara,,village,,Bageshwar,29.84829,79.77995
8032994103,kaurapani,,hamlet,,Bageshwar,29.94108,79.90916
8025398975,khabdoli chak,,hamlet,,Bageshwar,29.87929,79.74776
8032830478,khani,,hamlet,,Bageshwar,29.77833,79.78673
8032830474,khankar,,hamlet,,Bageshwar,29.77639,79.77413
8032884860,khantoli,,hamlet,,Bageshwar,29.82943,79.92818
8032989974,kharbagar,,hamlet,,Bageshwar,29.99265,79.92743
8033043536,kharku,,hamlet,,Bageshwar,29.93493,79.96862
8033041170,khatigaon,,village,,Bageshwar,29.79606,79.98605
8033043523,khatigaon,,hamlet,,Bageshwar,29.88843,79.94304
8032884856,kholiyagaon,,hamlet,,Bageshwar,29.86385,79.87715
8025398964,khuna,,hamlet,,Bageshwar,29.86247,79.81890
8032839863,khuna,,hamlet,,Bageshwar,29.85435,79.81784
8025398948,khunori,,hamlet,,Bageshwar,29.86229,79.81391
8032922001,kimoli,,hamlet,,Bageshwar,29.80295,79.84893
8033043526,kirai,,hamlet,,Bageshwar,29.88862,79.95002
8032989977,kirauli,,hamlet,,Bageshwar,29.96538,79.93155
8033043547,kirauli,,hamlet,,Bageshwar,29.91016,79.95594
8032921987,kobnta,,hamlet,,Bageshwar,29.81922,79.93011
8032865185,koirali,,hamlet,,Bageshwar,29.79183,79.86514
8032884866,kotgaon,,hamlet,,Bageshwar,29.83392,79.85975
8033041181,kucholi,,hamlet,,Bageshwar,29.82277,79.96126
8032839854,kuirali,,hamlet,,Bageshwar,29.84044,79.80879
8025398977,kukuragad,,hamlet,,Bageshwar,29.88430,79.76604
8025398954,kukuroli,,hamlet,,Bageshwar,29.87915,79.79136
8032865195,kula,,hamlet,,Bageshwar,29.77634,79.86676
8025398955,kumtir chak,,hamlet,,Bageshwar,29.90204,79.83108
8032884849,kunoli,,hamlet,,Bageshwar,29.85401,79.86355
8033043542,kurauli,,hamlet,,Bageshwar,29.90599,79.96991
8032839799,kuthani,,hamlet,,Bageshwar,29.76814,79.82353
8033043516,lacheta,,hamlet,,Bageshwar,29.87687,79.97469
8025408191,lakhmara,,hamlet,,Bageshwar,29.93567,79.83866
8025408194,lambagar,,hamlet,,Bageshwar,29.94895,79.75452
8025408195,latu kharak,,hamlet,,Bageshwar,29.95854,79.82015
7886865312,letla,,hamlet,,Bageshwar,29.88383,80.00036
8032884835,lisarin,,hamlet,,Bageshwar,29.88475,79.92652
8033041165,mahatgaon,,hamlet,,Bageshwar,29.79427,79.98952
8033043531,maholi,,hamlet,,Bageshwar,29.89061,79.97139
8032994125,majhera,,hamlet,,Bageshwar,29.89814,79.88367
8033043515,majhera,,hamlet,,Bageshwar,29.87890,79.99523
8025408197,malkhet,,hamlet,,Bageshwar,29.96823,79.75689
8032989982,malla saturi,,hamlet,,Bageshwar,29.97328,79.89686
8033043562,mallades,,hamlet,,Bageshwar,29.95847,79.94599
8032839842,malta,,hamlet,,Bageshwar,29.81489,79.79534
8032884820,manigaon,,hamlet,,Bageshwar,29.88062,79.88455
8033043501,manjgaon,,hamlet,,Bageshwar,29.86272,79.96125
8032839851,mankot,,hamlet,,Bageshwar,29.82972,79.81394
8032921993,mar,,hamlet,,Bageshwar,29.81123,79.91592
8032884873,masauli,,hamlet,,Bageshwar,29.82676,79.85705
8032839795,matoli,,hamlet,,Bageshwar,29.78656,79.83299
8032884834,mau odyar,,hamlet,,Bageshwar,29.88277,79.91871
8032805780,mayun,,hamlet,,Bageshwar,29.79783,79.84838
8033043507,mharuri,,hamlet,,Bageshwar,29.86286,79.99703
8032989981,michhad,,hamlet,,Bageshwar,29.97224,79.88770
8032839790,mitryadai.,,hamlet,,Bageshwar,29.80324,79.80820
8032884870,miu,,hamlet,,Bageshwar,29.83705,79.84891
8032839843,mohan,,hamlet,,Bageshwar,29.81226,79.81013
8032839802,mohargaon,,hamlet,,Bageshwar,29.76235,79.80947
8032839814,nadela,,hamlet,,Bageshwar,29.78654,79.77673
8032884818,naghar,,hamlet,,Bageshwar,29.87712,79.89949
8032884869,nagnar,,hamlet,,Bageshwar,29.83839,79.85513
8032839792,nail,,hamlet,,Bageshwar,29.79013,79.82065
8032839805,nail,,hamlet,,Bageshwar,29.76568,79.78735
8032839849,nail,,hamlet,,Bageshwar,29.81917,79.83507
8032994099,nail,,hamlet,,Bageshwar,29.95581,79.92380
8032884845,nailberari,,hamlet,,Bageshwar,29.86179,79.86365
8033043550,naili,,hamlet,,Bageshwar,29.90313,79.93363
8032839806,naini,,hamlet,,Bageshwar,29.76877,79.75937
8025408186,nan,,hamlet,,Bageshwar,29.92496,79.78190
8033043538,nargana,,hamlet,,Bageshwar,29.92517,79.94809
8032839789,naugaon,,hamlet,,Bageshwar,29.80383,79.80304
8032884817,naugaon,,hamlet,,Bageshwar,29.87805,79.89408
8033043556,naukori,,hamlet,,Bageshwar,29.98665,79.99340
8025408200,odyar,,hamlet,,Bageshwar,29.97074,79.78393
8033043532,odyar,,hamlet,,Bageshwar,29.90022,79.94596
8033043540,odyura,,hamlet,,Bageshwar,29.90636,79.95921
8032994128,okhaldhar,,hamlet,,Bageshwar,29.90323,79.87111
8032921991,oligaon,,hamlet,,Bageshwar,29.80364,79.89856
8032994113,pachiya utrora,,hamlet,,Bageshwar,29.92735,79.88145
8032839819,padli,,hamlet,,Bageshwar,29.79176,79.76488
8032830483,pagna,,hamlet,,Bageshwar,29.78297,79.81202
8032830484,pagnakhol,,hamlet,,Bageshwar,29.78885,79.80188
8032994107,palsaun,,hamlet,,Bageshwar,29.87585,79.86847
8032884865,panasiya,,hamlet,,Bageshwar,29.83417,79.86777
8032994117,panaur,,hamlet,,Bageshwar,29.93738,79.89144
8025398978,pandrapali,,hamlet,,Bageshwar,29.89582,79.76675
8032994127,pankar,,hamlet,,Bageshwar,29.90474,79.88372
8032830481,panthgaon,,hamlet,,Bageshwar,29.77222,79.79053
8032884839,papaun,,hamlet,,Bageshwar,29.88908,79.86917
8033043549,papoli,,hamlet,,Bageshwar,29.90802,79.94236
8032994105,parai,,hamlet,,Bageshwar,29.87276,79.90326
8025398982,parkot,,hamlet,,Bageshwar,29.90471,79.77259
7894406261,pasdeo,,hamlet,,Bageshwar,29.73886,79.74390
8033043511,patal,,hamlet,,Bageshwar,29.86641,79.98489
8033043499,patdhar,,hamlet,,Bageshwar,29.86934,79.95816
8032994090,pateti,,hamlet,,Bageshwar,29.98406,79.85185
8033043513,pathkiura,,hamlet,,Bageshwar,29.87386,79.98989
8032830473,pauridhar chak,,hamlet,,Bageshwar,29.79783,79.77179
8032884838,pawanrin,,hamlet,,Bageshwar,29.88828,79.88320
8025398968,phalyanti,,hamlet,,Bageshwar,29.85683,79.80600
8032839855,phalyanti,,hamlet,,Bageshwar,29.84878,79.80388
8032839856,phanyari,,hamlet,,Bageshwar,29.85233,79.80867
8033043551,pharsali,,hamlet,,Bageshwar,29.95110,79.94154
8032884858,pharsyan,,hamlet,,Bageshwar,29.85028,79.88672
8032884819,phisera,,hamlet,,Bageshwar,29.88049,79.89052
8032994112,phula,,hamlet,,Bageshwar,29.92647,79.90550
8032839862,pipalkhet,,hamlet,,Bageshwar,29.85084,79.82854
8032994091,pochin,,hamlet,,Bageshwar,29.97587,79.86716
8032994123,pokh,,hamlet,,Bageshwar,29.91761,79.90241
8032884861,pokhri,,hamlet,,Bageshwar,29.83175,79.92225
8033043491,pokhri,,hamlet,,Bageshwar,29.82227,79.98758
8032994131,polin,,hamlet,,Bageshwar,29.92091,79.86749
8033043524,pothan,,hamlet,,Bageshwar,29.88849,79.93701
8025408193,purkoni,,hamlet,,Bageshwar,29.95226,79.81658
8032839787,raikholi chak,,hamlet,,Bageshwar,29.79378,79.77890
8032865194,ranchura,,hamlet,,Bageshwar,29.77220,79.87005
8032884846,rankot,,hamlet,,Bageshwar,29.86439,79.85938
8032865192,ratmoli,,hamlet,,Bageshwar,29.77451,79.85387
8032921988,rikhari,,hamlet,,Bageshwar,29.81732,79.92313
8032921997,rikhari,,hamlet,,Bageshwar,29.79976,79.87906
8032830477,rikhel,,hamlet,,Bageshwar,29.78233,79.78106
8033043548,rimkuiti,,hamlet,,Bageshwar,29.90757,79.95141
8033043490,sachur,,hamlet,,Bageshwar,29.81603,79.99914
8033043512,sakneora,,hamlet,,Bageshwar,29.86985,79.98628
8032884833,salet,,hamlet,,Bageshwar,29.86786,79.92222
8032884831,saligaon,,hamlet,,Bageshwar,29.87330,79.92848
8033043530,saneti,,hamlet,,Bageshwar,29.90187,79.97382
8032830479,sarna,,hamlet,,Bageshwar,29.77632,79.78735
8025398950,sartana,,hamlet,,Bageshwar,29.87258,79.79059
8032884863,sasaula,,hamlet,,Bageshwar,29.83802,79.90472
8025408192,sekot,,hamlet,,Bageshwar,29.94270,79.81780
8033043504,seri,,hamlet,,Bageshwar,29.85713,79.95807
8032839813,shigra,,hamlet,,Bageshwar,29.77868,79.76409
8032839791,shyaldoba,,hamlet,,Bageshwar,29.80220,79.82932
8033043510,silangar,,hamlet,,Bageshwar,29.87007,79.97829
8032994094,silpara,,hamlet,,Bageshwar,29.96732,79.85460
8025408187,sim,,hamlet,,Bageshwar,29.90545,79.82110
8032839818,simdhar,,hamlet,,Bageshwar,29.79144,79.75332
8032884872,simkhet,,hamlet,,Bageshwar,29.82858,79.84768
8032994111,simkhet,,hamlet,,Bageshwar,29.92557,79.91176
8032921990,simkona,,hamlet,,Bageshwar,29.79939,79.92367
8032884871,siroli,,hamlet,,Bageshwar,29.83145,79.83816
8033043541,sirtol,,hamlet,,Bageshwar,29.90742,79.98453
8032884850,siuniura,,hamlet,,Bageshwar,29.84831,79.86503
8025398966,sukrar,,hamlet,,Bageshwar,29.85701,79.83587
8032989975,sulmati,,hamlet,,Bageshwar,29.99538,79.86910
8025408214,sumti,,hamlet,,Bageshwar,29.98082,79.75899
8032884837,suntil,,hamlet,,Bageshwar,29.88865,79.90610
8033043546,surkali,,hamlet,,Bageshwar,29.91209,79.95903
8032830480,sutargain,,hamlet,,Bageshwar,29.77062,79.79589
8025398983,syal dhunga,,hamlet,,Bageshwar,29.93089,79.75072
8032921989,syam dhund,,hamlet,,Bageshwar,29.80095,79.91610
8033043545,syuni,,hamlet,,Bageshwar,29.91014,79.96330
8032865188,tachhni,,hamlet,,Bageshwar,29.78619,79.84474
8033041178,talra,,hamlet,,Bageshwar,29.80282,79.94882
8033043529,thara izar,,hamlet,,Bageshwar,29.89989,79.96625
8032989978,timlabagar,,hamlet,,Bageshwar,29.98128,79.91274
8033043537,tipati,,hamlet,,Bageshwar,29.93420,79.95363
8032839848,tunera,,hamlet,,Bageshwar,29.81602,79.82558
8025398949,tuper,,hamlet,,Bageshwar,29.86671,79.80692
8032994088,uchhad,,hamlet,,Bageshwar,29.97985,79.87977
8032839850,udena,,hamlet,,Bageshwar,29.82948,79.82254
8032839817,ujeoli,,hamlet,,Bageshwar,29.78827,79.75456
8032884852,ujera,,hamlet,,Bageshwar,29.84781,79.85174
8025408198,ulkhet,,hamlet,,Bageshwar,29.96759,79.77323
8032839810,ungligad,,hamlet,,Bageshwar,29.77159,79.76915
8033041174,uprara,,hamlet,,Bageshwar,29.80252,79.96309
8033043517,uttardug,,hamlet,,Bageshwar,29.87983,79.97138
4770772470,Adi Badri,,hamlet,,Chamoli,30.15594,79.22696
7855484701,Adra,,hamlet,,Chamoli,30.08396,79.46060
7833793311,Agar,,hamlet,,Chamoli,30.10989,79.33204
7835310598,Aindgaon,,village,,Chamoli,30.25692,79.19660
7833130309,Aira,,hamlet,,Chamoli,30.54168,79.61908
7833522436,Airas,,hamlet,,Chamoli,30.29766,79.25223
7690212532,Ala,,hamlet,,Chamoli,30.28840,79.54790
7833507454,Ali,,hamlet,,Chamoli,30.31428,79.25003
7833635479,Ali,,hamlet,,Chamoli,30.20537,79.48540
9871738367,Ali,,hamlet,,Chamoli,30.16568,79.19314
7833717316,Alkot,,hamlet,,Chamoli,30.07012,79.44578
7863100068,Amkhet,,hamlet,,Chamoli,30.36279,79.30644
7863886204,Anankharak,,hamlet,,Chamoli,30.13650,79.14892
7833812182,Andrayan,,hamlet,,Chamoli,30.02386,79.27005
7835438793,Angoth,,hamlet,,Chamoli,30.27614,79.12087
7833758890,Angotha,,hamlet,,Chamoli,30.08961,79.38932
7833829076,Ankhudi,,hamlet,,Chamoli,30.21821,79.29898
7863129819,Anthruthet,,hamlet,,Chamoli,30.32796,79.43487
7732354103,Aranp,,hamlet,,Chamoli,30.01302,79.64960
7833883511,Ariyululi,,hamlet,,Chamoli,30.13732,79.41632
7834421758,Aroshi,,hamlet,,Chamoli,30.53754,79.49682
2379635019,Aser,,village,,Chamoli,30.14196,79.40131
7864503016,Augura,,hamlet,,Chamoli,30.18726,79.15215
342105710,Auli,,village,,Chamoli,30.53779,79.56572
7833812166,Ayun,,hamlet,,Chamoli,30.05713,79.25530
342106535,BAMPA,,hamlet,,Chamoli,30.74367,79.82972
7863100059,Bachher,,village,,Chamoli,30.38344,79.29395
8039322639,Bachuwawan,,hamlet,,Chamoli,29.97161,79.42108
342107498,Badiyasem,,village,,Chamoli,29.96645,79.30614
342104576,Badrinath,बद्रीनाथ,town,,Chamoli,30.74233,79.49303
7833216664,Badumath,,hamlet,,Chamoli,30.44821,79.41841
342105210,Bagargād,,hamlet,,Chamoli,30.11916,79.60885
342107716,Bagoli,,village,,Chamoli,30.19455,79.29795
7833868786,Bagoli,,village,,Chamoli,30.19227,79.30559
342109100,Bagrigal,,village,,Chamoli,30.12552,79.61316
7832254646,Baihtra,,hamlet,,Chamoli,30.14133,79.71514
7863100069,Baindu,,hamlet,,Chamoli,30.35815,79.30132
7833725083,Bainoli,बैनोली,village,,Chamoli,30.11409,79.39951
7833216663,Bajani,,hamlet,,Chamoli,30.44429,79.41887
7835310607,Baji Chak,,hamlet,,Chamoli,30.29882,79.17044
6520218279,Balan,,hamlet,,Chamoli,30.16283,79.69478
7833009771,Baldimang,,village,,Chamoli,30.28442,79.62597
2386907495,Balgaon,,village,,Chamoli,30.51902,79.73160
7833009769,Bali,,hamlet,,Chamoli,30.26910,79.60083
7732897638,Bamanbera,,village,,Chamoli,30.08709,79.58587
7850440350,Bameli,,hamlet,,Chamoli,30.23010,79.08709
9871609894,Bamiyala,,hamlet,,Chamoli,30.15119,79.31187
7835438790,Bamoth,,hamlet,,Chamoli,30.27701,79.17288
2386973069,Bamyala,,hamlet,,Chamoli,30.41940,79.27372
7863055755,Banadwara,,hamlet,,Chamoli,30.43076,79.29053
6520228283,Banali,,hamlet,,Chamoli,30.37985,79.56260
7833725077,Banela,,hamlet,,Chamoli,30.13082,79.40828
7833635478,Bangali,,village,,Chamoli,30.19280,79.47018
4120648784,Bangaon Malla,,village,,Chamoli,30.22102,79.27275
4120648783,Bangaon Talla,,village,,Chamoli,30.22146,79.26408
7833869344,Bangri,,hamlet,,Chamoli,30.22587,79.27340
2376466260,Bangīna,,hamlet,,Chamoli,30.53516,79.46131
7895149500,Banjani,,hamlet,,Chamoli,29.97657,79.25620
7833635483,Banjbagar,,village,,Chamoli,30.21433,79.45289
7732897644,Bank,,village,,Chamoli,30.12986,79.62635
7834445153,Bansa,,hamlet,,Chamoli,30.52906,79.44123
9871738375,Bareth,,hamlet,,Chamoli,30.15395,79.17687
7834445155,Barki,,hamlet,,Chamoli,30.54842,79.46001
7833829075,Barmoli,,hamlet,,Chamoli,30.22059,79.28818
7835438786,Barsali,,hamlet,,Chamoli,30.27082,79.23208
7850369137,Bartoli,,hamlet,,Chamoli,30.24832,79.10107
7833842886,Basi,,hamlet,,Chamoli,30.00468,79.29071
7832289399,Batgaon,,hamlet,,Chamoli,30.02991,79.67389
7833854255,Batogarh,,hamlet,,Chamoli,30.10414,79.25748
7833522417,Batoli,,hamlet,,Chamoli,30.29583,79.32595
7833568789,Batula,,village,,Chamoli,30.41352,79.41718
7833793303,Bedula,,hamlet,,Chamoli,30.13333,79.36382
7733346061,Begar Nala,,hamlet,,Chamoli,30.34272,79.50332
8390681981,Benoli Gaon,,hamlet,,Chamoli,30.19016,79.20038
7832317610,Berdhar,,hamlet,,Chamoli,30.05360,79.57491
7833890870,Bergaon,,hamlet,,Chamoli,30.15615,79.38251
7833823984,Bethra,,hamlet,,Chamoli,30.19408,79.36606
7863055761,Bhadakoti,,hamlet,,Chamoli,30.44789,79.28721
7833882682,Bhagwati,,village,,Chamoli,30.14658,79.36127
7833507474,Bhainti,,hamlet,,Chamoli,30.35431,79.33764
7895149504,Bhairiyana,,hamlet,,Chamoli,29.99227,79.27452
9871738377,Bhalsaun,,village,,Chamoli,30.15081,79.22681
7833263899,Bhanali,,hamlet,,Chamoli,30.37845,79.47769
7833823981,Bhangota,,village,,Chamoli,30.18291,79.37997
7833070512,Bhangyul,,hamlet,,Chamoli,30.49569,79.63212
7833522427,Bhani Chak,,hamlet,,Chamoli,30.27828,79.32443
7833854258,Bhararisain,,hamlet,,Chamoli,30.09568,79.26466
7855484699,Bharta,,hamlet,,Chamoli,30.07291,79.48884
7833507478,Bhatgyala,,hamlet,,Chamoli,30.34110,79.35531
7833717315,Bhatiyana,,hamlet,,Chamoli,30.07507,79.44319
7833888892,Bhatiyana,,hamlet,,Chamoli,30.23354,79.34670
7864515975,Bhatkwali,,hamlet,,Chamoli,30.20377,79.16913
9871738348,Bhatoli Bazar,,hamlet,,Chamoli,30.19189,79.24017
7863117414,Bhaunindhar,,hamlet,,Chamoli,30.29363,79.45017
7833635481,Bhent,,village,,Chamoli,30.21438,79.48260
342109826,Bheragna,,village,,Chamoli,30.43625,79.30481
7833522414,Bherni,,hamlet,,Chamoli,30.31799,79.34701
7863123841,Bhijrakot,,hamlet,,Chamoli,30.43068,79.36023
7835508103,Bhikona,,hamlet,,Chamoli,30.36327,79.21436
7833272966,Bhimtolla,,hamlet,,Chamoli,30.31598,79.39239
7833725074,Bhudera,,hamlet,,Chamoli,30.11443,79.36845
7835193321,Bhulkhana Chatti,,hamlet,,Chamoli,30.47758,79.20999
8039731522,Bhumkiya,,hamlet,,Chamoli,29.98263,79.28404
7833730020,Bhyarl,,hamlet,,Chamoli,30.09391,79.42370
4992439560,Bhyudar,,village,,Chamoli,30.67471,79.59135
7833869339,Bidoli,,hamlet,,Chamoli,30.24780,79.26896
7863117417,Bijor,,hamlet,,Chamoli,30.27128,79.43330
7833070511,Bilagarh,,hamlet,,Chamoli,30.49527,79.61964
7833216661,Bimaru,,hamlet,,Chamoli,30.46119,79.41687
342109796,Bimtala,,village,,Chamoli,30.40741,79.35974
7895149509,Bina,,hamlet,,Chamoli,29.98092,79.27623
7833725080,Binayak,,hamlet,,Chamoli,30.11888,79.39420
7835383272,Bingad,,hamlet,,Chamoli,30.31430,79.19969
7833725081,Binwalgaon,,hamlet,,Chamoli,30.11807,79.38829
342109786,Birahi,,village,,Chamoli,30.40741,79.38584
7833507458,Birikat,,hamlet,,Chamoli,30.34511,79.28137
7850440346,Bisauna,,hamlet,,Chamoli,30.19960,79.11545
8039700004,Bisrakhet,,hamlet,,Chamoli,29.99696,79.31981
7835261478,Bob,,hamlet,,Chamoli,30.31359,79.15266
6520227221,Boora,,hamlet,,Chamoli,30.29411,79.53199
7732945484,Boragad,,hamlet,,Chamoli,30.02873,79.65009
7834421755,Botha,,hamlet,,Chamoli,30.54064,79.47016
7833842889,Buakhana,,hamlet,,Chamoli,30.01240,79.30694
7833272967,Bunansidar,,hamlet,,Chamoli,30.32583,79.42522
7833793309,Bunga,,hamlet,,Chamoli,30.11620,79.33259
9871738382,Bunga,,hamlet,,Chamoli,30.14990,79.20578
7833717312,Buradang,,hamlet,,Chamoli,30.08891,79.45176
9871738376,Burakholi,,hamlet,,Chamoli,30.14103,79.20228
7833263903,Buransi,,hamlet,,Chamoli,30.29090,79.44014
7732952290,Burjhola,,hamlet,,Chamoli,30.03573,79.53318
7732300970,Bursol,,village,,Chamoli,30.13801,79.52560
7833693455,Chaanda,,hamlet,,Chamoli,30.07727,79.48717
7732007690,Chachal,,hamlet,,Chamoli,30.04764,79.79025
7833130298,Chain,,village,,Chamoli,30.56699,79.53879
7833507460,Chak,,hamlet,,Chamoli,30.34284,79.26948
7863129818,Chak Matha,,hamlet,,Chamoli,30.31091,79.38812
7833890872,Chaliyapani,,hamlet,,Chamoli,30.17247,79.37240
7732300973,Chame Kharak,,village,,Chamoli,30.15144,79.50327
6588203951,Chamoli,,village,,Chamoli,30.41497,79.36845
7835480638,Chamsil,,hamlet,,Chamoli,30.34836,79.22765
7833130313,Chamtoli,,village,,Chamoli,30.50020,79.61671
7833272976,Chamtoli,,hamlet,,Chamoli,30.27738,79.39974
7833070515,Chanchri,,hamlet,,Chamoli,30.48305,79.66625
7864415366,Chandiyal,,hamlet,,Chamoli,30.05992,79.24659
9871738356,Chandpur Garhi,,hamlet,,Chamoli,30.17821,79.21917
7833272972,Channri,,hamlet,,Chamoli,30.29123,79.39714
7731976981,Chanyali,,hamlet,,Chamoli,30.05888,79.76274
6417415237,Char pagna,,village,,Chamoli,30.31721,79.42903
7833216656,Charbang,,hamlet,,Chamoli,30.30686,79.47699
7863117415,Charbang,,hamlet,,Chamoli,30.29317,79.45881
7850440354,Charkhilqwar,,hamlet,,Chamoli,30.23067,79.11255
7863129816,Chata,,hamlet,,Chamoli,30.31188,79.37989
7833522423,Chatingyala,,hamlet,,Chamoli,30.29848,79.33267
7732354107,Chauki,,hamlet,,Chamoli,30.02197,79.68484
7833826575,Chaumanda Dhar,,hamlet,,Chamoli,30.10629,79.36614
7833272978,Chaumass,,hamlet,,Chamoli,30.26471,79.41819
7832247148,Chaur,,village,,Chamoli,30.03645,79.66659
7864515973,Chaurasain,,hamlet,,Chamoli,30.20108,79.17572
8039623161,Chaurasairi,,hamlet,,Chamoli,29.98207,79.40637
8039322643,Chautariya,,hamlet,,Chamoli,29.98373,79.41946
342104782,Chepru,,village,,Chamoli,30.04898,79.53690
7833882683,Chhaikura,,village,,Chamoli,30.14356,79.34508
7864515972,Chhaloli,,hamlet,,Chamoli,30.21068,79.20338
7835310605,Chhandoli,,hamlet,,Chamoli,30.29383,79.18316
7833730016,Chhapali,,hamlet,,Chamoli,30.09958,79.42424
7895149502,Chharisian,,hamlet,,Chamoli,29.99875,79.25897
7833103060,Chheli,,hamlet,,Chamoli,30.47824,79.53466
7863100072,Chhern,,hamlet,,Chamoli,30.34494,79.30243
7864483494,Chhimta,,hamlet,,Chamoli,30.11567,79.23915
6588203950,Chhinka,,village,,Chamoli,30.41539,79.36638
7833883509,Childinga Talla,,hamlet,,Chamoli,30.12768,79.42227
7833896005,Chirkun,,hamlet,,Chamoli,30.21585,79.34942
7850305503,Cholra,,hamlet,,Chamoli,30.24598,79.11226
7833272971,Choprakot,,hamlet,,Chamoli,30.29381,79.39394
7833823982,Chopta,,village,,Chamoli,30.18019,79.36768
7833854256,Chorara,,hamlet,,Chamoli,30.10761,79.25249
7864483496,Chorara,,hamlet,,Chamoli,30.10831,79.24909
7731976980,Chorkathera,,hamlet,,Chamoli,30.04820,79.75705
7833130311,Chormi,,hamlet,,Chamoli,30.51363,79.60899
7731976979,Chothing,,hamlet,,Chamoli,30.04941,79.76911
7833868790,Chula,,hamlet,,Chamoli,30.17870,79.30685
2376466265,Chutwāpīpal,,hamlet,,Chamoli,30.26566,79.15887
7733873609,DRONAGIRI,,hamlet,,Chamoli,30.59917,79.86804
7863100081,Dadar,,hamlet,,Chamoli,30.33550,79.29777
7864503018,Dadoli,,hamlet,,Chamoli,30.18421,79.15569
7833155602,Dadon,,hamlet,,Chamoli,30.54970,79.56131
7835193317,Dadon,,hamlet,,Chamoli,30.44696,79.21320
8039747680,Damdar,,hamlet,,Chamoli,29.93078,79.31324
7863129820,Damdhar,,hamlet,,Chamoli,30.32056,79.43182
7835437745,Danda,,hamlet,,Chamoli,30.40256,79.19515
7835213498,Dandagair,,hamlet,,Chamoli,30.43354,79.19802
7850369138,Dandagwar,,hamlet,,Chamoli,30.24519,79.10609
7833730013,Dangtoli,,hamlet,,Chamoli,30.10494,79.41159
7863117420,Dargaon,,hamlet,,Chamoli,30.27132,79.44995
9871738373,Darmoli,,hamlet,,Chamoli,30.16264,79.19647
7833216677,Darni,,hamlet,,Chamoli,30.47492,79.49232
7833130303,Dasoli,,hamlet,,Chamoli,30.50140,79.49934
7833522428,Dasoligarh,,hamlet,,Chamoli,30.28141,79.32278
7863100074,Dawar,,hamlet,,Chamoli,30.34556,79.29700
7863130778,Dawar,,village,,Chamoli,30.42615,79.34452
7832317609,Debal,,village,,Chamoli,30.05550,79.58035
7832317603,Deringkhera,,hamlet,,Chamoli,30.11297,79.50488
7833693451,Deval,,hamlet,,Chamoli,30.07550,79.48074
7855484702,Devalgwar,,hamlet,,Chamoli,30.09009,79.46863
6588855793,Devali Bagar,,village,,Chamoli,30.30137,79.29739
7833812167,Devimadola,,hamlet,,Chamoli,30.05899,79.25316
342109814,Devkhal,,hamlet,,Chamoli,30.33368,79.29235
7835480637,Devkhet,,hamlet,,Chamoli,30.34775,79.23471
7833730015,Devpuri,,hamlet,,Chamoli,30.10367,79.41804
7855484696,Devrara,,village,,Chamoli,30.06295,79.49796
7850305505,Dewal,,hamlet,,Chamoli,30.24168,79.11521
9871738374,Dewalkot,,village,,Chamoli,30.16931,79.18234
7833823977,Dewar,,hamlet,,Chamoli,30.16810,79.42532
7835437744,Dewli,,hamlet,,Chamoli,30.40212,79.18361
5519535106,Dhak,,village,,Chamoli,30.49886,79.61134
7833693450,Dhalu,,hamlet,,Chamoli,30.07216,79.47026
8046945945,Dhamedo,,village,,Chamoli,29.95151,79.40566
7835480636,Dhamk,,hamlet,,Chamoli,30.35053,79.23920
9871738371,Dhamkar,,hamlet,,Chamoli,30.15951,79.21542
7850440353,Dhanpur,,hamlet,,Chamoli,30.22210,79.10459
7833584637,Dhantala,,hamlet,,Chamoli,30.26038,79.28546
2383088516,Dharapani,,village,,Chamoli,29.97812,79.29801
7833717310,Dharbaram,,hamlet,,Chamoli,30.08635,79.43489
7833869340,Dhardungri,,hamlet,,Chamoli,30.24051,79.26711
7731976977,Dhargair,,hamlet,,Chamoli,30.03514,79.76948
8039700005,Dhargaon,,hamlet,,Chamoli,29.98938,79.31802
7850369130,Dhargwar,,hamlet,,Chamoli,30.22753,79.11693
7833793312,Dharh,,hamlet,,Chamoli,30.10975,79.34238
7863129804,Dharikund,,hamlet,,Chamoli,30.32383,79.31414
7833507477,Dharkot,,hamlet,,Chamoli,30.33814,79.33798
9870024604,Dharkot,,hamlet,,Chamoli,30.10420,79.65024
9871609869,Dharkot,,village,,Chamoli,30.18030,79.25395
9871738354,Dharkot,,hamlet,,Chamoli,30.18030,79.24773
7833829077,Dhasari,,hamlet,,Chamoli,30.22084,79.30079
8039715176,Dhibrigad,,hamlet,,Chamoli,29.96123,79.31031
2432442229,Dhura,,village,,Chamoli,30.10634,79.64117
7733346072,Dhurkunda,,hamlet,,Chamoli,30.46350,79.62632
7833272984,Dhurma,,hamlet,,Chamoli,30.25352,79.40506
7690171419,Didina,,hamlet,,Chamoli,30.16531,79.63334
7863123839,Digoli,,hamlet,,Chamoli,30.41012,79.42323
7833869337,Dimmar,,hamlet,,Chamoli,30.24834,79.25007
7833869338,Dimmar,,hamlet,,Chamoli,30.24311,79.25400
7931305558,Divalaunk,,hamlet,,Chamoli,29.99564,79.23666
7835438787,Diyuri,,hamlet,,Chamoli,30.26251,79.24151
7732364138,Doba,,hamlet,,Chamoli,30.05319,79.67076
9871738352,Dobha,,hamlet,,Chamoli,30.18294,79.24399
7850369139,Dobra,,hamlet,,Chamoli,30.23875,79.09185
7833882677,Dobriya,,hamlet,,Chamoli,30.14430,79.36427
7864483495,Doltu,,hamlet,,Chamoli,30.10984,79.23641
7863055756,Dowalatar,,hamlet,,Chamoli,30.43493,79.30063
7863055754,Dugari,,village,,Chamoli,30.42062,79.28747
7835261483,Dukasaur,,hamlet,,Chamoli,30.33652,79.14684
6520216752,Dumak,,village,,Chamoli,30.50724,79.38315
7833130304,Dumgri,,hamlet,,Chamoli,30.51533,79.51731
7732300980,Dunali,,hamlet,,Chamoli,30.08578,79.56124
7835437739,Dungar,,hamlet,,Chamoli,30.37734,79.20020
7833130307,Dungra,,hamlet,,Chamoli,30.50697,79.52692
7732300972,Dungri,,village,,Chamoli,30.12743,79.50537
7833890871,Dungri,,village,,Chamoli,30.16831,79.38276
7863167788,Dungri,,hamlet,,Chamoli,30.42558,79.36972
7833854253,Duni,,hamlet,,Chamoli,30.11386,79.28180
7863130781,Durgapuri,,hamlet,,Chamoli,30.41139,79.38708
7733346062,Durmi,,hamlet,,Chamoli,30.37139,79.51213
7835438796,Duva,,hamlet,,Chamoli,30.26886,79.13779
7835383270,Dwara,,hamlet,,Chamoli,30.32017,79.19907
7833216672,Dwing,,hamlet,,Chamoli,30.48865,79.46205
7732007693,Dyarkhet,,hamlet,,Chamoli,30.04627,79.77515
7864503025,Eijar,,hamlet,,Chamoli,30.15979,79.16533
7733839185,GARPAK,,hamlet,150,Chamoli,30.62691,79.85424
7833868791,Gabni,,hamlet,,Chamoli,30.17323,79.31436
342108828,Gadhera,,village,,Chamoli,30.11530,79.40860
7835310600,Gadona,,hamlet,,Chamoli,30.28382,79.19286
7833568788,Gadora,,village,,Chamoli,30.41737,79.42950
8039660042,Gadot,,hamlet,,Chamoli,29.96693,79.35633
7833834678,Gain,,hamlet,,Chamoli,30.24618,79.31000
7833522430,Gainsaja,,hamlet,,Chamoli,30.25822,79.29653
342109858,Gair,,village,,Chamoli,30.41581,79.30837
342107846,Gairsain,गैरसैण,town,,Chamoli,30.05462,79.28999
7850264005,Gaithi,,hamlet,,Chamoli,30.24446,79.12369
7732952287,Gaja Kharak,,hamlet,,Chamoli,30.03803,79.59435
7835358386,Galnau,,hamlet,,Chamoli,30.26813,79.18435
342106545,Gamshali,,hamlet,,Chamoli,30.75600,79.82619
7733346067,Ganaj,,village,,Chamoli,30.47254,79.50367
7863129813,Gandasu,,hamlet,,Chamoli,30.30697,79.36432
7863100057,Gandhnagar,,hamlet,,Chamoli,30.38047,79.28766
7833912186,Gandik,,hamlet,,Chamoli,30.15967,79.33263
7863167797,Gangalgaon,,village,,Chamoli,30.43202,79.31742
7863129810,Gangtoli,,hamlet,,Chamoli,30.30604,79.33373
7833522433,Ganoli,,hamlet,,Chamoli,30.26399,79.26478
7833812179,Ganwali,,hamlet,,Chamoli,30.04302,79.28200
7833130314,Garghaniya,,hamlet,,Chamoli,30.50089,79.62435
342108774,Garhi,,hamlet,,Chamoli,29.98169,79.41880
7833009763,Gari,,hamlet,,Chamoli,30.27924,79.56548
7833730022,Garibaram,,hamlet,,Chamoli,30.08271,79.42707
342104890,Garigaon,,village,,Chamoli,30.38353,79.41992
7833263901,Garigaon,,hamlet,,Chamoli,30.37472,79.42850
7833883510,Garkhot,,hamlet,,Chamoli,30.13043,79.41617
7833758885,Garkot,,hamlet,,Chamoli,30.09896,79.37997
2386916025,Garsera,,hamlet,,Chamoli,30.13695,79.30739
9871609896,Garsera,,hamlet,,Chamoli,30.14383,79.31987
7732897633,Garsu,,hamlet,,Chamoli,30.04661,79.61971
342104924,Garurganga,,village,,Chamoli,30.46509,79.44489
342108175,Gauchar,,town,8864,Chamoli,30.28890,79.15708
7833299787,Gauga,,hamlet,,Chamoli,30.37360,79.48561
8039623160,Gaugna,,hamlet,,Chamoli,29.97994,79.41278
7863055763,Gaundi,,hamlet,,Chamoli,30.46319,79.26954
7833155604,Gaunkh,,hamlet,,Chamoli,30.54723,79.54021
7863129803,Gawal,,hamlet,,Chamoli,30.32648,79.33189
7732300971,Gerur,,village,,Chamoli,30.13913,79.51841
7732952291,Ghandiyal,,hamlet,,Chamoli,30.03091,79.53321
9871609888,Ghandiyala,,hamlet,,Chamoli,30.17199,79.25580
616268996,Ghangaria,,village,,Chamoli,30.70145,79.59380
7833584643,Gharkuti,,hamlet,,Chamoli,30.27590,79.29973
7833009774,Ghatbagar,,hamlet,,Chamoli,30.26158,79.64532
8039623156,Ghatgad Khata,,hamlet,,Chamoli,29.97799,79.39875
7832254647,Ghes,,hamlet,,Chamoli,30.12929,79.70373
7833635474,Ghinapani,,hamlet,,Chamoli,30.14483,79.48701
7833635480,Ghinaura,,hamlet,,Chamoli,30.21350,79.49175
7835383268,Ghingarchaura,,hamlet,,Chamoli,30.32473,79.24206
7832317601,Ghungti,,hamlet,,Chamoli,30.12303,79.52743
6520222033,Ghuni,,village,,Chamoli,30.30461,79.51819
2378000365,Ghāstoli,,hamlet,,Chamoli,30.85921,79.46999
342109138,Ghāt,,town,,Chamoli,30.25848,79.44812
7863130773,Gingron,,village,,Chamoli,30.43467,79.34750
7834445152,Gira,,hamlet,,Chamoli,30.53715,79.44985
7833584648,Girsa,,village,,Chamoli,30.30044,79.28426
7834421757,Goana,,hamlet,,Chamoli,30.53708,79.49129
7835213503,Godali,,hamlet,,Chamoli,30.42330,79.21098
2383259159,Gogna,,village,,Chamoli,29.95786,79.32180
8046929907,Gogna,,hamlet,,Chamoli,29.94623,79.39635
8039747683,Gognani,,hamlet,,Chamoli,29.93523,79.30865
7833868794,Golak,,hamlet,,Chamoli,30.16769,79.27761
342105269,Golti,,village,,Chamoli,30.05722,79.49982
7833507462,Gonjer,,hamlet,,Chamoli,30.34919,79.26812
342107407,Gopeshwar,चमोली-गोपेश्वर,town,,Chamoli,30.40878,79.31855
7833507461,Gorsal,,hamlet,,Chamoli,30.36095,79.28966
7732354089,Gothinda,,hamlet,,Chamoli,30.06811,79.55576
440867595,Govindghat,,village,,Chamoli,30.61923,79.56197
7855484700,Guga,,hamlet,,Chamoli,30.08089,79.47210
7835383265,Gugli,,hamlet,,Chamoli,30.33540,79.22040
7834388275,Gulabkoti,,hamlet,,Chamoli,30.50463,79.49161
7833009758,Gulari,,village,,Chamoli,30.28165,79.53066
7835480639,Guleth,,hamlet,,Chamoli,30.34634,79.22224
7835480640,Guleth,,hamlet,,Chamoli,30.34669,79.21863
7835193310,Guram,,hamlet,,Chamoli,30.41415,79.22676
7732364129,Gurmatoli,,hamlet,,Chamoli,30.09754,79.67353
7863117416,Guthara,,hamlet,,Chamoli,30.26498,79.45982
7833522418,Gwala,,hamlet,,Chamoli,30.30358,79.33923
7833216668,Gwar,,hamlet,,Chamoli,30.48604,79.41527
7833693457,Gwar,,hamlet,,Chamoli,30.06767,79.49109
7833725078,Gwar,,hamlet,,Chamoli,30.12827,79.40537
7833869341,Gwar,,hamlet,,Chamoli,30.24772,79.28196
7863100076,Gwar,,hamlet,,Chamoli,30.28654,79.26751
7863167796,Gwar,,village,,Chamoli,30.44167,79.30987
7833753332,Gwarangi Kharak,,hamlet,,Chamoli,30.10920,79.35501
7833009756,Gwat,,hamlet,,Chamoli,30.30667,79.49974
342104705,Gwāldam,,village,,Chamoli,30.00390,79.56779
9870024600,Hamlet,,hamlet,,Chamoli,30.05836,79.61745
7833725084,Hanskoti,,hamlet,,Chamoli,30.10864,79.39402
342105671,Hanumanchatti,,hamlet,,Chamoli,30.69552,79.51415
342109900,Hapla,,hamlet,,Chamoli,30.41565,79.20594
7855484697,Harchand,,hamlet,,Chamoli,30.06118,79.48617
9871738355,Hargaon,,hamlet,,Chamoli,30.16891,79.22021
7895149503,Hargar,,village,,Chamoli,29.97349,79.28559
7833584647,Harkti,,hamlet,,Chamoli,30.30273,79.30607
2376477123,Harmal,,hamlet,,Chamoli,30.05811,79.79104
7832336781,Harni,,hamlet,,Chamoli,30.12174,79.59862
7833842891,Harsari,,hamlet,,Chamoli,30.00198,79.31566
342105686,Helong,,village,,Chamoli,30.52401,79.50149
7833272975,Hema,,hamlet,,Chamoli,30.28340,79.39733
6520205842,Himni,,hamlet,,Chamoli,30.14535,79.72603
7833522424,Hindoli,,hamlet,,Chamoli,30.28892,79.33142
8039738150,Hislani,,hamlet,,Chamoli,29.95538,79.29075
7833272969,Hung,,hamlet,,Chamoli,30.30664,79.40349
7833216659,Hurung,,hamlet,,Chamoli,30.34620,79.47377
7833829082,Hyuna,,hamlet,,Chamoli,30.20872,79.31960
7832317607,Ichholi,,hamlet,,Chamoli,30.05895,79.58842
8039322634,Indarsingh Ka Jhumakhet,,hamlet,,Chamoli,29.94988,79.42995
7833883515,Ira,,hamlet,,Chamoli,30.15682,79.42549
7835378643,Ira,,hamlet,,Chamoli,30.25245,79.10965
6520227372,Irani,,village,,Chamoli,30.37472,79.57575
7833717309,Jabarkot,,hamlet,,Chamoli,30.09080,79.44120
7835193311,Jagda,,hamlet,,Chamoli,30.41355,79.23138
7833812169,Jagri,,hamlet,,Chamoli,30.06307,79.27314
7833868792,Jaintha,,hamlet,,Chamoli,30.17588,79.28650
7833868793,Jaintha,,hamlet,,Chamoli,30.16801,79.28553
7863123840,Jaisau,,village,,Chamoli,30.41693,79.40827
342107746,Jakh,,village,,Chamoli,30.23722,79.22279
7833883514,Jakh,,hamlet,,Chamoli,30.15202,79.42249
7835213501,Jakhmala,,hamlet,,Chamoli,30.42276,79.20314
7864515974,Jakhot,,hamlet,,Chamoli,30.19802,79.16547
6520208828,Jakola,,hamlet,,Chamoli,30.50621,79.46362
7850305504,Jalgaon,,hamlet,,Chamoli,30.24403,79.11331
7863100077,Jalkundi,,hamlet,,Chamoli,30.28702,79.25841
7834388280,Jangro,,hamlet,,Chamoli,30.51574,79.39163
7835480642,Jardugarh,,hamlet,,Chamoli,30.33984,79.21007
8039623163,Jaskhola,,hamlet,,Chamoli,29.98451,79.40083
7833829079,Jasyara,जस्यारा,village,,Chamoli,30.22637,79.30257
7732952288,Jaul Chaura,,hamlet,,Chamoli,30.03032,79.56348
7863100053,Jawari,,hamlet,,Chamoli,30.39397,79.27538
342106498,Jelam,,hamlet,,Chamoli,30.64415,79.82592
7833758891,Jeora,,hamlet,,Chamoli,30.09752,79.39257
7833272963,Jetha,,hamlet,,Chamoli,30.33894,79.36300
7732007688,Jhaliya,,hamlet,,Chamoli,30.07203,79.79719
7833730025,Jhijholi,,hamlet,,Chamoli,30.07210,79.44108
6520222649,Jhinji,,hamlet,,Chamoli,30.35833,79.57583
8039322637,Jhumakhet Malla,,hamlet,,Chamoli,29.96254,79.42193
8039322636,Jhumakhet Talla,,village,,Chamoli,29.96114,79.43477
7863100078,Jilasu,,village,,Chamoli,30.29132,79.26845
7833507452,Jiloti,,hamlet,,Chamoli,30.29753,79.26963
9871609895,Jingauni,,hamlet,,Chamoli,30.13214,79.30659
7833842892,Jingor,,hamlet,,Chamoli,30.00694,79.30937
7833009762,Jokhwa Sitel,,hamlet,,Chamoli,30.28351,79.55323
6520221075,Jokuda,,hamlet,,Chamoli,30.51671,79.40341
8039322641,Jolchaura,,hamlet,,Chamoli,29.97891,79.42117
342108135,Jorasi,,village,,Chamoli,30.38652,79.20475
342105699,Joshīmath,जोशीमठ,town,16709,Chamoli,30.55558,79.56126
7833070517,Jugju,,hamlet,,Chamoli,30.49029,79.69033
342106506,Jumma,,village,,Chamoli,30.60791,79.80606
2379636807,Juner,,village,,Chamoli,30.15136,79.39274
7732354087,Junidhar,,hamlet,,Chamoli,30.06727,79.53101
7833070516,Juwagwar,,hamlet,,Chamoli,30.49312,79.67432
7733823284,KAGA,,hamlet,100,Chamoli,30.61246,79.82386
7833584638,Kachula,,hamlet,,Chamoli,30.26585,79.28923
7832317604,Kail,,village,,Chamoli,30.06478,79.58490
9871738384,Kaira,,hamlet,,Chamoli,30.13433,79.19847
7833155606,Kajila,,hamlet,,Chamoli,30.69723,79.58989
7863100056,Kalaundi,,hamlet,,Chamoli,30.38362,79.27916
7863100060,Kalchora,,hamlet,,Chamoli,30.38922,79.29405
8039623157,Kalchundakhal,,village,,Chamoli,29.96204,79.40444
6520218642,Kalgoth,,hamlet,,Chamoli,30.51653,79.41504
7863055758,Kalla,,hamlet,,Chamoli,30.44952,79.27607
7834445154,Kalpeshwar,,hamlet,,Chamoli,30.54892,79.45476
7835213497,Kalsir,,village,,Chamoli,30.43820,79.20790
8039322649,Kalu Kharak,,hamlet,,Chamoli,29.99109,79.44785
8039660026,Kaluhati,,hamlet,,Chamoli,29.94504,79.37648
7833522425,Kalwan Chak,,hamlet,,Chamoli,30.28472,79.34165
8039738149,Kalyan Malla,,hamlet,,Chamoli,29.95207,79.29192
7864515976,Kalyari,,hamlet,,Chamoli,30.20692,79.18115
7863117410,Kamera,,hamlet,,Chamoli,30.28501,79.38531
7833568794,Kamyar,,hamlet,,Chamoli,30.41740,79.44792
7863167786,Kana,,hamlet,,Chamoli,30.43215,79.38874
7833130301,Kanakar,,hamlet,,Chamoli,30.55504,79.51171
7835438795,Kanda,,hamlet,,Chamoli,30.26395,79.12651
7835310608,Kanda Chak,,hamlet,,Chamoli,30.30193,79.16543
7732897639,Kandai,,village,,Chamoli,30.09015,79.59062
7835508100,Kandai,,hamlet,,Chamoli,30.35956,79.22002
7850264004,Kandai,,hamlet,,Chamoli,30.24695,79.11793
7863117405,Kandai,,hamlet,,Chamoli,30.29948,79.39079
7863167785,Kandara,,hamlet,,Chamoli,30.42525,79.38680
10861589953,Kandara,,village,,Chamoli,30.22010,79.30973
8039623168,Kandari Khor Malla,,hamlet,,Chamoli,29.99728,79.40922
8039322644,Kandari Khor Talla,,hamlet,,Chamoli,29.99297,79.41686
7863100073,Kanderi,,hamlet,,Chamoli,30.34726,79.30238
7833507457,Kandol,,hamlet,,Chamoli,30.31035,79.25791
7833912185,Kandwal,,hamlet,,Chamoli,30.15199,79.34188
8039623167,Kankikhali,,hamlet,,Chamoli,29.99052,79.41090
2376466269,Kanol,,hamlet,,Chamoli,30.25391,79.59535
7833758888,Kansuwa,,hamlet,,Chamoli,30.09249,79.37819
9871738372,Kansuwa,,hamlet,,Chamoli,30.15896,79.20009
2386934116,Kanth,,hamlet,,Chamoli,30.51038,79.37421
7732354106,Kaphalkhet,,hamlet,,Chamoli,30.01833,79.67039
7863100082,Kaphalkhet,,hamlet,,Chamoli,30.33796,79.30673
7835480632,Kaphalpani,,hamlet,,Chamoli,30.34861,79.24586
7931305557,Kaphalsain,,hamlet,,Chamoli,29.97864,79.24612
7833888886,Kaphartir,,hamlet,,Chamoli,30.19944,79.34993
7833912187,Kapholi,,hamlet,,Chamoli,30.16346,79.32180
7835310604,Karchhuna,,hamlet,,Chamoli,30.29791,79.18581
7690199372,Karchi,,village,,Chamoli,30.48304,79.60774
245769705,Karnaprayag,कर्णप्रयाग,town,5000,Chamoli,30.25965,79.21707
7833812176,Kartiyan,,hamlet,,Chamoli,30.03922,79.28729
7835378644,Kaulun,,hamlet,,Chamoli,30.26021,79.11221
7863130779,Kaurau,,hamlet,,Chamoli,30.41840,79.35264
7833869345,Kelapani,,hamlet,,Chamoli,30.21772,79.28079
7864503031,Keri Talli,,hamlet,,Chamoli,30.13225,79.24694
7833693464,Kewar,,hamlet,,Chamoli,30.11319,79.49624
7863117409,Khadgoli,,hamlet,,Chamoli,30.29094,79.37741
7863130774,Khadora,,hamlet,,Chamoli,30.42191,79.34106
9871738349,Khageli,,hamlet,,Chamoli,30.19531,79.24278
7833826574,Khainoli,,village,,Chamoli,30.08140,79.37130
7833507466,Khainuri,,village,,Chamoli,30.39789,79.37049
7833793301,Khakora,,hamlet,,Chamoli,30.12479,79.37444
342108186,Khal,,village,,Chamoli,30.29068,79.20044
7835508101,Khal,,hamlet,,Chamoli,30.36399,79.21847
9871738361,Khal,,hamlet,,Chamoli,30.16708,79.22477
9871738358,Khalgaon,,hamlet,,Chamoli,30.17483,79.21720
8039623164,Khaliyan,,hamlet,,Chamoli,29.98647,79.39665
9871738347,Khandura,,hamlet,,Chamoli,30.19214,79.25975
2392925092,Khankar,,village,,Chamoli,30.18151,79.26396
7835508102,Khanna,,hamlet,,Chamoli,30.36871,79.21337
8039700002,Khansar,,hamlet,,Chamoli,29.99970,79.30491
7833130310,Kharori,,village,,Chamoli,30.52126,79.59961
7850263999,Kharsani,,hamlet,,Chamoli,30.23826,79.12402
7833829080,Khatyari,खत्याड़ी,village,,Chamoli,30.21700,79.31199
342105233,Khera,,village,,Chamoli,30.10733,79.53590
9871738383,Khet,,hamlet,,Chamoli,30.14018,79.19453
7732313295,Kheta,,hamlet,,Chamoli,30.03001,79.74021
7833868797,Kheti,,hamlet,,Chamoli,30.13398,79.26156
7864503012,Kheti,,hamlet,,Chamoli,30.19206,79.16235
7834413370,Khirao,,hamlet,,Chamoli,30.68496,79.47634
7833584633,Khola,,hamlet,,Chamoli,30.25099,79.25443
7835310606,Khori Chak,,hamlet,,Chamoli,30.29559,79.17694
7833868795,Khoti,,village,,Chamoli,30.16045,79.28155
342105245,Khulsari,,village,,Chamoli,30.09029,79.45743
7833272974,Khunana,,hamlet,,Chamoli,30.28252,79.41389
7732354088,Khuni,,hamlet,,Chamoli,30.07559,79.53839
6520204849,Kimana,,village,,Chamoli,30.49789,79.45237
7833693452,Kimni,,hamlet,,Chamoli,30.07905,79.47913
7833793308,Kimoli,,hamlet,,Chamoli,30.10677,79.32302
7833829078,Kimoli,,hamlet,,Chamoli,30.23324,79.29836
7835437740,Kimotha,,hamlet,,Chamoli,30.38337,79.20062
7864503020,Kirsal,,hamlet,,Chamoli,30.18127,79.15185
7833568791,Kiruli,,hamlet,,Chamoli,30.41210,79.43688
7833793300,Kob,,hamlet,,Chamoli,30.11987,79.37390
7835193312,Koinda,,hamlet,,Chamoli,30.41609,79.23990
7833869342,Koladungri,,hamlet,,Chamoli,30.23979,79.27795
7833842888,Kolak,,hamlet,,Chamoli,30.01344,79.29816
7835193309,Kolgam,,hamlet,,Chamoli,30.40589,79.23106
7732364151,Kolpuri,,village,,Chamoli,30.14752,79.52205
7732952286,Koriyadhar,,hamlet,,Chamoli,30.02075,79.59819
7733967766,Kosa,,hamlet,,Chamoli,30.67793,79.86095
7833888893,Kot,,hamlet,,Chamoli,30.22673,79.34664
7863055759,Koteshwar,,hamlet,,Chamoli,30.44539,79.28036
8039756585,Kotha,,hamlet,,Chamoli,29.94121,79.29972
7833883507,Kotha Rajondi,,hamlet,,Chamoli,30.13337,79.43155
8039738147,Kothaigaon,,hamlet,,Chamoli,29.95164,79.30172
8046945944,Kothansar,,village,,Chamoli,29.95473,79.40500
2379635463,Kothi,,hamlet,,Chamoli,30.03459,79.56407
7833888894,Kothli,,hamlet,,Chamoli,30.22369,79.35465
7832317605,Kothmi,,village,,Chamoli,30.05874,79.57916
7833888895,Kothra,,hamlet,,Chamoli,30.22858,79.35782
7833812178,Kothyar,,hamlet,,Chamoli,30.03793,79.27760
7833130308,Koti,,hamlet,,Chamoli,30.52276,79.57752
7833522422,Kotigaon,,hamlet,,Chamoli,30.29247,79.33422
7833155609,Kotkura,,hamlet,,Chamoli,30.63081,79.56854
6520172138,Kujani,,hamlet,,Chamoli,30.51107,79.42239
2383637762,Kujasu,,hamlet,,Chamoli,30.30805,79.20904
7835213505,Kukartoli,,hamlet,,Chamoli,30.40863,79.21683
7863100080,Kulara,,hamlet,,Chamoli,30.29131,79.25356
7833812183,Kulgad,,hamlet,,Chamoli,30.02824,79.27356
342109112,Kuling,,village,,Chamoli,30.15923,79.61857
7832247147,Kuling Garhi,,hamlet,,Chamoli,30.04102,79.66379
7833216657,Kumala,,hamlet,,Chamoli,30.34818,79.49891
7835310602,Kumera,,hamlet,,Chamoli,30.29541,79.19175
7863117422,Kumjung,,hamlet,,Chamoli,30.27273,79.46106
7833812173,Kumoli,,hamlet,,Chamoli,30.05541,79.27370
342104733,Kunar,,village,,Chamoli,30.08567,79.60428
10861589954,Kund,,hamlet,,Chamoli,30.20779,79.28408
7833888890,Kundi,,hamlet,,Chamoli,30.24268,79.39881
7835261479,Kundi,,hamlet,,Chamoli,30.30731,79.15274
7832317602,Kunga,,village,,Chamoli,30.13075,79.51276
7855484691,Kungurcha,,hamlet,,Chamoli,30.20547,79.46120
8039738145,Kunigad Malli,,hamlet,,Chamoli,29.94339,79.29833
7833130312,Kunj,,hamlet,,Chamoli,30.50186,79.60616
7863130783,Kunj,,hamlet,,Chamoli,30.41566,79.38346
7863167787,Kunj,,hamlet,,Chamoli,30.42799,79.37941
7863167790,Kunjaun,,village,,Chamoli,30.43906,79.36940
7835193315,Kunjeni,,hamlet,,Chamoli,30.43422,79.22297
7864415372,Kunkhet,,hamlet,,Chamoli,30.00623,79.24112
7863055762,Kunkul Mandoli,,hamlet,,Chamoli,30.45427,79.28237
7833668036,Kunturi,,hamlet,,Chamoli,30.24169,79.44260
7731976976,Kunwarpata,,hamlet,,Chamoli,30.03850,79.77143
7833167611,Kuraipani,,hamlet,,Chamoli,30.51470,79.72039
7833263904,Kurali,,hamlet,,Chamoli,30.26445,79.48177
7833272961,Kurali,,hamlet,,Chamoli,30.32574,79.38350
7833637986,Kurkuti,,hamlet,,Chamoli,30.70660,79.87543
342109161,Kurur,,village,,Chamoli,30.27832,79.44763
7833717318,Kusankhat,,hamlet,,Chamoli,30.00679,79.46462
8039322638,Kusrani,,hamlet,,Chamoli,29.96140,79.41547
8039322635,Kusrani Bichali,,hamlet,,Chamoli,29.95689,79.42079
8039320780,Kusrani Malla,,hamlet,,Chamoli,29.95110,79.41180
7832289398,Kutera,,hamlet,,Chamoli,30.02495,79.67540
7732354086,Kuwar Sagwar,,village,,Chamoli,30.07164,79.52452
7863159650,Kwarkun,,hamlet,,Chamoli,30.37637,79.36261
7863100064,Kwiralu,,hamlet,,Chamoli,30.38030,79.30462
7833070525,Lagna,,hamlet,,Chamoli,30.39235,79.58130
7833793302,Laguna,,hamlet,,Chamoli,30.13337,79.36914
2381123301,Lakheri,,village,,Chamoli,29.99432,79.29189
7833682085,Lakhi,,hamlet,,Chamoli,30.22630,79.45561
8039686887,Lalager,,hamlet,,Chamoli,29.94367,79.36809
8039738148,Lali Ka Kalyan,,hamlet,,Chamoli,29.95737,79.29711
9871738351,Laloti,,hamlet,,Chamoli,30.18748,79.23711
8039320781,Lam Bagar,,hamlet,,Chamoli,29.94687,79.41849
7863117413,Lamadra,,hamlet,,Chamoli,30.28720,79.41511
8039322633,Lamar Ka Gad,,hamlet,,Chamoli,29.94309,79.42675
2404066712,Lambagad,,hamlet,,Chamoli,30.69264,79.51324
6586182562,Lambagarh,,village,,Chamoli,30.65411,79.51658
7832289396,Langari,,hamlet,,Chamoli,30.02696,79.64785
342107725,Langasu,,village,,Chamoli,30.29006,79.27639
7864483491,Langiai,,hamlet,,Chamoli,30.11047,79.21795
7833216681,Langsi,,village,,Chamoli,30.49337,79.47924
7833216671,Lanji,,hamlet,,Chamoli,30.48080,79.44831
7833216680,Lapon,,hamlet,,Chamoli,30.49411,79.47316
7833507469,Lashyara,,hamlet,,Chamoli,30.37991,79.34615
7833507467,Lasi,,hamlet,,Chamoli,30.38407,79.35043
342104914,Lata,,village,,Chamoli,30.49667,79.70719
7833216682,Lata,,hamlet,,Chamoli,30.49470,79.71380
8039700003,Latudhar,,hamlet,,Chamoli,29.99858,79.31292
342109612,Latughair,,village,,Chamoli,29.94822,79.37896
342109175,Lawani,,village,,Chamoli,30.29755,79.47235
7833584645,Limrakot,,village,,Chamoli,30.29104,79.30163
7732364137,Linkhet,,hamlet,,Chamoli,30.05769,79.68081
7833130302,Loani,,hamlet,,Chamoli,30.55423,79.51937
7863129821,Lodala,,hamlet,,Chamoli,30.29548,79.39085
2376535890,Lohba,,hamlet,,Chamoli,30.03246,79.29089
7855484695,Lolti,,hamlet,,Chamoli,30.05660,79.49513
7863123838,Luhan,,hamlet,,Chamoli,30.41017,79.43012
8361336681,Luntra,,village,,Chamoli,30.28162,79.43938
6520226354,Lutaung,,hamlet,,Chamoli,30.23476,79.61110
342105222,Lwani,,village,,Chamoli,30.10529,79.60007
7833009761,Lwani Sitel,,hamlet,,Chamoli,30.27484,79.54431
2376466278,Lālsānga,,hamlet,,Chamoli,30.40271,79.33303
7833637985,MAHAR GAON,,hamlet,,Chamoli,30.71094,79.87437
7833507453,Maatgaon,,hamlet,,Chamoli,30.30144,79.26373
7733460621,Madna,,hamlet,,Chamoli,30.26758,79.56290
7833216658,Madura,,hamlet,,Chamoli,30.35325,79.46859
7833568790,Mahargaon,,village,,Chamoli,30.40611,79.42058
7833854259,Mahargaon,,hamlet,,Chamoli,30.04769,79.24932
7864415370,Mahargaon,,hamlet,,Chamoli,30.04740,79.24301
342107858,Mahilchari,,village,,Chamoli,29.98306,79.32404
7863130784,Maholta,,hamlet,,Chamoli,30.42119,79.38600
9871738368,Maijyari Talli,,village,,Chamoli,30.16954,79.20460
2383089181,Maikholi,,village,,Chamoli,29.98948,79.30621
7833522432,Maikhura,,hamlet,,Chamoli,30.26900,79.27283
7863167789,Maikot,,hamlet,,Chamoli,30.43625,79.37367
7732897642,Maila,,hamlet,,Chamoli,30.15227,79.62200
7833693462,Main,,hamlet,,Chamoli,30.10111,79.49734
7732952294,Mainkhali,,hamlet,,Chamoli,30.09199,79.52351
7833507479,Mair,,hamlet,,Chamoli,30.34623,79.35472
7863129802,Mair,,hamlet,,Chamoli,30.34605,79.34275
342108784,Maithan,,village,,Chamoli,29.95763,79.41017
7833507463,Maithana,,hamlet,,Chamoli,30.36368,79.31567
9871738362,Maitoli,,hamlet,,Chamoli,30.16299,79.22375
7833507471,Majathi,,village,,Chamoli,30.37336,79.35147
7850369142,Majkhola,,hamlet,,Chamoli,30.24168,79.09958
7833635484,Majkot,,hamlet,,Chamoli,30.22646,79.46758
7864434787,Majyari,,hamlet,,Chamoli,30.13321,79.18317
7832252789,Makhauti,,hamlet,,Chamoli,30.03160,79.69865
7833693454,Mal Bajwar,,hamlet,,Chamoli,30.07109,79.47993
7863123842,Malana,,hamlet,,Chamoli,30.42729,79.35731
342106517,Malari,,village,,Chamoli,30.68455,79.88937
9871738381,Malgur,,hamlet,,Chamoli,30.14901,79.19476
7833730017,Malia,,hamlet,,Chamoli,30.10702,79.43155
342108810,Malkot,,village,,Chamoli,29.95458,79.36873
7732897641,Malla,,hamlet,,Chamoli,30.10307,79.61748
7833272981,Malla Baron,,hamlet,,Chamoli,30.26489,79.39414
7850369131,Malla Gwar,,hamlet,,Chamoli,30.22540,79.11583
7863117425,Malla Kanda,,hamlet,,Chamoli,30.27781,79.42258
7833584636,Malla Kanukhul,,hamlet,,Chamoli,30.25419,79.27139
7833882679,Malla Kewar,,hamlet,,Chamoli,30.14218,79.36629
7833272983,Malla Makh,,hamlet,,Chamoli,30.25360,79.39891
7833854252,Malsi,,hamlet,,Chamoli,30.12409,79.27598
7833730019,Maltura,,hamlet,,Chamoli,30.09579,79.42846
7833103058,Mamotta,,hamlet,,Chamoli,30.48670,79.50940
342109077,Mana,,village,1214,Chamoli,30.77048,79.49594
7863129805,Mangroli,,hamlet,,Chamoli,30.31548,79.32225
2413034009,Manil,,hamlet,,Chamoli,30.12429,79.49571
7833272973,Manki,,hamlet,,Chamoli,30.29231,79.40334
7732313296,Manlalikhet,,hamlet,,Chamoli,30.03960,79.74747
7731976978,Manmatti,,hamlet,,Chamoli,30.04103,79.75411
7732364135,Manmatti,,hamlet,,Chamoli,30.06878,79.71853
7732354109,Maopata,,hamlet,,Chamoli,30.01924,79.68903
7835383273,Mariger,,hamlet,,Chamoli,30.30886,79.21893
7833637990,Markura,,hamlet,,Chamoli,30.58675,79.77764
7833758886,Marora,,hamlet,,Chamoli,30.10155,79.37629
7835213504,Masoli,,hamlet,,Chamoli,30.41547,79.21581
7833584644,Mason,,hamlet,,Chamoli,30.28936,79.28809
7863100083,Mason,,village,,Chamoli,30.33454,79.31144
7833272965,Matai,,hamlet,,Chamoli,30.32280,79.39497
7863100063,Math,,hamlet,,Chamoli,30.37766,79.29622
7833507476,Matharpal,,hamlet,,Chamoli,30.33813,79.34246
342109848,Mathyana,,village,,Chamoli,30.36072,79.31717
7833812181,Matkot,,village,,Chamoli,30.03726,79.26168
7863117421,Matkot,,hamlet,,Chamoli,30.27673,79.46084
7833882681,Mauna,,hamlet,,Chamoli,30.14969,79.35289
7732313293,Maunigad,,hamlet,,Chamoli,30.03638,79.72706
7732354112,Maunigad,,hamlet,,Chamoli,30.04456,79.72365
7833272970,Mawar,,hamlet,,Chamoli,30.29850,79.39786
7863129808,Medadwakti,,hamlet,,Chamoli,30.31361,79.32840
7833758889,Meduni,,hamlet,,Chamoli,30.08380,79.38068
7864415368,Melbagar,,hamlet,,Chamoli,30.06258,79.23815
7732313294,Melkhet,,hamlet,,Chamoli,30.02424,79.72092
7833693453,Meltha,,hamlet,,Chamoli,30.07501,79.47600
7833717308,Meta Malla,,hamlet,,Chamoli,30.08045,79.44753
7833717311,Meta Talla,,hamlet,,Chamoli,30.08466,79.44775
7732897634,Milotha,,hamlet,,Chamoli,30.05206,79.61253
7833725082,Ming,,hamlet,,Chamoli,30.11779,79.39933
7833635482,Mingtir,,hamlet,,Chamoli,30.21477,79.47220
7833155599,Mirag,,village,,Chamoli,30.52956,79.59328
7832247146,Modoparan,,hamlet,,Chamoli,30.03901,79.68240
7733346066,Molta,,village,,Chamoli,30.48311,79.52077
7833070524,Mothi,,hamlet,,Chamoli,30.38238,79.59058
7850369136,Mullagaon,,hamlet,,Chamoli,30.24429,79.09977
9870024775,Mundoli,,village,,Chamoli,30.13132,79.61436
7863129807,Munlall,,hamlet,,Chamoli,30.32147,79.32613
7833216683,Murunna,,hamlet,,Chamoli,30.46948,79.70309
7731976982,Nagar,,hamlet,,Chamoli,30.06351,79.75859
7863100066,Nagari,,hamlet,,Chamoli,30.37085,79.30389
7835480631,Nagdhar,,hamlet,,Chamoli,30.33627,79.24423
9871738370,Nagli,,hamlet,,Chamoli,30.16344,79.21426
7833717313,Nail,,hamlet,,Chamoli,30.07736,79.46063
7833812172,Nail,,hamlet,,Chamoli,30.05971,79.27385
7835193313,Nail,,hamlet,,Chamoli,30.42060,79.23766
7835480635,Nail,,hamlet,,Chamoli,30.35866,79.22847
7863130780,Nail,,hamlet,,Chamoli,30.41349,79.35295
8039322640,Nail Malla,,hamlet,,Chamoli,29.97741,79.42723
8039322642,Nail Talla,,hamlet,,Chamoli,29.98196,79.42716
7833793310,Naini,,hamlet,,Chamoli,30.12052,79.34736
8046945943,Naini,,village,,Chamoli,29.95646,79.39347
7833823975,Nakholi,,hamlet,,Chamoli,30.16006,79.42457
7833584632,Nakot,,hamlet,,Chamoli,30.25559,79.24675
7835438788,Nakot,,hamlet,,Chamoli,30.25475,79.24534
7732354111,Naldhura,,hamlet,,Chamoli,30.02580,79.70041
7850305502,Nalgaon,,hamlet,,Chamoli,30.24302,79.11089
10857998189,Nalgaon,,village,,Chamoli,30.16969,79.34444
7732364130,Nalpani,,hamlet,,Chamoli,30.10030,79.68354
7731976983,Namla,,hamlet,,Chamoli,30.07550,79.76810
245769841,Nandaprayāg,नंदप्रयाग,town,,Chamoli,30.33188,79.31992
342104772,Nandkeshwari,,village,,Chamoli,30.04074,79.56711
7833730023,Naptol,,hamlet,,Chamoli,30.07709,79.41933
7833263906,Narangi,,hamlet,,Chamoli,30.26361,79.46502
7863100058,Narayan,,hamlet,,Chamoli,30.38340,79.28343
342108821,Narayn Bagar,नारायणबगड़,town,,Chamoli,30.14511,79.37348
7833568793,Nargoli,,hamlet,,Chamoli,30.42272,79.43701
7833507472,Nathol Chak,,hamlet,,Chamoli,30.36297,79.34078
7833637991,Naug,,hamlet,,Chamoli,30.59260,79.77041
7833758887,Naugaon,,hamlet,,Chamoli,30.09277,79.37308
8039781416,Naugaon Malla,,village,,Chamoli,29.94510,79.40105
7833758892,Nauli,,hamlet,,Chamoli,30.10131,79.39379
7835193314,Nauli,,hamlet,,Chamoli,30.42716,79.22496
7863117406,Nauna,,hamlet,,Chamoli,30.29849,79.38266
9871738365,Nauna,,hamlet,,Chamoli,30.17292,79.20970
342104742,Naushiri,,village,,Chamoli,30.08194,79.59870
342107755,Nauti,,village,,Chamoli,30.20509,79.19933
342105657,Nayachutti,,village,,Chamoli,30.64854,79.53324
7732364142,Netha,,hamlet,,Chamoli,30.08020,79.63168
8039747684,Niglani,,hamlet,,Chamoli,29.93712,79.29275
342104871,Nijmula,,village,,Chamoli,30.36365,79.46662
8046931565,Nisni Khata,,hamlet,,Chamoli,29.93715,79.39566
7545980860,Niti,,village,,Chamoli,30.77766,79.84112
7833584646,Nyauli,,hamlet,,Chamoli,30.29914,79.30362
7732952285,Odhar,,hamlet,,Chamoli,30.03330,79.63510
7732300979,Orthe,,hamlet,,Chamoli,30.08326,79.54864
7833155600,Oucha,,village,,Chamoli,30.54405,79.58097
7835508099,Pab,,hamlet,,Chamoli,30.35135,79.21143
6520218278,Padarghow,,hamlet,,Chamoli,30.30738,79.52702
7833829081,Padli,,village,,Chamoli,30.21169,79.31574
7832317608,Padmalla,,hamlet,,Chamoli,30.04783,79.59818
7835438797,Paduli,,hamlet,,Chamoli,30.25176,79.12395
7733346063,Pagna,,hamlet,,Chamoli,30.37237,79.53614
7833216679,Pagnau,,village,,Chamoli,30.49454,79.49630
7733873627,Pagti,,hamlet,,Chamoli,30.55664,79.77582
7833216684,Paing,,hamlet,,Chamoli,30.47293,79.71310
7833730018,Paingarh,,hamlet,,Chamoli,30.10369,79.44332
7835383275,Paini Palli,,hamlet,,Chamoli,30.30516,79.23284
7835383274,Paini Walli,,hamlet,,Chamoli,30.30826,79.22682
7833130297,Painka,,hamlet,,Chamoli,30.57062,79.58882
7833883513,Painti,,hamlet,,Chamoli,30.14997,79.41820
7833725079,Paithani,,village,,Chamoli,30.12432,79.40304
9871738379,Paiyara,,hamlet,,Chamoli,30.15773,79.21188
7864483492,Pajyana,,hamlet,,Chamoli,30.11386,79.22065
7732300982,Pakan Tok,,hamlet,,Chamoli,30.07352,79.57129
7833507465,Palaitha,,hamlet,,Chamoli,30.35997,79.32531
7834388276,Palam,,hamlet,,Chamoli,30.50137,79.48707
8046929906,Palangwadi,,hamlet,,Chamoli,29.94032,79.40045
7833912189,Pali,,hamlet,,Chamoli,30.11378,79.39169
6520225502,Palla,,hamlet,,Chamoli,30.51230,79.47208
7833272977,Palla Baron,,hamlet,,Chamoli,30.27324,79.38954
7833009765,Paltingdhar,,hamlet,,Chamoli,30.27845,79.58631
6417415705,Pana,,village,,Chamoli,30.39131,79.55584
7835406983,Panai,,hamlet,,Chamoli,30.28323,79.23048
7835438791,Panai,,village,,Chamoli,30.28219,79.15953
7833842885,Panchali,,hamlet,,Chamoli,30.02027,79.28549
7864434786,Pandauri,,hamlet,,Chamoli,30.12233,79.19598
342105645,Pandukeshar,,hamlet,,Chamoli,30.63441,79.54708
7850440349,Panga,,hamlet,,Chamoli,30.19252,79.13283
7833522415,Paniger,,hamlet,,Chamoli,30.31711,79.35275
7833009768,Panjachauk,,hamlet,,Chamoli,30.28057,79.60197
342108124,Pankal,,village,,Chamoli,30.36560,79.20289
7733460622,Panmari,,hamlet,,Chamoli,30.25993,79.56883
7733873626,Panwarsa,,hamlet,,Chamoli,30.55173,79.75531
7833130299,Parari,,village,,Chamoli,30.57361,79.51367
7833009766,Pari,,village,,Chamoli,30.28960,79.58660
7833812180,Pariyana,,hamlet,,Chamoli,30.04329,79.26538
7833812170,Parkandai Malli,,hamlet,,Chamoli,30.06561,79.25976
7833812171,Parkandai Talli,,hamlet,,Chamoli,30.06190,79.26094
7863117418,Parkhet,,hamlet,,Chamoli,30.26797,79.44238
7832317613,Parsongad,,hamlet,,Chamoli,30.02079,79.56687
7732300978,Partha,,village,,Chamoli,30.09516,79.54660
7833854257,Parwari,,hamlet,,Chamoli,30.08783,79.25690
8039322648,Patal,,hamlet,,Chamoli,29.98858,79.44270
8039322647,Patharkata,,hamlet,,Chamoli,29.99578,79.44186
7835213500,Pati,,hamlet,,Chamoli,30.42436,79.20437
7732945483,Patla,,hamlet,,Chamoli,30.01541,79.54670
7833793305,Patuari,,hamlet,,Chamoli,30.12485,79.34046
7863129812,Paunkila Malla,,hamlet,,Chamoli,30.30520,79.35795
9871738366,Payyan,,hamlet,,Chamoli,30.17160,79.20196
7864503021,Peb,,hamlet,,Chamoli,30.17333,79.16508
7832326075,Peri,,hamlet,,Chamoli,30.19426,79.61771
7833668039,Phali,,hamlet,,Chamoli,30.24415,79.45073
7732952295,Pharali,,hamlet,,Chamoli,30.10858,79.57092
342106526,Pharkia,,village,,Chamoli,30.73183,79.82628
7833842890,Pharsaun,,hamlet,,Chamoli,30.00699,79.31660
7832289397,Pheti,,hamlet,,Chamoli,30.04097,79.63644
7833834679,Pholota,,hamlet,,Chamoli,30.23806,79.29029
7864415367,Phuldungi,,hamlet,,Chamoli,30.06463,79.24560
7863100061,Pilang,,hamlet,,Chamoli,30.38177,79.31228
7834421756,Pilkni,,hamlet,,Chamoli,30.53842,79.47924
7832270121,Pinau,,hamlet,,Chamoli,30.13587,79.69124
7864503027,Pindwali Malli,,hamlet,,Chamoli,30.14364,79.15343
7864503026,Pindwali Talli,,hamlet,,Chamoli,30.14182,79.16072
7833155610,Pinola,,hamlet,,Chamoli,30.61434,79.56529
9871738363,Pipal Chati,,hamlet,,Chamoli,30.16114,79.23003
4120613471,Pipalsera,,village,,Chamoli,30.24950,79.24364
2386934076,Pokhani,,hamlet,,Chamoli,30.47084,79.42720
7833216670,Pokhani,,hamlet,,Chamoli,30.47600,79.43316
7833263907,Pokhari,,hamlet,,Chamoli,30.27911,79.46714
7732897635,Pokhiri,,hamlet,,Chamoli,30.06731,79.61904
342107387,Pokhri,पोखरी,town,,Chamoli,30.34424,79.19907
7850369144,Pokhri,,hamlet,,Chamoli,30.23608,79.11291
7732300977,Prant Chak,,village,,Chamoli,30.15743,79.53627
7833155601,Premnagar,,hamlet,,Chamoli,30.53420,79.58032
7833522426,Pulau Chak,,hamlet,,Chamoli,30.27051,79.33872
11163148404,Pulna,,village,,Chamoli,30.63576,79.57163
7864503014,Pungaon,,hamlet,,Chamoli,30.19228,79.13292
7833868787,Purna,,hamlet,,Chamoli,30.18715,79.29661
7863100071,Pursati,,hamlet,,Chamoli,30.34840,79.31585
7864483489,Pyonra,,hamlet,,Chamoli,30.12458,79.21561
342104895,Pīpalkoti,,village,,Chamoli,30.43350,79.42841
7690199371,Raighadi,,village,,Chamoli,30.47794,79.61021
7833896008,Raingaon,,hamlet,,Chamoli,30.15830,79.40108
7833823983,Rains,,hamlet,,Chamoli,30.18580,79.36967
7863129811,Rajwakti,,hamlet,,Chamoli,30.31042,79.33169
7833693456,Rakoil,,hamlet,,Chamoli,30.07143,79.49441
8039660043,Rakot,,hamlet,,Chamoli,29.97207,79.34791
7833693448,Rakra,,hamlet,,Chamoli,30.08409,79.47666
6417415162,Ramni,,village,,Chamoli,30.31658,79.50765
7732007689,Rampur,,hamlet,,Chamoli,30.05348,79.78904
7864415369,Ramra,,hamlet,,Chamoli,30.04712,79.23415
7863100075,Ramwori,,hamlet,,Chamoli,30.31897,79.31964
10865229459,Ranau,,village,,Chamoli,30.29110,79.17432
9871738364,Randoli,,hamlet,,Chamoli,30.14952,79.24209
6520212816,Ranga,,hamlet,,Chamoli,30.19908,79.63212
8039715178,Rangehauna,,hamlet,,Chamoli,29.97578,79.31427
7733346070,Rangeli,,hamlet,,Chamoli,30.47648,79.63314
7855484692,Ranihat,,hamlet,,Chamoli,30.19986,79.46100
2386934192,Ranta,,hamlet,,Chamoli,30.54082,79.45163
7833834681,Rarki,,hamlet,,Chamoli,30.23501,79.25257
7835383264,Rasodha,,hamlet,,Chamoli,30.33737,79.22449
7732287590,Ratgaon,,village,,Chamoli,30.14153,79.54604
7833882680,Ratni,,hamlet,,Chamoli,30.14054,79.35865
10861589957,Ratura,,village,,Chamoli,30.20191,79.26522
7732354108,Raul,,hamlet,,Chamoli,30.01533,79.68593
7833725075,Raulgoon,,hamlet,,Chamoli,30.11857,79.36727
9871738369,Rawanri,,hamlet,,Chamoli,30.16600,79.21574
7833730024,Rei,,hamlet,,Chamoli,30.06431,79.42369
342104721,Ren,,village,,Chamoli,30.04221,79.62345
7833070518,Reni,,village,,Chamoli,30.48522,79.69109
7863123837,Retali,,hamlet,,Chamoli,30.42271,79.42944
7833812174,Rikholi,,hamlet,,Chamoli,30.05681,79.28339
7733346071,Rikhulti,,hamlet,,Chamoli,30.47031,79.62952
7863100079,Rikhwari,,hamlet,,Chamoli,30.29360,79.26282
245770322,Ringi,,village,,Chamoli,30.47804,79.61897
2376466284,Rini,,hamlet,,Chamoli,30.48407,79.65100
2382741474,Rohida,,hamlet,,Chamoli,29.98726,79.24298
8045413752,Rohira,,hamlet,,Chamoli,29.98434,79.26056
7833522429,Rointha,,hamlet,,Chamoli,30.25202,79.30798
7895149501,Ronida,,hamlet,,Chamoli,29.99055,79.25355
7863130782,Rowala,,hamlet,,Chamoli,30.41118,79.38206
7833635475,Ruisan,,hamlet,,Chamoli,30.13930,79.48853
7733346065,Rupung,,hamlet,,Chamoli,30.48890,79.52440
7832317600,Rwisan,,hamlet,,Chamoli,30.12769,79.53193
7833668040,Ryal Bagar,,hamlet,,Chamoli,30.71108,79.84355
12590413251,SINGLA,,village,,Chamoli,30.64624,79.82580
7863167798,Sagar,,hamlet,,Chamoli,30.43976,79.32134
342104880,Saiji,,village,,Chamoli,30.36484,79.46137
7863100067,Saikot,,village,,Chamoli,30.36789,79.30390
7835438792,Sail,,hamlet,,Chamoli,30.28179,79.14149
7832317606,Sailkhola,,village,,Chamoli,30.06077,79.58116
7833883512,Sainar,,hamlet,,Chamoli,30.14146,79.41592
7833263902,Sainj,,hamlet,,Chamoli,30.37227,79.43846
7833896006,Sainj,,hamlet,,Chamoli,30.21354,79.34679
7864515980,Sakand,,hamlet,,Chamoli,30.23490,79.14785
7835383271,Sakni,,hamlet,,Chamoli,30.31654,79.19332
7833155607,Sal,,hamlet,,Chamoli,30.64978,79.58251
7833070514,Saldhar,,hamlet,,Chamoli,30.48761,79.66631
6520184159,Salma,,hamlet,,Chamoli,30.52984,79.49179
342108143,Salna,,village,,Chamoli,30.39283,79.20133
7833717314,Salpur,,hamlet,,Chamoli,30.08017,79.45411
9871609891,Salung,,hamlet,,Chamoli,30.15990,79.29101
9871609867,Salyana,,hamlet,,Chamoli,30.18915,79.27694
7833507464,Samdungra,,hamlet,,Chamoli,30.37307,79.32339
342107507,Sananchori,,village,,Chamoli,29.95422,79.31031
7863129815,Sani,,hamlet,,Chamoli,30.30886,79.37333
7833522431,Sanj,,hamlet,,Chamoli,30.27009,79.30278
7833522413,Sankand,,hamlet,,Chamoli,30.32520,79.34312
7863129817,Sankari,,hamlet,,Chamoli,30.31940,79.38923
7833823976,Sankot,,village,,Chamoli,30.16631,79.43270
7835480634,Sankri,,village,,Chamoli,30.35786,79.23570
7833730012,Sanyara,,hamlet,,Chamoli,30.09718,79.40747
7835383263,Sarana,,hamlet,,Chamoli,30.34050,79.22230
342108112,Sardikhal,,village,,Chamoli,30.35935,79.18396
8039623159,Saringgaon,,village,,Chamoli,29.97146,79.40924
7864483499,Sarkol,,hamlet,,Chamoli,30.08551,79.24700
7832317612,Sarkot,,hamlet,,Chamoli,30.03711,79.57711
7733460624,Sarma,,hamlet,,Chamoli,30.24916,79.58483
7832270119,Sarmata Tok,,hamlet,,Chamoli,30.11750,79.70158
7835310603,Sarmola,,hamlet,,Chamoli,30.29189,79.19237
2383637757,Sarna,,hamlet,,Chamoli,30.29478,79.24000
8039660044,Saror,,hamlet,,Chamoli,29.97834,79.33693
6588487886,Sartoli,,village,,Chamoli,30.34091,79.34996
7833507455,Sattur,,hamlet,,Chamoli,30.32078,79.24966
7833868789,Sauna,,hamlet,,Chamoli,30.18364,79.30324
7835383266,Sauramanga,,hamlet,,Chamoli,30.33446,79.22928
10861589956,Saurka,,hamlet,,Chamoli,30.20716,79.26996
7833826573,Sauta,,hamlet,,Chamoli,30.08785,79.37486
7732897637,Sawar,,village,,Chamoli,30.07326,79.61088
7835480633,Sem,,hamlet,,Chamoli,30.35606,79.24101
7863129806,Sem,,hamlet,,Chamoli,30.32154,79.31763
9871738353,Sem,,hamlet,,Chamoli,30.18097,79.23812
7863129814,Sema,,hamlet,,Chamoli,30.31448,79.37319
342107766,Semuwa,,village,,Chamoli,30.27353,79.21376
7833812168,Sena,,hamlet,,Chamoli,30.05963,79.26598
7833507456,Sendungra,,hamlet,,Chamoli,30.30707,79.25813
7833507459,Sengha,,hamlet,,Chamoli,30.34581,79.26331
7833668037,Senthi,,hamlet,,Chamoli,30.23672,79.44804
7863130772,Sentuna,,hamlet,,Chamoli,30.43839,79.35656
342109151,Sera,,hamlet,,Chamoli,30.27170,79.41327
8039686888,Sera,,village,,Chamoli,29.94949,79.36680
7833272962,Serao,,hamlet,,Chamoli,30.33086,79.36274
7833829083,Serapankhudi,,hamlet,,Chamoli,30.19951,79.32806
7833568792,Shalla,,hamlet,,Chamoli,30.42673,79.43651
7833868785,Shyan,,hamlet,,Chamoli,30.20132,79.30668
7733460620,Sik,,hamlet,,Chamoli,30.29820,79.56721
8039623162,Sila,,hamlet,,Chamoli,29.98133,79.40403
8039700001,Silanga,,hamlet,,Chamoli,29.97795,79.31623
7833009760,Silbori,,hamlet,,Chamoli,30.27324,79.53850
8418283653,Silingi,,village,,Chamoli,30.26442,79.30056
7864415371,Silkot,,hamlet,,Chamoli,30.04032,79.24093
7833896007,Silkoti,,hamlet,,Chamoli,30.16280,79.40713
7833883506,Silla,,village,,Chamoli,30.12098,79.43663
7833730014,Silori,,hamlet,,Chamoli,30.10248,79.41391
7833882684,Silori,,hamlet,,Chamoli,30.15136,79.34594
7864483493,Silpata,,hamlet,,Chamoli,30.11237,79.22677
7833812184,Simana,,hamlet,,Chamoli,30.01958,79.29913
342107735,Simli,,village,,Chamoli,30.23438,79.25537
2379635270,Simli,,village,,Chamoli,30.14650,79.40356
7833834682,Simli,,hamlet,,Chamoli,30.22690,79.25280
7833834683,Simli Bazar,,village,,Chamoli,30.23091,79.25930
8039738146,Simliya,,hamlet,,Chamoli,29.94763,79.30281
7833522416,Simti,,hamlet,,Chamoli,30.31037,79.34679
9871609889,Simtoli,,hamlet,,Chamoli,30.16589,79.26550
7833299786,Simula,,hamlet,,Chamoli,30.36306,79.48425
7835438794,Sindrawani,,hamlet,,Chamoli,30.26136,79.11651
7835358387,Siran,,village,,Chamoli,30.26168,79.18155
7833854254,Sirana,,hamlet,,Chamoli,30.11634,79.26328
7835213499,Sirgad,,hamlet,,Chamoli,30.42916,79.19872
7833896009,Siri,,hamlet,,Chamoli,30.16705,79.39829
6520213930,Siroli,,hamlet,,Chamoli,30.46724,79.27991
9871609868,Sirpal,,hamlet,,Chamoli,30.18379,79.27872
7833522435,Sirtoli,,hamlet,,Chamoli,30.27993,79.25622
6520227794,Sitel,,village,,Chamoli,30.27674,79.55270
342109879,Sitola,,village,,Chamoli,30.37720,79.27872
2383637755,Siwai Malli,,hamlet,,Chamoli,30.28564,79.23684
7835406984,Siwai Tali,,hamlet,,Chamoli,30.28178,79.23542
7833130306,Solur,,hamlet,,Chamoli,30.50582,79.51359
7833842887,Som,,hamlet,,Chamoli,30.00852,79.29606
7863117408,Soni,,hamlet,,Chamoli,30.28274,79.37172
7833584641,Sonka,,hamlet,,Chamoli,30.27811,79.28907
7732300976,Sonsiya Kharak,,hamlet,,Chamoli,30.16336,79.52942
7833812175,Sonyana,,hamlet,,Chamoli,30.04478,79.29059
7863100062,Soriala,,village,,Chamoli,30.37547,79.29190
7864515977,Sorling,,hamlet,,Chamoli,30.21011,79.18282
7732354092,Srinthal,,village,,Chamoli,30.05708,79.56373
7833070519,Subhain,,village,,Chamoli,30.47823,79.67688
7833272968,Sugal,,hamlet,,Chamoli,30.32429,79.41526
7864503028,Sugar,,hamlet,,Chamoli,30.13724,79.22928
7833009772,Sugarh,,hamlet,,Chamoli,30.27821,79.63579
7835310601,Sugi,,hamlet,,Chamoli,30.28692,79.18265
7732354110,Sujalkot,,hamlet,,Chamoli,30.02330,79.69614
7833167610,Suki,,hamlet,,Chamoli,30.51959,79.72529
7833869343,Suktoli,,hamlet,,Chamoli,30.23564,79.28123
7833834680,Sumalta,,hamlet,,Chamoli,30.23221,79.27302
2376535899,Suna,,hamlet,,Chamoli,30.09540,79.45561
7833829084,Sunai,,hamlet,,Chamoli,30.20366,79.31772
7850305501,Sunak,,hamlet,,Chamoli,30.24083,79.11231
2383782286,Sunala,,hamlet,,Chamoli,30.31675,79.30791
7833693459,Sunaun,,hamlet,,Chamoli,30.08769,79.49054
7855484698,Sunaun,,hamlet,,Chamoli,30.06494,79.48840
7833888891,Sunbhi,,hamlet,,Chamoli,30.24070,79.35333
342109167,Sung,,village,,Chamoli,30.28656,79.47098
7833155603,Sunil,,hamlet,,Chamoli,30.55119,79.54735
7833693449,Sunila,,hamlet,,Chamoli,30.08609,79.47811
342104904,Suraithota,,village,,Chamoli,30.53101,79.74152
7833216662,Suranda,,hamlet,,Chamoli,30.45535,79.41740
9871738346,Surani,,hamlet,,Chamoli,30.19196,79.23120
7833009770,Sutol,,village,,Chamoli,30.27181,79.61968
7833793313,Swan,,hamlet,,Chamoli,30.10039,79.33904
7833584640,Swarkha,,hamlet,,Chamoli,30.28410,79.27918
9871738378,Syalkot,,hamlet,,Chamoli,30.15515,79.21977
7855484690,Syari,,hamlet,,Chamoli,30.20473,79.47652
7833793319,Syuni Mali,,hamlet,,Chamoli,30.01549,79.32857
2381160024,Syuni Talli,,village,,Chamoli,29.99519,79.33879
7832317611,Syunigad,,hamlet,,Chamoli,30.04943,79.57346
342108796,Taintura,,village,,Chamoli,29.95319,79.39776
7732897640,Tajpur,,village,,Chamoli,30.09844,79.59549
7863117423,Takmini,,village,,Chamoli,30.27373,79.42040
7732945482,Tal,,hamlet,,Chamoli,30.01601,79.53474
9871738360,Tal,,hamlet,,Chamoli,30.17030,79.22323
9871738380,Talauja,,hamlet,,Chamoli,30.15227,79.19870
7833272980,Talla Baron,,hamlet,,Chamoli,30.26723,79.39672
7850369132,Talla Gwar,,hamlet,,Chamoli,30.22451,79.12408
7863117424,Talla Kanda,,hamlet,,Chamoli,30.27393,79.42935
7833584635,Talla Kanukhul,,hamlet,,Chamoli,30.25582,79.26529
7833882678,Talla Kewar,,hamlet,,Chamoli,30.14316,79.36783
7833272982,Talla Makh,,hamlet,,Chamoli,30.26251,79.40292
7863100054,Talla Rupa,,hamlet,,Chamoli,30.38010,79.26974
7833793315,Talla Simana,,hamlet,,Chamoli,30.02264,79.30441
342104713,Talour,,village,,Chamoli,30.05255,79.59095
7832326076,Talwani,,hamlet,,Chamoli,30.17753,79.62834
7732952292,Talwari,,hamlet,,Chamoli,30.03900,79.51636
7833637989,Tamak,,hamlet,,Chamoli,30.59719,79.78531
7863100065,Tanduna,,hamlet,,Chamoli,30.37449,79.30569
7833216674,Tangi Malli,,hamlet,,Chamoli,30.47758,79.47345
7833216673,Tangi Talli,,hamlet,,Chamoli,30.47727,79.46374
7863055753,Tangsa,,village,,Chamoli,30.41705,79.30083
7833522419,Taphana,,hamlet,,Chamoli,30.30489,79.32875
7833070513,Tapoban,,village,,Chamoli,30.48853,79.62527
7863100055,Tarakhansal,,hamlet,,Chamoli,30.37661,79.27348
7833216660,Taraktal,,hamlet,,Chamoli,30.34543,79.48502
7833009773,Tatra,,village,,Chamoli,30.26729,79.63999
4120608776,Tauli Daduli,,village,,Chamoli,30.24626,79.24004
7741692243,Telapata,,hamlet,,Chamoli,30.01326,79.71424
7863129809,Tephana,,hamlet,,Chamoli,30.30123,79.33606
8039686886,Tewa Kharak,,village,,Chamoli,29.94532,79.36566
7732354102,Thai,,hamlet,,Chamoli,30.01899,79.64607
7833130300,Thaing,,village,,Chamoli,30.56672,79.50961
8039700006,Thala,,hamlet,,Chamoli,29.98943,79.32217
9871738359,Thaladhar,,hamlet,,Chamoli,30.17227,79.22238
7835213502,Thalgarh,,hamlet,,Chamoli,30.43032,79.21061
7833725076,Than,,hamlet,,Chamoli,30.12205,79.36858
6520225503,Thana,,hamlet,,Chamoli,30.53133,79.47403
10861589958,Thapli,,hamlet,,Chamoli,30.19599,79.27777
2207946888,Tharali,,village,,Chamoli,30.07455,79.50003
7833693458,Tharali,,hamlet,,Chamoli,30.07858,79.49642
7833216665,Tharetha,,hamlet,,Chamoli,30.45157,79.42094
342105258,Tharāli,,village,,Chamoli,30.06821,79.50743
7833522421,Thirpak,,hamlet,,Chamoli,30.30115,79.35916
7833868788,Thrikot,,hamlet,,Chamoli,30.18418,79.29860
8046929905,Timalkhali,,hamlet,,Chamoli,29.94369,79.40515
8039747682,Timilpani,,hamlet,,Chamoli,29.93102,79.30388
7732364144,Timli,,hamlet,,Chamoli,30.09645,79.64077
7833155611,Toli,,hamlet,,Chamoli,30.58404,79.54712
7835261477,Toli,,hamlet,,Chamoli,30.31944,79.15270
2386907509,Tolma,,hamlet,,Chamoli,30.52391,79.75222
4406009886,Tolpani,,hamlet,,Chamoli,30.15361,79.64501
7732364148,Tolpani,,hamlet,,Chamoli,30.15066,79.65283
7732364149,Tolpani,,hamlet,,Chamoli,30.14623,79.64938
9871738350,Top,,hamlet,,Chamoli,30.18609,79.22821
7732007692,Torti,,hamlet,,Chamoli,30.03819,79.78580
7732952289,Trikot,,hamlet,,Chamoli,30.03548,79.54592
342109891,Trishula,,village,,Chamoli,30.35042,79.25276
9387763623,Tugasi,,village,,Chamoli,30.48226,79.59810
7732364139,Tuna Kharak,,hamlet,,Chamoli,30.05804,79.65679
7863117411,Tunala,,hamlet,,Chamoli,30.28497,79.38917
7835378645,Tundal,,hamlet,,Chamoli,30.25779,79.11143
7732354091,Tundri,,village,,Chamoli,30.05327,79.55419
7835378646,Tundyal,,hamlet,,Chamoli,30.25403,79.10780
7833823980,Tunera,,hamlet,,Chamoli,30.18105,79.37214
7835437741,Turanji,,hamlet,,Chamoli,30.38480,79.18886
7833730021,Tyula,,hamlet,,Chamoli,30.09078,79.42544
7833216669,Uchchhawa Gwar,,hamlet,,Chamoli,30.49497,79.41425
6520222522,Uchwan,,hamlet,,Chamoli,30.50317,79.43179
7731976984,Udaipur,,hamlet,,Chamoli,30.08737,79.76174
8039715177,Ujethiya,,hamlet,,Chamoli,29.97178,79.31590
7732364131,Ukaldhar,,hamlet,,Chamoli,30.09749,79.69762
7832270120,Ukhaldhar,,hamlet,,Chamoli,30.13377,79.68405
7732897636,Ulangara,,village,,Chamoli,30.07787,79.60162
7833584642,Ulphara,,hamlet,,Chamoli,30.28102,79.29165
7835438785,Umatata,,hamlet,,Chamoli,30.27372,79.23834
7732354105,Unibargar,,hamlet,,Chamoli,30.02159,79.66217
9871738357,Unjwalpur,,hamlet,,Chamoli,30.17947,79.22183
7833103059,Urchyuri,,hamlet,,Chamoli,30.49007,79.53282
6520174609,Urgam,,village,,Chamoli,30.54009,79.45663
7833668038,Ustoli,,hamlet,,Chamoli,30.24652,79.45756
7833584650,Uttaun,,hamlet,,Chamoli,30.31623,79.29515
7833009764,Uvathora,,hamlet,,Chamoli,30.27986,79.57440
7863117407,Vanala,,hamlet,,Chamoli,30.29591,79.37277
7835383267,Vena Malla,,hamlet,,Chamoli,30.33512,79.23719
7835480630,Vena Talla,,hamlet,,Chamoli,30.33788,79.23585
7732952293,Vijaypur,,hamlet,,Chamoli,30.04727,79.53020
7863055760,Viragan,,hamlet,,Chamoli,30.44349,79.28548
7835480641,Visal,,hamlet,,Chamoli,30.34438,79.20943
7835383262,Visalkhal,,hamlet,,Chamoli,30.34155,79.21772
2376466294,Vishnuprayāg,,hamlet,,Chamoli,30.56264,79.57915
7833009757,Wadukh,,hamlet,,Chamoli,30.28143,79.51154
2077775906,Wan,,village,,Chamoli,30.20504,79.61753
8039322645,Wanjyani Khata,,hamlet,,Chamoli,29.99791,79.42369
7833584639,Wanoli,,hamlet,,Chamoli,30.27976,79.27250
7833272979,Wanswara,,hamlet,,Chamoli,30.26511,79.40683
7833130305,Warosi,,hamlet,,Chamoli,30.51008,79.51292
7833155608,Will Pulna,,village,,Chamoli,30.63521,79.57246
342104752,Wulangara,,village,,Chamoli,30.07782,79.59046
8045413748,barjiya ka simar3,,hamlet,,Chamoli,29.99496,79.25455
8045413749,chhapaludiyar,,hamlet,,Chamoli,29.99721,79.26789
8045413747,khilla,,hamlet,,Chamoli,29.99162,79.25772
8045561103,kimigad talli,,hamlet,,Chamoli,29.94357,79.31871
8045413750,masisera,,hamlet,,Chamoli,29.99007,79.26635
7895149511,matagad,,hamlet,,Chamoli,29.97355,79.27264
8045722760,naugaon talla,,hamlet,,Chamoli,29.94644,79.40980
7895149505,nikakhal,,hamlet,,Chamoli,29.97125,79.26552
8045413751,paliyalun,,hamlet,,Chamoli,29.98181,79.25031
7895149508,panghat,,hamlet,,Chamoli,29.96806,79.25917
2376466636,Ādbadri,,hamlet,,Chamoli,30.14652,79.24722
342102629,Abbot Mount,,village,,Champawat,29.42825,80.10681
7909170396,Alyura,,hamlet,,Champawat,29.47052,79.87932
6862713064,Amboli,,hamlet,,Champawat,29.43712,79.93180
342101709,Amori,,village,,Champawat,29.22638,80.04776
7909170407,Anarpa,,hamlet,,Champawat,29.43414,79.87073
7871789462,Bagauli,,hamlet,,Champawat,29.24744,79.92774
6402083412,Bajkot,,village,,Champawat,29.29340,80.28720
7894384213,Banauli,,village,,Champawat,29.44808,79.87653
342102759,Banbasa,,village,,Champawat,28.99399,80.07226
342102502,Banlekh,,village,,Champawat,29.28680,80.09171
342102669,Barakot,,village,,Champawat,29.46533,80.07248
342102401,Bardhakhan,,village,,Champawat,29.46121,80.04090
7865573318,Bari,,hamlet,,Champawat,29.22244,79.96359
7872008900,Bayalpata,,hamlet,,Champawat,29.18944,79.95070
7872008893,Bethlar,,hamlet,,Champawat,29.17744,79.91260
7865573323,Bhawarkot,,hamlet,,Champawat,29.22142,79.97824
342101574,Bhingrara,,village,,Champawat,29.30466,79.92417
342103745,Bibil,,village,,Champawat,29.44611,80.19470
2377100950,Bilsan,,hamlet,,Champawat,28.97588,80.06830
342101565,Birkhul,,village,,Champawat,29.31015,79.96262
7944469911,Biroli,,hamlet,,Champawat,29.43702,79.88281
342102546,Bordoli,,village,,Champawat,29.34586,80.12741
7871694529,Burham,,hamlet,,Champawat,29.17201,79.99689
342101695,Chalthi,,village,,Champawat,29.19891,80.08621
342103618,Chamdeval,,village,,Champawat,29.41589,80.20569
299449590,Champawat,चम्पावत,town,5000,Champawat,29.33727,80.09209
7944469912,Chantola,,hamlet,,Champawat,29.44202,79.88384
342102644,Chaumail,,village,,Champawat,29.43100,80.12604
7909170394,Chaura Gutti,,hamlet,,Champawat,29.47799,79.89408
342102909,Chaurasaum,,village,,Champawat,29.44611,79.94339
2376535884,Chira,,hamlet,,Champawat,29.48301,80.10771
342102523,Chouki,,village,,Champawat,29.34036,80.11231
342102795,Danda,,village,,Champawat,29.14398,79.93653
7872008896,Danda Malla,,hamlet,,Champawat,29.17043,79.94690
7872008895,Danda Talla,,hamlet,,Champawat,29.16683,79.94051
7923454039,Dardauli,,hamlet,,Champawat,29.43451,79.87698
3485680483,Deokana,,hamlet,,Champawat,29.34104,80.26450
299449588,Devi Dhura,,village,,Champawat,29.41315,79.86511
7923454025,Dharaunch,,village,,Champawat,29.41244,79.88533
6413688488,Dharson,,hamlet,,Champawat,29.29312,79.85319
342101738,Dhaun,,village,364,Champawat,29.26683,80.09975
342102871,Dhunaghāt,,hamlet,,Champawat,29.38019,79.96949
6413688489,Dhungani,,hamlet,,Champawat,29.29934,79.84353
342103705,Digalichaur,,village,,Champawat,29.36508,80.18235
2377062453,Diuri,,hamlet,,Champawat,29.21034,80.07395
7871789463,Dudhauri,,hamlet,,Champawat,29.24470,79.93617
7923454033,Dungra,,village,,Champawat,29.43210,79.89713
7944469901,Dungrakot,,village,,Champawat,29.43201,79.92307
2377062455,Dunya,,hamlet,,Champawat,29.30111,80.00246
7872008894,Durga Pipal,,hamlet,,Champawat,29.17288,79.88583
7911546434,Dwari,,hamlet,,Champawat,29.42653,79.91294
342102185,Gadslek,,village,,Champawat,29.40491,79.91043
7909170398,Gagar,,village,,Champawat,29.46129,79.89269
7909170403,Gagrar,,hamlet,,Champawat,29.47828,79.89939
342102379,Gallagaon,,village,,Champawat,29.43924,80.06287
7894384212,Gawar,,village,,Champawat,29.44427,79.87904
342102683,Ghat,,village,,Champawat,29.49967,80.12604
342101554,Gurali,,village,,Champawat,29.34311,79.96811
342103718,Gureli,,village,,Champawat,29.38568,80.16175
7911546432,Gyotyola,,hamlet,,Champawat,29.44718,79.90442
7923454029,Gyotyola,,hamlet,,Champawat,29.44533,79.90389
7944469902,Gyotyola,,hamlet,,Champawat,29.44532,79.90511
342103732,Harkhera,,village,,Champawat,29.42688,80.19058
7911546433,Jakhola,,hamlet,,Champawat,29.44244,79.90537
7923454030,Jakhola,,hamlet,,Champawat,29.44257,79.90515
7944469904,Jakhola,,hamlet,,Champawat,29.44106,79.90670
6403588731,Jamola,,hamlet,,Champawat,29.22981,80.04424
7865573324,Janera,,hamlet,,Champawat,29.22292,79.96754
342102854,Jashuda,,village,,Champawat,29.36783,79.96399
7944469903,Jjatta,,hamlet,,Champawat,29.43711,79.89756
7872008901,Kagnal,,hamlet,,Champawat,29.19381,79.95096
342102732,Kakrali Gate,,village,,Champawat,29.07944,80.09995
7871694531,Kalar,,hamlet,,Champawat,29.18058,79.99415
7911546431,Kande,,hamlet,,Champawat,29.45294,79.91294
7923454027,Kande,,hamlet,,Champawat,29.45281,79.91395
7911546436,Kanikot,,hamlet,,Champawat,29.43407,79.91210
7923454031,Kanikot,,hamlet,,Champawat,29.43373,79.91202
7944469906,Kanikot,,hamlet,,Champawat,29.43530,79.91185
7865573321,Kaphalda,,hamlet,,Champawat,29.21877,79.99032
7871789466,Kapula,,hamlet,,Champawat,29.24256,79.94324
7871789469,Kathaul,,hamlet,,Champawat,29.14212,79.97469
7872008898,Kathauti Malla,,hamlet,,Champawat,29.17607,79.92818
7872008897,Kathauti Talla,,hamlet,,Champawat,29.17097,79.92813
342102194,Kedarnath,केदारनाथ,village,,Champawat,29.41589,79.87885
10650616538,Khaikon,,hamlet,,Champawat,29.44435,80.23901
342102389,Khakara,,village,,Champawat,29.46671,80.06150
7865573326,Khatoli,,hamlet,,Champawat,29.23084,79.98818
342102437,Khetnikhan,,village,,Champawat,29.38156,80.00931
342103680,Khokiya,,village,,Champawat,29.29642,80.18097
7909170402,Kholagad,,hamlet,,Champawat,29.47583,79.90715
7909170404,Khunkhet,,village,,Champawat,29.48505,79.90644
7944469908,Khyaur,,hamlet,,Champawat,29.42991,79.89219
7923454036,Kimar,,village,,Champawat,29.44406,79.88715
7909170397,Kimswar,,village,,Champawat,29.46293,79.87975
342103652,Kimtoli,,village,,Champawat,29.39118,80.14939
342103641,Kotla,,village,,Champawat,29.41040,80.16175
7944469905,Kotna,,hamlet,,Champawat,29.43837,79.91717
7872008907,Kumalta,,hamlet,,Champawat,29.22454,79.95380
7872008903,Ladhauli,,hamlet,,Champawat,29.19985,79.95405
7872008904,Ladhaun Dhura,,hamlet,,Champawat,29.20652,79.94771
342102512,Laluwapani,,village,,Champawat,29.32251,80.06562
299449589,Lohaghat,,village,5000,Champawat,29.40163,80.08866
7871789464,Machiyar Badela,,hamlet,,Champawat,29.24323,79.93128
7871865060,Machiyar Bhandar,,hamlet,,Champawat,29.23352,79.93048
6406174113,Maduwa,,hamlet,,Champawat,29.32188,80.27452
2377062459,Majhera,,hamlet,,Champawat,29.26818,80.08849
7911546430,Mandevli,,hamlet,,Champawat,29.44625,79.89314
3092904243,Manji Malli,,hamlet,,Champawat,29.16112,80.18976
342103664,Maunpokhri,,village,,Champawat,29.33075,80.15900
342101681,Mindargaon,,village,,Champawat,29.26895,79.90219
7911546440,Molna,,hamlet,,Champawat,29.43377,79.88755
245767936,Mudiyani,,village,,Champawat,29.31074,80.10007
342102921,Mulakot,,village,,Champawat,29.44473,79.92829
7865553687,Naulani,,hamlet,,Champawat,29.24310,79.99098
6428523083,Patangaon,,hamlet,,Champawat,29.44069,79.94774
342102884,Pati,,village,,Champawat,29.40765,79.94202
7872008902,Pipalkot,,hamlet,,Champawat,29.19658,79.94769
342102859,Pokhri,पोखरी,village,,Champawat,29.37796,79.97779
342103630,Pulla,,village,,Champawat,29.39941,80.18509
342102535,Pungar,,village,,Champawat,29.34036,80.11780
3092904245,Rajura,,hamlet,,Champawat,29.15526,80.18491
342102410,Regaon,,village,,Champawat,29.46808,79.99695
7911546444,Rithakhal,,hamlet,,Champawat,29.45057,79.88281
7923454035,Rithakhal,,hamlet,,Champawat,29.44898,79.88350
342101583,Rithasahib,,village,,Champawat,29.28955,79.88022
342103693,Rāmeshwar,,hamlet,,Champawat,29.52028,80.10414
7871865058,Sal,,hamlet,,Champawat,29.22532,79.94358
14079783825,Salli,,village,759,Champawat,29.27114,80.13332
7871789467,Salna,,hamlet,,Champawat,29.24801,79.95219
7944469899,Salna,,hamlet,,Champawat,29.42786,79.93700
7911546435,Sango,,hamlet,,Champawat,29.42315,79.90962
7923454032,Sango,,village,,Champawat,29.42362,79.91071
342102617,Semunia,,village,,Champawat,29.41864,80.07660
342102784,Senapani,,village,,Champawat,29.05884,79.97498
342102655,Shankhapal,,village,,Champawat,29.41589,80.11780
7944486711,Sibvoli,,hamlet,,Champawat,29.49460,79.94951
342102224,Simalkhet,,village,,Champawat,29.48357,79.97823
7865573315,Sirla,,hamlet,,Champawat,29.20960,79.98333
7871865059,Sirna,,hamlet,,Champawat,29.23545,79.94487
342101824,Solagad,,village,,Champawat,29.15497,80.19058
342102422,Suie,,village,,Champawat,29.41589,80.05738
2377062463,Sukhidhang,,hamlet,,Champawat,29.15891,80.11410
342101723,Swala,,village,,Champawat,29.25522,80.05875
296300688,Tanakpur,टनकपुर,town,5000,Champawat,29.07405,80.10960
7872008905,Tand Malla,,hamlet,,Champawat,29.21413,79.95371
7872008906,Tand Talla,,hamlet,,Champawat,29.21951,79.94855
6402016771,Tarkuli,,village,,Champawat,29.24314,80.27528
342102896,Thuamoni,,village,,Champawat,29.41727,79.97360
342101841,Thuligarh,,village,,Champawat,29.13849,80.17823
7909170395,Toli Katheri,,hamlet,,Champawat,29.47525,79.88792
342101859,Uchauligot,,village,,Champawat,29.11033,80.14124
7871694530,Vanakot,,hamlet,,Champawat,29.17689,79.99561
7865559316,Waila,,hamlet,,Champawat,29.24467,79.96671
342102214,Walik,,village,,Champawat,29.41727,79.84864
7871789461,naula Khola,,hamlet,,Champawat,29.23832,79.92576
8880884453,Adawa,,hamlet,,Dehradun,30.75366,77.76713
7979327564,Agri,,hamlet,,Dehradun,30.50137,77.92437
8757384704,Aithar,,hamlet,,Dehradun,30.86839,77.95406
7961549923,Akail,,hamlet,,Dehradun,30.61774,77.95650
7979553899,Alsi,,hamlet,,Dehradun,30.59502,77.87161
342115803,Ambari,,village,,Dehradun,30.49778,77.81534
8880884466,Amradi,,hamlet,,Dehradun,30.79139,77.88063
342115148,Anu,,village,,Dehradun,30.86210,77.81796
7975602102,Ara,,hamlet,,Dehradun,30.65089,77.81530
7979527484,Asha Rori,,hamlet,,Dehradun,30.50445,77.87074
6434643203,Asol,,hamlet,,Dehradun,30.75064,77.71283
7962858151,Astar,,hamlet,,Dehradun,30.69280,77.83646
7979282266,Astika,,hamlet,,Dehradun,30.60201,77.97970
2377530038,Asārori,,hamlet,,Dehradun,30.24528,77.97556
7979986557,Atlau,,hamlet,,Dehradun,30.58164,77.77021
342115184,Attal,,village,,Dehradun,30.83176,77.76673
8880884506,Audla,,hamlet,,Dehradun,30.81814,77.79546
7950642303,Auli,,village,,Dehradun,30.72559,77.88925
2379693635,Aunlīwāla,,hamlet,,Dehradun,30.34798,77.82753
7979453009,Badanu,,village,,Dehradun,30.58735,77.89845
7979282251,Badau,,hamlet,,Dehradun,30.60117,77.96066
7979327576,Badet,,hamlet,,Dehradun,30.54853,77.92755
8880775747,Badiar Khera,,hamlet,,Dehradun,30.86874,77.85717
7979452993,Bagana,,hamlet,,Dehradun,30.54702,77.88518
8628281824,Bagi,,hamlet,,Dehradun,30.95430,77.80204
8880775797,Bagi,,hamlet,,Dehradun,30.93224,77.87100
8880775758,Bagiakhera,,hamlet,,Dehradun,30.89471,77.81229
8880884455,Bagni,,hamlet,,Dehradun,30.78887,77.76169
2379693636,Bahādarpur,,hamlet,,Dehradun,30.36758,77.87451
8026966275,Baila,,hamlet,,Dehradun,30.75908,77.72651
7962865434,Bailag,,hamlet,,Dehradun,30.66408,77.87462
7979552163,Baira,,hamlet,,Dehradun,30.55250,77.84163
7937435975,Bairontha,,hamlet,,Dehradun,30.72166,77.98644
8880884439,Bajabajchhani,,hamlet,,Dehradun,30.77371,77.86542
8880775789,Bajan,,hamlet,,Dehradun,30.91376,77.92099
7961549921,Bajau,,village,,Dehradun,30.62105,77.93817
7950642291,Bajri Khan,,hamlet,,Dehradun,30.72837,77.86650
342116053,Bakarna,,village,,Dehradun,30.43076,77.99195
7979552165,Bakaun,,hamlet,,Dehradun,30.56104,77.84843
2379693637,Bakhtāwarpur,,hamlet,,Dehradun,30.39511,77.90467
7979453001,Balnu,,hamlet,,Dehradun,30.55824,77.90179
7962984299,Balyano,,hamlet,,Dehradun,30.71697,77.76074
7975588763,Bambar,,hamlet,,Dehradun,30.61165,77.81995
7887076763,Bamet,,hamlet,,Dehradun,30.23338,78.25184
8880894020,Bana,,village,,Dehradun,30.85031,77.84279
7847594716,Banda,,hamlet,,Dehradun,30.72530,78.01633
7961559424,Banda Khera,,hamlet,,Dehradun,30.61662,77.98930
9830507111,Bandred,,hamlet,,Dehradun,30.76570,78.04921
7962835252,Bangar,,hamlet,,Dehradun,30.71978,77.83944
7937435979,Bangeu,,hamlet,,Dehradun,30.71622,77.98971
8880775742,Banil Khera,,hamlet,,Dehradun,30.87714,77.87424
2379693638,Baniyāwāla,,hamlet,,Dehradun,30.30019,77.93638
7979553887,Bansan,,hamlet,,Dehradun,30.52024,77.87472
7979552168,Bansari,,hamlet,,Dehradun,30.57144,77.84532
7979327570,Bansu,,hamlet,,Dehradun,30.53571,77.94838
2379693639,Bansīwāla,,hamlet,,Dehradun,30.34574,77.89688
7959254167,Bantal,,hamlet,,Dehradun,30.63876,77.88667
7959254168,Bantog,,hamlet,,Dehradun,30.64407,77.89109
7950642312,Banyana,,village,,Dehradun,30.74311,77.93375
7979327571,Baral,,hamlet,,Dehradun,30.54098,77.95352
7847586579,Barana,,hamlet,,Dehradun,30.68954,78.01267
7961547700,Barar,,hamlet,,Dehradun,30.60309,77.88865
342113535,Barasi,,village,,Dehradun,30.25223,78.15262
342116138,Baratkhai,,village,,Dehradun,30.58182,77.94113
7962835251,Bardyar,,hamlet,,Dehradun,30.71686,77.84150
7847586581,Baripura,,hamlet,,Dehradun,30.68633,78.02879
342114816,Barrage,,village,,Dehradun,30.07207,78.28385
7979527479,Barun,,hamlet,,Dehradun,30.51173,77.88161
342115810,Barwala,,village,,Dehradun,30.50640,77.83628
7979327581,Basah,,hamlet,,Dehradun,30.58558,77.91356
7979282261,Basoi,,hamlet,,Dehradun,30.57584,77.99150
8880775780,Bastil,,hamlet,,Dehradun,30.91930,77.85594
7959254170,Basul,,hamlet,,Dehradun,30.64434,77.87699
7963029465,Batna,,hamlet,,Dehradun,30.70388,77.77233
7962973335,Baug,,hamlet,,Dehradun,30.70782,77.76022
7963029458,Baulika,,hamlet,,Dehradun,30.69898,77.76546
2377440458,Baundh,,hamlet,,Dehradun,30.48333,77.96639
7959254182,Baurar,,village,,Dehradun,30.69760,77.88637
8628587205,Baurarkhera,,hamlet,,Dehradun,30.94694,77.86211
7979527472,Bayala,,hamlet,,Dehradun,30.51632,77.90358
7979452999,Bhadraj,,hamlet,,Dehradun,30.55892,77.87957
7975504320,Bhadrans,,hamlet,,Dehradun,30.68682,77.78377
8880884486,Bhagmu Khera,,hamlet,,Dehradun,30.85845,77.89970
8628587200,Bhagoti,,hamlet,,Dehradun,30.95662,77.83772
2379693641,Bhagwānpur,,hamlet,,Dehradun,30.39228,77.90985
7961549913,Bhaimu,,village,,Dehradun,30.64820,77.95671
7979552170,Bhainjra,,village,,Dehradun,30.59926,77.83813
7979527473,Bhaler,,village,,Dehradun,30.51272,77.89566
7979553893,Bhandrota,,hamlet,,Dehradun,30.53783,77.87630
342113437,Bhaniyawala,,village,,Dehradun,30.18638,78.14850
342116065,Bharatpur,भरतपुर,village,,Dehradun,30.43762,77.97547
7937435978,Bharkoti,,hamlet,,Dehradun,30.72169,77.99172
7846284051,Bhatar,,hamlet,,Dehradun,30.74304,78.04304
8757384702,Bhatar,,hamlet,,Dehradun,30.87517,77.93823
8880884485,Bhatar Khera,,hamlet,,Dehradun,30.85619,77.91020
8628281828,Bhatgarhi,,hamlet,,Dehradun,30.97068,77.82437
7950642289,Bhatta,,hamlet,,Dehradun,30.71822,77.85881
7979553894,Bhaundi,,hamlet,,Dehradun,30.53397,77.86839
7963029461,Bhauriya,,hamlet,,Dehradun,30.69449,77.76520
342115729,Bhaūwāla,,hamlet,,Dehradun,30.39786,77.91676
7959254163,Bhemral,,hamlet,,Dehradun,30.62903,77.91126
7908440741,Bhog,,hamlet,,Dehradun,30.71422,77.74808
342114438,Bhogpur,let's ryde,village,,Dehradun,30.20966,78.23227
7979453003,Bhora,,hamlet,,Dehradun,30.56658,77.90658
342116017,Bhuddi,,hamlet,,Dehradun,30.29995,77.93041
7979553898,Bhuktari,,hamlet,,Dehradun,30.58063,77.88084
8757384703,Bhunar,,hamlet,,Dehradun,30.87375,77.94532
8628281827,Bhunyaoli,,hamlet,,Dehradun,30.97327,77.82281
2379693642,Bhurgaon,,hamlet,,Dehradun,30.32671,77.99298
8880775734,Bhut,,hamlet,,Dehradun,30.87130,77.91612
2379693643,Bhūrpur,,hamlet,,Dehradun,30.32316,77.88703
3283881763,Bidholi,,village,,Dehradun,30.39043,77.96750
7979327568,Bihar,,hamlet,,Dehradun,30.52478,77.93055
7942018956,Bijar,,hamlet,,Dehradun,30.69637,77.96101
7979452990,Bijau,,hamlet,,Dehradun,30.55635,77.86700
7942018958,Bijwan,,hamlet,,Dehradun,30.70657,77.96308
7959254166,Binau,,hamlet,,Dehradun,30.63962,77.89245
7846284048,Binawa,,hamlet,,Dehradun,30.74617,78.06163
7979282244,Bingad,,hamlet,,Dehradun,30.54120,77.96487
8880884457,Binson Khera,,hamlet,,Dehradun,30.78543,77.80692
7937435968,Binugad,,hamlet,,Dehradun,30.71076,77.96718
8880775804,Biolar,,hamlet,,Dehradun,30.96436,77.92974
7962829949,Birgun,,hamlet,,Dehradun,30.65279,77.83650
8880775779,Birnar,,hamlet,,Dehradun,30.92171,77.85287
5602692782,Birpau,,village,300,Dehradun,30.72537,77.97695
342115757,Birsani,,village,,Dehradun,30.43762,77.93289
7959254162,Birsi,,hamlet,,Dehradun,30.63171,77.90385
7942064997,Bisau,,hamlet,,Dehradun,30.65885,77.98422
8757366806,Bogano,,hamlet,,Dehradun,30.89936,77.92864
8880884456,Bogeya,,hamlet,,Dehradun,30.78089,77.76168
7975602089,Boha,,hamlet,,Dehradun,30.65263,77.83384
7961547690,Bora,,hamlet,,Dehradun,30.61326,77.89339
7937435967,Budhanh,,hamlet,,Dehradun,30.71873,77.97629
7961559425,Budhare,,hamlet,,Dehradun,30.62150,77.97242
7962984303,Bulaila,,hamlet,,Dehradun,30.72784,77.78597
6434643372,Bulari,,hamlet,,Dehradun,30.77719,77.75047
7979971392,Bulgaon,,hamlet,,Dehradun,30.57428,77.82316
342113457,Bullawala,,village,,Dehradun,30.15624,78.08361
7847603731,Bumar,,hamlet,,Dehradun,30.74576,78.04883
342115208,Bundrola,,village,,Dehradun,30.82626,77.82303
7942018952,Bunga,,hamlet,,Dehradun,30.70210,77.97986
7961569063,Bungoti,,hamlet,,Dehradun,30.68483,77.94047
7847603726,Burasti,,hamlet,,Dehradun,30.70189,78.01196
7961569070,Burasuwa,,hamlet,,Dehradun,30.68522,77.91804
7979553891,Byasi,,hamlet,,Dehradun,30.53649,77.89582
2379693644,Carbery Grant,,hamlet,,Dehradun,30.29125,77.93404
2379693645,Carbery Grant,,hamlet,,Dehradun,30.29584,77.91409
12989280816,Central Hope Town,सेंट्रल हॉप टाउन,town,16880,Dehradun,30.35122,77.86503
8880884512,Chaila Khera,,hamlet,,Dehradun,30.82749,77.79514
7961559422,Chaitar,,hamlet,,Dehradun,30.60635,77.98527
8880884514,Chajoi,,hamlet,,Dehradun,30.83851,77.80475
13728016471,Chak Jogiwala,,village,,Dehradun,30.08058,78.19131
299544269,Chakrata,चकराता,town,1000,Dehradun,30.70132,77.87034
7975602098,Chandau,,village,,Dehradun,30.62883,77.82234
342116096,Chandi,,village,,Dehradun,30.70541,77.92877
13764850920,Chandmari,,village,,Dehradun,30.36862,78.02151
2379693646,Chandrabani,,hamlet,,Dehradun,30.28503,77.97869
7979452987,Chapnu,,hamlet,,Dehradun,30.56906,77.85733
8628827545,Chatra,,village,,Dehradun,30.96877,77.93535
7865297080,Chauban,,hamlet,,Dehradun,30.25744,78.28589
8757366815,Chaunri,,hamlet,,Dehradun,30.92158,77.77313
8880775786,Chausal,,hamlet,,Dehradun,30.91283,77.86904
5602737241,Chema Chani,,village,550,Dehradun,30.72859,77.96028
8880775749,Chhadar,,hamlet,,Dehradun,30.86817,77.84560
8757384701,Chhajar,,hamlet,,Dehradun,30.86727,77.93341
7962968239,Chhambaua,,hamlet,,Dehradun,30.73260,77.75503
7979282254,Chhicharar,,hamlet,,Dehradun,30.58179,77.95883
7887160930,Chhichhami,,hamlet,,Dehradun,30.23356,78.29016
7979971397,Chhivrau,,hamlet,,Dehradun,30.55604,77.79309
342115446,Chhorba,,village,,Dehradun,30.41977,77.82578
7959254175,Chhotau,,hamlet,,Dehradun,30.65730,77.90774
7962984301,Chhoti Dhar,,hamlet,,Dehradun,30.71184,77.76881
7846330542,Chhulthar,,hamlet,,Dehradun,30.73792,78.03584
8628587202,Chhumaru,,hamlet,,Dehradun,30.94845,77.83408
7846284052,Chhuthar,,hamlet,,Dehradun,30.74088,78.03019
7846330546,Chiamana,,hamlet,,Dehradun,30.72821,78.02912
7962829947,Chibhau,,hamlet,,Dehradun,30.63655,77.83541
2364529440,Chila,,hamlet,,Dehradun,30.56210,77.99252
8628827521,Chilar,,village,,Dehradun,30.85890,77.83228
7937435977,Chunaut,,hamlet,,Dehradun,30.71513,77.98388
7979327569,Chunchau,,hamlet,,Dehradun,30.52763,77.94937
7847594715,Chyama,,hamlet,,Dehradun,30.72736,78.03464
7962858148,Chyaya,,hamlet,,Dehradun,30.66689,77.84294
2379693648,Clement Town,,hamlet,22557,Dehradun,30.26133,78.01201
7961559418,Dabara,,hamlet,,Dehradun,30.60310,77.96304
7942018953,Dabia,,hamlet,,Dehradun,30.69517,77.98285
7975602105,Dabra,,village,,Dehradun,30.66095,77.81479
7979327567,Dadi,,hamlet,,Dehradun,30.52691,77.92182
7975602090,Daduwa,,hamlet,,Dehradun,30.65766,77.79889
7962921223,Dadwa,,hamlet,,Dehradun,30.72496,77.81342
7961549919,Dagura,,hamlet,,Dehradun,30.62746,77.95398
7975504319,Dahila,,hamlet,,Dehradun,30.68047,77.78562
8880884489,Dai Khera,,hamlet,,Dehradun,30.86070,77.88961
7950642290,Dakhra,,hamlet,,Dehradun,30.71214,77.86137
7962858149,Dakiarna,,hamlet,,Dehradun,30.68188,77.84127
2430660896,Dakpathar,डाकपत्थर,town,,Dehradun,30.49488,77.79293
7975602101,Dalau,,hamlet,,Dehradun,30.64149,77.81123
7961547699,Damata,,hamlet,,Dehradun,30.60647,77.90352
7979986561,Damogh,,hamlet,,Dehradun,30.56642,77.78256
7962945956,Danda,,hamlet,,Dehradun,30.67852,77.81560
7979282245,Danda,,hamlet,,Dehradun,30.53949,77.97493
7979971389,Danda,,hamlet,,Dehradun,30.58264,77.79936
7962984300,Dandor,,hamlet,,Dehradun,30.71352,77.76280
8757384705,Dangotha,,hamlet,,Dehradun,30.86160,77.95557
342115172,Daragad,,village,,Dehradun,30.87021,77.84363
7979453010,Datanu,,hamlet,,Dehradun,30.59115,77.89291
7846284050,Datrautha,,hamlet,,Dehradun,30.74749,78.05367
7979987898,Dau,,hamlet,,Dehradun,30.59023,77.76464
7963029463,Daudha,,hamlet,,Dehradun,30.69862,77.78123
7961569069,Dauna,,hamlet,,Dehradun,30.69402,77.91903
7961559423,Daunkh,,hamlet,,Dehradun,30.62382,77.99246
8628587208,Daura,,hamlet,,Dehradun,30.93444,77.85340
342116072,Dava Pul,,village,,Dehradun,30.73288,77.89307
2379693649,Davīpur,,hamlet,,Dehradun,30.33086,77.89463
299531301,Dehradun,देहरादून,city,447808,Dehradun,30.32556,78.04368
7979971387,Deo,,village,,Dehradun,30.59003,77.83144
7942064995,Dereu,,hamlet,,Dehradun,30.65362,77.98990
7979971390,Desau,,hamlet,,Dehradun,30.58314,77.81833
8757371550,Devbankhera,,hamlet,,Dehradun,30.86073,77.96435
7979527481,Devithala,,village,,Dehradun,30.51375,77.87843
8880775740,Dewal Khera,,hamlet,,Dehradun,30.87073,77.88896
7979452986,Dhadau,,hamlet,,Dehradun,30.57349,77.85961
7979552162,Dhaira,,hamlet,,Dehradun,30.55402,77.83399
1458505588,Dhakrani,,village,,Dehradun,30.44810,77.71481
1458505590,Dhalipur,,village,,Dehradun,30.43962,77.68468
8880775790,Dhamichchak,,hamlet,,Dehradun,30.91900,77.90483
342116083,Dhanadhar,,village,,Dehradun,30.71091,77.86094
8757376029,Dhanar Kera,,hamlet,,Dehradun,30.88065,77.94813
8757366813,Dhanras,,hamlet,,Dehradun,30.92627,77.91579
7962865431,Dhara,,hamlet,,Dehradun,30.61764,77.83779
342115770,Dharara,,village,,Dehradun,30.46509,77.92877
7975504317,Dhariya,,hamlet,,Dehradun,30.67575,77.77756
7847603733,Dhaura,,hamlet,,Dehradun,30.73452,78.06522
8628827544,Dhersa,,hamlet,,Dehradun,30.94023,77.78914
7962865433,Dhirog,,hamlet,,Dehradun,30.61886,77.84075
342116181,Dhiroi,,village,,Dehradun,30.54675,77.95841
7846285855,Dhudharawaka,,hamlet,,Dehradun,30.73613,78.01567
7963029459,Dibba,,hamlet,,Dehradun,30.69333,77.76679
8880884502,Diktu Khera,,hamlet,,Dehradun,30.81642,77.81574
7979987899,Dimau,,hamlet,,Dehradun,30.58739,77.77986
8880884513,Dimich,,hamlet,,Dehradun,30.83082,77.80822
8757366807,Dirnar,,hamlet,,Dehradun,30.89639,77.93218
7962880617,Disau,,hamlet,,Dehradun,30.70731,77.79316
7962829948,Dogda,,hamlet,,Dehradun,30.63736,77.84805
8628281829,Dogri,,hamlet,,Dehradun,30.98792,77.83518
7942064988,Doha,,hamlet,,Dehradun,30.63462,77.97314
342113447,Doiwāla,,village,,Dehradun,30.17636,78.12464
7908440746,Dokkar Ka Bas,,hamlet,,Dehradun,30.74372,77.74512
342116157,Dudilani,,village,,Dehradun,30.55247,77.94538
7979282260,Duma,,hamlet,,Dehradun,30.57748,77.98099
7975602093,Dungeli,,hamlet,,Dehradun,30.62905,77.79773
7979527477,Dungeli,,hamlet,,Dehradun,30.50554,77.89674
8628827523,Dunglikhera,,hamlet,,Dehradun,30.85684,77.81340
6434644893,Dungri,,hamlet,,Dehradun,30.83169,77.85831
7962945954,Dunwa,,hamlet,,Dehradun,30.68145,77.80097
2377440460,Dānda,,hamlet,,Dehradun,30.47472,77.97583
2379693650,Dāndīpur,,hamlet,,Dehradun,30.35090,77.82077
342116047,Dūdhli,,hamlet,,Dehradun,30.46147,77.97952
7962946381,Gabela,,hamlet,,Dehradun,30.70229,77.78582
7847576217,Gadar,,hamlet,,Dehradun,30.69204,78.04790
7979282255,Gadhauli,,hamlet,,Dehradun,30.58511,77.96100
7963029454,Gamri,,hamlet,,Dehradun,30.68856,77.77844
7961559419,Gangarau,,hamlet,,Dehradun,30.60619,77.98141
7937435970,Gangas,,hamlet,,Dehradun,30.71491,77.95945
7887160929,Garbari,,hamlet,,Dehradun,30.23664,78.28570
7979327582,Gareta,,hamlet,,Dehradun,30.58781,77.91547
8757366811,Garuch,,hamlet,,Dehradun,30.92173,77.92033
7979327566,Gaski,,hamlet,,Dehradun,30.53421,77.91749
7846330544,Gata,,hamlet,,Dehradun,30.73366,78.03009
7942018959,Gauriaugl,,hamlet,,Dehradun,30.70694,77.96763
5602744080,Gehri,,village,250,Dehradun,30.72866,77.96768
7942064994,Ghanata,,hamlet,,Dehradun,30.64692,77.98448
7961549916,Ghighaun,,hamlet,,Dehradun,30.63806,77.94431
7961569066,Ghusar,,hamlet,,Dehradun,30.70190,77.95668
7979282265,Gion,,hamlet,,Dehradun,30.59777,77.97515
2379693651,Gorakhpyr,,hamlet,,Dehradun,30.31498,77.96233
8880884460,Gorcha,,hamlet,,Dehradun,30.80005,77.78466
7846330548,Gothar,,hamlet,,Dehradun,30.72950,78.04365
2379693652,Gulābsinghwāla,,hamlet,,Dehradun,30.28806,77.96972
7846330550,Guthar,,hamlet,,Dehradun,30.72888,78.05810
1538852324,Haathi Paon,,hamlet,,Dehradun,30.45956,78.03547
7961547703,Haiya,,hamlet,,Dehradun,30.60540,77.87681
7961549912,Haiyo,,hamlet,,Dehradun,30.65375,77.93555
7962880618,Haja,,hamlet,,Dehradun,30.70974,77.80732
7979553895,Hamrau,,hamlet,,Dehradun,30.57952,77.90933
2383591950,Hanol,,village,,Dehradun,30.97078,77.92774
8628827546,Hanolkiari,,village,,Dehradun,30.97152,77.94432
2379693653,Harbanswāla,,hamlet,,Dehradun,30.31137,77.99150
2379693654,Harbhajwāla,,hamlet,,Dehradun,30.29402,77.96414
342115819,Haripur,,village,,Dehradun,30.52139,77.83539
2379693655,Haripur,,hamlet,,Dehradun,30.36322,77.85585
7979527483,Haronwala,,village,,Dehradun,30.50861,77.85487
8628212708,Hartar,,hamlet,,Dehradun,30.86463,77.93213
8880884499,Hartar,,hamlet,,Dehradun,30.79649,77.81056
2379693656,Hasanpur,,hamlet,,Dehradun,30.34358,77.84138
7979527469,Hathairi,,village,,Dehradun,30.52135,77.88879
299531321,Herbertpur,,village,9782,Dehradun,30.43919,77.73571
8880884515,Hirsu Khera,,hamlet,,Dehradun,30.84562,77.80398
342115783,Horawala,,village,,Dehradun,30.43213,77.90268
7959265488,Hura,,hamlet,,Dehradun,30.69250,77.85756
7961547685,Ichhla,,hamlet,,Dehradun,30.62179,77.91118
8880884427,Indrauli,,hamlet,,Dehradun,30.75107,77.89313
7886990216,Itharna,,hamlet,,Dehradun,30.24374,78.27134
342115109,JN3,,village,,Dehradun,30.90360,77.84184
1538822739,Jabarkhet,,village,,Dehradun,30.45409,78.11089
8880775751,Jadar,,hamlet,,Dehradun,30.87620,77.83921
7846285856,Jagmana,,hamlet,,Dehradun,30.73434,78.01110
7962968243,Jagthan,,hamlet,,Dehradun,30.73044,77.76325
7961559416,Jaindau,,hamlet,,Dehradun,30.61073,77.96409
7846330545,Jakhali,,hamlet,,Dehradun,30.72451,78.03250
8880775794,Jakta,,hamlet,,Dehradun,30.92830,77.90285
7937435969,Jaliyara,,hamlet,,Dehradun,30.71232,77.96077
7975602106,Jamuwa,,village,,Dehradun,30.66272,77.80745
7937435984,Janda,,hamlet,,Dehradun,30.74164,77.99428
7979971388,Jaranagaon,,village,,Dehradun,30.58534,77.81236
7961547696,Jaslah,,hamlet,,Dehradun,30.61611,77.91725
7847586578,Jasta,,hamlet,,Dehradun,30.68593,78.00402
7937435980,Jawagi,,hamlet,,Dehradun,30.71171,77.99611
8880884465,Jhabrar,,hamlet,,Dehradun,30.79233,77.88296
342116102,Jhakhadhar,,village,,Dehradun,30.69992,77.93289
7979453006,Jhalwala,,hamlet,,Dehradun,30.59971,77.87087
7961547694,Jhosea,,hamlet,,Dehradun,30.61782,77.91089
7942064989,Jhusau,,hamlet,,Dehradun,30.63689,77.97355
2379693657,Jhājra,,hamlet,,Dehradun,30.34447,77.91430
2379693658,Jhīnwarheri,,hamlet,,Dehradun,30.30147,77.94625
7975588764,Jisheu,,village,,Dehradun,30.61481,77.82535
7979552166,Jitiyaya,,hamlet,,Dehradun,30.56751,77.83758
342115797,Jiwangarh,,village,,Dehradun,30.49100,77.80669
7950642310,Jogio,,village,,Dehradun,30.70981,77.94911
7846330551,Joikundi,,hamlet,,Dehradun,30.72692,78.07173
7979453008,Joshi,,village,,Dehradun,30.58548,77.88680
7846330549,Jundrawa,,hamlet,,Dehradun,30.72933,78.04855
2379693659,Jāmanwāla Tarla,,village,,Dehradun,30.36229,77.99623
8880884448,Kachanu,,hamlet,,Dehradun,30.78050,77.86024
7847603734,Kaddikhara,,hamlet,,Dehradun,30.73689,78.05959
7959265487,Kailana,,hamlet,,Dehradun,30.68858,77.86196
7876329587,Kairwangaon,,hamlet,,Dehradun,30.40556,78.10233
7961549914,Kaitari,,hamlet,,Dehradun,30.64652,77.94319
7961569073,Kaiti,,hamlet,,Dehradun,30.67343,77.94039
7979282246,Kajnota,,hamlet,,Dehradun,30.54349,77.96971
7963029456,Kajog,,hamlet,,Dehradun,30.69793,77.79016
7961547706,Kakari,,hamlet,,Dehradun,30.60735,77.85691
7979553886,Kala Pathar,,village,,Dehradun,30.51121,77.86461
342115989,Kalanga,,village,,Dehradun,30.33768,78.08775
7962923218,Kaletha,,hamlet,,Dehradun,30.68491,77.81985
2379693660,Kalhūpāni,,hamlet,,Dehradun,30.35217,77.96593
8757366809,Kalich,,hamlet,,Dehradun,30.90265,77.92633
342113512,Kalimati,,village,,Dehradun,30.25909,78.16498
342115425,Kaliānpur,,hamlet,,Dehradun,30.35690,77.81538
8628622418,Kallathar,,hamlet,,Dehradun,30.76054,77.96528
342115828,Kalsi,,village,,Dehradun,30.51823,77.84374
7092817879,Kalsi,,village,,Dehradun,30.53735,77.84560
8757376030,Kalti,,hamlet,,Dehradun,30.89292,77.93074
7847586580,Kamaruka,,hamlet,,Dehradun,30.69222,78.01910
7979327579,Kamla,,hamlet,,Dehradun,30.55692,77.93094
7979552169,Kamua Gad,,hamlet,,Dehradun,30.58179,77.86167
7847594714,Kamuri,,hamlet,,Dehradun,30.72627,78.01271
7959254178,Kanawa,,hamlet,,Dehradun,30.67010,77.91852
7961547705,Kanbhuwa,,hamlet,,Dehradun,30.60462,77.86534
245770710,Kanda,,hamlet,,Dehradun,30.89767,77.84519
8880884426,Kandari,,hamlet,,Dehradun,30.75445,77.89298
7979527474,Kandi,,hamlet,,Dehradun,30.51232,77.90570
7979971395,Kandi,,hamlet,,Dehradun,30.57290,77.79479
5602682339,Kandi Dhar,,hamlet,105,Dehradun,30.72220,77.96798
342115338,Kandi(001),,village,,Dehradun,30.72773,78.02338
2377440463,Kandogal,,hamlet,,Dehradun,30.23333,78.21667
6434643699,Kandoi,,hamlet,,Dehradun,30.80856,77.76249
7979282262,Kandoi,,hamlet,,Dehradun,30.58285,77.99092
7846285854,Kandol,,hamlet,,Dehradun,30.73798,78.02475
7847595586,Kandoll,,hamlet,,Dehradun,30.68015,78.06315
7847603714,Kanknoj,,hamlet,,Dehradun,30.64079,78.00558
8757366810,Kanun,,hamlet,,Dehradun,30.90754,77.93718
7908440719,Kaptwa,,hamlet,,Dehradun,30.74099,77.72929
2379693661,Karwāpāni,,hamlet,,Dehradun,30.28834,77.91596
2377440465,Karāsu,,hamlet,,Dehradun,30.46659,77.99225
8628281825,Kaslauta,,hamlet,,Dehradun,30.96606,77.82168
7961559421,Kastinga,,hamlet,,Dehradun,30.60312,77.99111
342115636,Katang,,hamlet,,Dehradun,30.98853,77.83627
7847595587,Katiyabera,,hamlet,,Dehradun,30.69247,78.06874
8628622417,Kaukhrakhera,,hamlet,,Dehradun,30.77010,77.96705
7963029460,Kaul,,hamlet,,Dehradun,30.69146,77.76510
8757375842,Kauna Chhani,,hamlet,,Dehradun,30.86028,77.92541
8880884507,Kawa Khera,,hamlet,,Dehradun,30.81486,77.76445
7979553890,Kawagi,,hamlet,,Dehradun,30.53859,77.90492
7959265485,Kawarna,,hamlet,,Dehradun,30.68035,77.85545
2379693662,Kehrīgaon,,hamlet,,Dehradun,30.33950,77.95461
2379693663,Keshowāla,,hamlet,,Dehradun,30.31207,77.91764
7979535579,Khadar,,village,,Dehradun,30.53489,77.82974
7979327572,Khadi,,hamlet,,Dehradun,30.54620,77.95521
2379693664,Khairi,,hamlet,,Dehradun,30.37805,77.87391
13971542742,Khalagon,,village,,Dehradun,30.40480,78.08929
7979452995,Khalla,,hamlet,,Dehradun,30.55212,77.89635
7975602099,Khambroli,,village,,Dehradun,30.64035,77.83127
7959254181,Khanar,,hamlet,,Dehradun,30.69943,77.90294
7950642298,Khanari,,hamlet,,Dehradun,30.71882,77.90970
7979452991,Khani,,hamlet,,Dehradun,30.54933,77.87430
7942018955,Khar Kota,,hamlet,,Dehradun,30.69185,77.95934
7962865432,Kharay,,hamlet,,Dehradun,30.61487,77.83440
7847603716,Khari,,hamlet,,Dehradun,30.65832,78.01484
8880884468,Kharora,,hamlet,,Dehradun,30.79718,77.86601
8628622420,Kharsi,,hamlet,,Dehradun,30.75308,77.96894
7959254176,Kharson,,hamlet,,Dehradun,30.66568,77.90311
7979452997,Khatari,,hamlet,,Dehradun,30.56836,77.87923
7961547691,Khatasa,,hamlet,,Dehradun,30.61647,77.89555
7979282267,Khati,,hamlet,,Dehradun,30.60037,77.98548
5954967796,Khatwa,,village,,Dehradun,30.76984,77.94039
7887160928,Khemat,,hamlet,,Dehradun,30.22978,78.27845
7962945955,Khera,,hamlet,,Dehradun,30.67799,77.82043
7930349043,Kherwa,,hamlet,,Dehradun,30.59496,77.74542
7876326170,Khetwala,,hamlet,,Dehradun,30.43548,78.09730
7962835250,Khirar,,hamlet,,Dehradun,30.71101,77.84473
7975602097,Khoi,,hamlet,,Dehradun,30.63018,77.81760
7942064986,Khokhta,,hamlet,,Dehradun,30.62779,77.96122
7950642299,Khoya,,hamlet,,Dehradun,30.71046,77.88045
7854751833,Khudung,,hamlet,,Dehradun,30.58175,77.99859
7979282247,Khulet,,hamlet,,Dehradun,30.54537,77.97115
7942018951,Khumto Gad,,hamlet,,Dehradun,30.67287,77.99469
7979957582,Khuri,,hamlet,,Dehradun,30.58283,77.79138
7979527478,Kiari,,hamlet,,Dehradun,30.50082,77.89779
503411032,Kincraig,,village,,Dehradun,30.45189,78.07901
7975602094,Kishau,,hamlet,,Dehradun,30.63067,77.80589
8880884482,Kistul,,hamlet,,Dehradun,30.84264,77.89752
7962921222,Kitrali,,hamlet,,Dehradun,30.72182,77.82103
7962923223,Kitta Ka That,,hamlet,,Dehradun,30.69829,77.82625
8880884487,Kode Khera,,hamlet,,Dehradun,30.85240,77.90348
7942064998,Kolha,,hamlet,,Dehradun,30.65720,77.97100
2379693665,Kolhūpāni,,hamlet,,Dehradun,30.34501,77.95443
7876301692,Kolukhet,,hamlet,,Dehradun,30.41619,78.07951
8880884464,Konain,,hamlet,,Dehradun,30.79398,77.88748
7962923221,Kophir,,hamlet,,Dehradun,30.69324,77.82453
7979553897,Kophti,,hamlet,,Dehradun,30.57444,77.88352
342116107,Korba,कोरबा,village,,Dehradun,30.66147,77.85462
7961559420,Kosheo,,hamlet,,Dehradun,30.60211,77.98542
7847603724,Kota,,hamlet,,Dehradun,30.67040,78.03885
7950642311,Kota,,hamlet,,Dehradun,30.71708,77.95235
342115744,Kotdra,,village,,Dehradun,30.43762,77.92465
7961547709,Kotha,,hamlet,,Dehradun,30.62655,77.84926
7962945957,Kothi,,hamlet,,Dehradun,30.68158,77.82863
342113479,Koti,,village,,Dehradun,30.24674,78.20755
342115751,Koti,,village,,Dehradun,30.45185,77.94083
7976778752,Koti,,village,,Dehradun,30.60652,77.78198
7979986558,Koti,,hamlet,,Dehradun,30.57900,77.77773
8880775782,Koti,,hamlet,,Dehradun,30.92171,77.87065
342115568,Koti Kanasar,,village,648,Dehradun,30.78940,77.83302
2379693666,Kotra,,hamlet,,Dehradun,30.34962,77.97197
4493402146,Kotuwa,,hamlet,,Dehradun,30.66632,77.98359
7962923219,Kotyara,,hamlet,,Dehradun,30.68638,77.81603
7979379586,Kua,,village,,Dehradun,30.60379,77.92414
7979552161,Kubrana,,hamlet,,Dehradun,30.53972,77.85865
8628587216,Kudogkherachak,,hamlet,,Dehradun,30.78075,77.97657
7979452998,Kuhita,,hamlet,,Dehradun,30.56047,77.88764
8880775792,Kukaitai,,hamlet,,Dehradun,30.92194,77.91491
7962899255,Kular,,hamlet,,Dehradun,30.72891,77.79254
8628827543,Kullah,,hamlet,,Dehradun,30.94608,77.80070
7962984298,Kumharli,,hamlet,,Dehradun,30.71876,77.76431
7962968242,Kumthal,,hamlet,,Dehradun,30.72712,77.75694
7961549922,Kuna,,village,,Dehradun,30.62201,77.94403
8880775783,Kuna,,hamlet,,Dehradun,30.92287,77.86499
7959254177,Kunau,,hamlet,,Dehradun,30.66472,77.92020
7847586582,Kunna,,hamlet,,Dehradun,30.68850,78.03632
7961547704,Kunora,,hamlet,,Dehradun,30.60966,77.86580
8880884461,Kunuwa,,hamlet,,Dehradun,30.80429,77.78597
7950642300,Kuphna,,hamlet,,Dehradun,30.71350,77.89174
7950642297,Kurari,,hamlet,,Dehradun,30.72103,77.90455
7961547689,Kuroli,,hamlet,,Dehradun,30.61690,77.88929
7937435976,Kushaunta,,hamlet,,Dehradun,30.71724,77.98541
8880884472,Kutar,,hamlet,,Dehradun,30.80448,77.87510
7979282259,Kuwasa,,hamlet,,Dehradun,30.58181,77.98246
7963029453,Kwama,,hamlet,,Dehradun,30.68886,77.78830
342115495,Kwanu,,village,,Dehradun,30.68576,77.75206
7975602096,Kyara,,hamlet,,Dehradun,30.62602,77.81919
7937435973,Kyari,,hamlet,,Dehradun,30.73359,77.98448
7979282264,Kyari,,hamlet,,Dehradun,30.59084,77.98950
7963038785,Kyarkatika,,hamlet,,Dehradun,30.69933,77.76274
7959254165,Kyawa,,hamlet,,Dehradun,30.63695,77.90667
7979282253,Lachha,,hamlet,,Dehradun,30.57974,77.96647
2379693667,Lachhmīpur,,hamlet,,Dehradun,30.33266,77.92695
2377440466,Lachiwala,,hamlet,,Dehradun,30.19257,78.12496
342115367,Lakhamandal,,village,,Dehradun,30.73252,78.06819
299544264,Lakhwar,,village,,Dehradun,30.52707,77.92693
7979282241,Lakhwar,,village,,Dehradun,30.53523,77.96152
8757371553,Lakni Lani,,hamlet,,Dehradun,30.88447,77.94341
7979282248,Laksyari,,hamlet,,Dehradun,30.54825,77.96628
342115839,Lakwar,,village,,Dehradun,30.54245,77.95320
2379693668,Lamanīpur,,hamlet,,Dehradun,30.35614,77.84468
7847594713,Langana,,hamlet,,Dehradun,30.72576,78.00076
7846284049,Lawri,,hamlet,,Dehradun,30.74998,78.06114
7979957584,Lelta,,village,,Dehradun,30.59242,77.80271
7962899259,Leora,,village,,Dehradun,30.74316,77.79329
342115694,Library Bazaar,,village,,Dehradun,30.46005,78.06494
7961569064,Lilthar,,hamlet,,Dehradun,30.68395,77.95145
2379693669,Lochhman Garhi,,hamlet,,Dehradun,30.31430,77.99093
8880884452,Lohari,,village,,Dehradun,30.75161,77.81191
8880775791,Loich,,hamlet,,Dehradun,30.91399,77.90110
8757371552,Lokar,,hamlet,,Dehradun,30.85051,77.96947
342115512,Lokhandi,,hamlet,,Dehradun,30.75752,77.80804
7979327583,Lolau,,hamlet,,Dehradun,30.58452,77.91800
7962858150,Lorli,,hamlet,,Dehradun,30.70277,77.83157
7961559417,Lotau,,hamlet,,Dehradun,30.60874,77.96512
7979282250,Ludhera,,hamlet,,Dehradun,30.56185,77.98526
342115848,Luhan,,village,,Dehradun,30.54343,77.94409
7979327558,Luhari,,hamlet,,Dehradun,30.51341,77.94338
7979327574,Luhari,,hamlet,,Dehradun,30.55463,77.95510
7979327575,Luharoa,,hamlet,,Dehradun,30.55289,77.94999
7962945953,Luharu,,hamlet,,Dehradun,30.68140,77.79127
7975602092,Luni,,hamlet,,Dehradun,30.64179,77.79528
2379693670,Lūsīpur,,hamlet,,Dehradun,30.32100,77.93007
342115720,Madhuwala,,village,,Dehradun,30.37857,77.93839
7887076761,Madsi,,hamlet,,Dehradun,30.22917,78.26802
7959265486,Magruli,,hamlet,,Dehradun,30.68526,77.86241
7979282257,Mahasasa,,hamlet,,Dehradun,30.58780,77.97870
7959254169,Mai,,hamlet,,Dehradun,30.64174,77.88244
7975588762,Maina,,hamlet,,Dehradun,30.60715,77.82090
8880775802,Maindrat,,hamlet,,Dehradun,30.94339,77.87917
7942064999,Maipawata,,hamlet,,Dehradun,30.66186,77.96484
2379693671,Majhaun,,hamlet,,Dehradun,30.38140,77.98447
342115627,Majog,,hamlet,,Dehradun,30.97458,77.84088
7876329588,Makroti,,hamlet,,Dehradun,30.40842,78.09820
7937435971,Malai,,hamlet,,Dehradun,30.74281,77.95671
7962829945,Malau,,hamlet,,Dehradun,30.62916,77.83221
342113600,Maldevta,,village,,Dehradun,30.34424,78.12379
7962945952,Maleta,,hamlet,,Dehradun,30.67631,77.79209
7979453012,Maleta,,hamlet,,Dehradun,30.59847,77.88536
2379693672,Malhān,,hamlet,,Dehradun,30.30083,77.90333
7975588766,Malog,,hamlet,,Dehradun,30.61723,77.81299
2379693673,Malūkāwāla,,hamlet,,Dehradun,30.32638,77.97635
7950642296,Mandal,,village,,Dehradun,30.72496,77.90506
7979527475,Mandarsu,,hamlet,,Dehradun,30.50112,77.91180
7979971385,Mandau,,hamlet,,Dehradun,30.59788,77.81511
8880775770,Mandhol,,hamlet,,Dehradun,30.92564,77.80170
8880884438,Mandoi,,hamlet,,Dehradun,30.77619,77.86990
7979986560,Mandwan,,hamlet,,Dehradun,30.57499,77.77887
7950642293,Mangtar,,hamlet,,Dehradun,30.74523,77.85251
8880884451,Mangtar,,hamlet,,Dehradun,30.77989,77.83815
7950642307,Manjgaon,,village,,Dehradun,30.71915,77.92424
7887076760,Manki,,hamlet,,Dehradun,30.22260,78.25141
7937435972,Manuwa,,hamlet,,Dehradun,30.73833,77.96963
7961559426,Marathau,,hamlet,,Dehradun,30.62406,77.96109
7961569071,Marauna,,hamlet,,Dehradun,30.68426,77.92655
2379693674,Maru Sidh,,hamlet,,Dehradun,30.37409,77.97957
2379693675,Masandāwāla,,hamlet,,Dehradun,30.35546,77.99265
6434644889,Mashak,,hamlet,,Dehradun,30.77343,77.80101
7847603732,Mashog,,hamlet,,Dehradun,30.73240,78.05114
7979327584,Masrari,,hamlet,,Dehradun,30.59514,77.92349
342116059,Masras,,village,,Dehradun,30.43625,77.98096
7962921224,Matari,,hamlet,,Dehradun,30.72013,77.81069
7979453004,Matheu,,hamlet,,Dehradun,30.57135,77.91161
7962984302,Matiana,,hamlet,,Dehradun,30.70998,77.77632
7942064987,Matyawa,,hamlet,,Dehradun,30.63900,77.96401
7847576216,Maujuka,,hamlet,,Dehradun,30.69237,78.05678
7846330543,Mauthi,,hamlet,,Dehradun,30.73387,78.03035
7847576219,Meghar,,hamlet,,Dehradun,30.70509,78.06274
2379693676,Meharkot,,hamlet,,Dehradun,30.39383,77.98362
2379693677,Mehūnwāla Māfi,,hamlet,,Dehradun,30.30671,77.98377
8880884433,Minjaun,,hamlet,,Dehradun,30.79084,77.81835
2379693678,Mitthi Beri,,hamlet,,Dehradun,30.32719,77.96834
7847594723,Miyanthar,,hamlet,,Dehradun,30.70056,78.03001
2379693679,Mohabbewāla,,hamlet,,Dehradun,30.27097,77.98265
245769646,Mohand Pass,,village,,Dehradun,30.23735,77.96063
2379693680,Mohanpur,,hamlet,,Dehradun,30.33262,77.95792
7950642292,Mohna,,hamlet,,Dehradun,30.73267,77.87401
7975504314,Moiloti,,hamlet,,Dehradun,30.67666,77.76413
2379693681,Motīpur,,hamlet,,Dehradun,30.32547,77.93165
342116119,Mukati,,village,,Dehradun,30.63333,77.91949
7959254174,Mundet,,hamlet,,Dehradun,30.65176,77.90800
342115287,Mundhan,,village,,Dehradun,30.58456,77.97409
7979282256,Mundhan,,hamlet,,Dehradun,30.58820,77.95864
7847576222,Munogi,,hamlet,,Dehradun,30.71040,78.07653
7979282249,Munsi,,hamlet,,Dehradun,30.55886,77.96997
245770206,Mussoorie,मसूरी,town,26609,Dehradun,30.45690,78.07829
7847576218,Myunda,,hamlet,,Dehradun,30.70124,78.04963
603715269,Mājra,,hamlet,,Dehradun,30.29300,78.00264
2379693682,Mānak Sidh,,hamlet,,Dehradun,30.29034,77.92331
9830507118,Nada,,hamlet,,Dehradun,30.80249,78.02529
8880775748,Nagarikhera,,hamlet,,Dehradun,30.86946,77.85047
7961549918,Nagau,,village,,Dehradun,30.63884,77.91697
342115298,Nagthat,,village,,Dehradun,30.57241,77.97286
7937435974,Nairi,,hamlet,,Dehradun,30.72126,77.97952
2379693683,Nakatpur,,hamlet,,Dehradun,30.35826,77.98354
2377440467,Nakraunda,,village,,Dehradun,30.25324,78.11241
7979527476,Nakur,,hamlet,,Dehradun,30.50870,77.89815
2379693684,Nanda ki Chauki,,hamlet,,Dehradun,30.34571,77.95004
8880884505,Naona Khera,,hamlet,,Dehradun,30.81159,77.80463
7962829950,Naraya,,hamlet,,Dehradun,30.66091,77.83925
8880884435,Nargarh Khera,,hamlet,,Dehradun,30.79677,77.83395
7886990229,Nawakot,,hamlet,,Dehradun,30.21272,78.25096
2379693685,Nawāgaon,,hamlet,,Dehradun,30.31053,77.90271
7961547688,Newi,,hamlet,,Dehradun,30.61520,77.88244
7979971391,Nichiya,,hamlet,,Dehradun,30.56388,77.83118
7975504316,Nichla,,hamlet,,Dehradun,30.67488,77.78319
7961547708,Nigai,,hamlet,,Dehradun,30.62024,77.86291
8880775745,Nimga,,hamlet,,Dehradun,30.86028,77.86982
8880775796,Ninus,,hamlet,,Dehradun,30.93030,77.89082
7961547714,Nithla,,hamlet,,Dehradun,30.63884,77.87242
8757376028,Nona Thach,,hamlet,,Dehradun,30.88170,77.94157
7979452996,Noril,,hamlet,,Dehradun,30.55147,77.89886
7962968241,Nugamau,,hamlet,,Dehradun,30.72727,77.75292
2379693686,Ogalwāla,,hamlet,,Dehradun,30.27917,77.99750
7847586583,Okhriyaji,,hamlet,,Dehradun,30.69222,78.03744
7962921225,Ona,,hamlet,,Dehradun,30.71784,77.80809
342115504,Paidy,,village,,Dehradun,30.74799,77.85050
342115653,Pandrano,,hamlet,,Dehradun,31.00891,77.83264
7979452985,Panjia,,hamlet,,Dehradun,30.57926,77.85204
7962829944,Panjiti Lani,,hamlet,,Dehradun,30.62953,77.84127
7846284045,Pankhet,,hamlet,,Dehradun,30.73870,78.07248
7979453011,Panuwa,,hamlet,,Dehradun,30.59745,77.89262
7979957581,Parihar,,village,,Dehradun,30.59791,77.79508
2379693688,Parwal Nawa,,hamlet,,Dehradun,30.33121,77.90135
7961547686,Pata,,hamlet,,Dehradun,30.62248,77.90588
7979971386,Pata,,hamlet,,Dehradun,30.59428,77.81867
7961547702,Patan,,village,,Dehradun,30.60997,77.87755
7962973333,Patangna,,hamlet,,Dehradun,30.72029,77.77136
7959254179,Pati,,hamlet,,Dehradun,30.68068,77.89862
7979452992,Patiana,,hamlet,,Dehradun,30.54631,77.87978
8757366808,Patiur,,hamlet,,Dehradun,30.89198,77.93488
8757371549,Patiyur,,hamlet,,Dehradun,30.85340,77.95165
7963029466,Patthrai,,hamlet,,Dehradun,30.70601,77.76548
2379693689,Pattiyonwāla,,hamlet,,Dehradun,30.27861,77.97139
2379693690,Paundha,,hamlet,,Dehradun,30.37795,77.97794
2379693691,Pelio,,hamlet,,Dehradun,30.31649,77.90005
8880884493,Penwa,,hamlet,,Dehradun,30.81999,77.86436
8838446148,Phanyar,,hamlet,,Dehradun,30.88698,77.89601
7979527471,Pharsila,,hamlet,,Dehradun,30.51641,77.89400
7961535084,Phateu,,hamlet,,Dehradun,30.62421,77.90834
7961547692,Phatiyo,,hamlet,,Dehradun,30.61751,77.90792
7962956203,Phedu Lani,,hamlet,,Dehradun,30.66812,77.82431
7961569068,Pheriyana,,hamlet,,Dehradun,30.69588,77.93551
2379693692,Phulsani,,hamlet,,Dehradun,30.36037,77.98551
6434644003,Piguwa,,hamlet,,Dehradun,30.81398,77.78587
7979971393,Pihani,,hamlet,,Dehradun,30.57464,77.81676
7979327577,Pinagiri,,village,,Dehradun,30.54698,77.91826
7962968240,Pingosi,,hamlet,,Dehradun,30.72981,77.75493
8880884504,Pipanu Khera,,hamlet,,Dehradun,30.81563,77.80129
2379693696,Pitthūwāla,,hamlet,,Dehradun,30.29972,77.98972
2379693694,Pitthūwāla Tarla,,hamlet,,Dehradun,30.29219,77.98443
2379693700,Pitāmbarpur,,hamlet,,Dehradun,30.32025,77.95067
8628827541,Piunal,,hamlet,,Dehradun,30.92809,77.77995
342115162,Plasu,,village,,Dehradun,30.88516,77.81847
7937435982,Pokhri,,village,,Dehradun,30.73388,77.99431
7961547715,Ponar,,hamlet,,Dehradun,30.64380,77.86541
2379693704,Porwāla,,hamlet,,Dehradun,30.37805,77.89177
7937435983,Punaha,,hamlet,,Dehradun,30.73925,77.99664
7979452994,Punaha,,hamlet,,Dehradun,30.54853,77.89222
8880884462,Puning,,hamlet,,Dehradun,30.80012,77.77490
7876301691,Punkalgaon,,village,,Dehradun,30.40991,78.06775
7846284044,Puriya,,hamlet,,Dehradun,30.73646,78.07738
342116113,Purodi,,village,,Dehradun,30.66559,77.88346
7959254160,Purodi,,hamlet,,Dehradun,30.66191,77.89601
8757366812,Purtar,,hamlet,,Dehradun,30.91511,77.92767
8628587203,Ragi,,hamlet,,Dehradun,30.94550,77.83876
7979282258,Ragtal,,hamlet,,Dehradun,30.58510,77.98326
6434644425,Rajanu,,hamlet,,Dehradun,30.79198,77.79850
8628587215,Rakhri,,hamlet,,Dehradun,30.79400,77.99351
7963038786,Ramdung,,hamlet,,Dehradun,30.70333,77.75862
7979327580,Rampur,,hamlet,,Dehradun,30.58367,77.95347
7847603727,Ramsumra,,hamlet,,Dehradun,30.71154,78.05408
7963029457,Ramtapara,,hamlet,,Dehradun,30.70180,77.76231
7959254161,Rana,,hamlet,,Dehradun,30.63213,77.88328
8880775776,Rarru,,hamlet,,Dehradun,30.92540,77.81777
2430575754,Ratanpura,,hamlet,,Dehradun,30.30722,77.90781
7961549920,Ratar,,village,,Dehradun,30.62345,77.93802
7846330552,Rathu,,hamlet,,Dehradun,30.72787,78.07572
7979527470,Ratol,,village,,Dehradun,30.51747,77.88930
7961569072,Raura,,hamlet,,Dehradun,30.68075,77.93216
7959254180,Rawana,,hamlet,,Dehradun,30.67894,77.90478
7864708568,Rethwangaon,,hamlet,,Dehradun,30.27753,78.28025
342115560,Rhorakhur,,village,,Dehradun,30.78919,77.86835
7846284047,Rikhnar,,hamlet,,Dehradun,30.74702,78.06789
7959254171,Rikhra,,hamlet,,Dehradun,30.65179,77.88202
3735821429,Rishikesh,ऋषिकेश,town,,Dehradun,30.10865,78.29162
7908440718,Rithe Ka Dochi,,hamlet,,Dehradun,30.73948,77.73378
8880884467,Rota Khera,,hamlet,,Dehradun,30.79388,77.85907
8880775755,Rupakhera,,hamlet,,Dehradun,30.89993,77.81616
7979986559,Rupau,,hamlet,,Dehradun,30.57845,77.78374
342113558,Rāipur,रायपुर,village,32900,Dehradun,30.30995,78.09491
2377440468,Rāiwāla Bara,,hamlet,,Dehradun,30.02182,78.21495
2379693711,Rājāwāla,,hamlet,,Dehradun,30.35052,77.99201
2379693715,Rājāwāla,,hamlet,,Dehradun,30.38753,77.89610
2379693719,Rāmgarh,,hamlet,,Dehradun,30.33131,77.87752
2379693723,Rāngharwāla,,hamlet,,Dehradun,30.33470,77.97902
342114444,Rāni Pokhri,,village,,Dehradun,30.18361,78.21535
342115462,Sabhawala,,village,,Dehradun,30.36896,77.79419
342115214,Sabra,,village,,Dehradun,30.81390,77.84088
7962835253,Sadyar,,hamlet,,Dehradun,30.72217,77.84171
342115454,Sahaspur,,village,,Dehradun,30.39230,77.80793
7874408752,Sahastradhara,,village,,Dehradun,30.38531,78.12982
342116130,Sahiya,,village,,Dehradun,30.60104,77.87659
7961547701,Sahiya,,village,,Dehradun,30.61496,77.87517
7962865430,Saila,,hamlet,,Dehradun,30.60471,77.83371
7961547713,Saina,,hamlet,,Dehradun,30.64556,77.86105
342116124,Sainj,,village,,Dehradun,30.63675,77.86698
6434645976,Sainj,,village,,Dehradun,30.84961,77.77050
7975602100,Sainj,,hamlet,,Dehradun,30.63758,77.80930
8628587204,Sainj,,town,,Dehradun,30.94608,77.85101
8880884474,Sainj,,hamlet,,Dehradun,30.80447,77.90043
7961569067,Sainjar,,hamlet,,Dehradun,30.69817,77.94497
9830507112,Sainsa,,hamlet,,Dehradun,30.76430,78.02327
342115127,Sais,,hamlet,,Dehradun,30.95371,77.85081
7979327578,Sakarol,,village,,Dehradun,30.55629,77.91982
7979453005,Sakni,,hamlet,,Dehradun,30.59254,77.85916
7876301690,Salangaon,,village,,Dehradun,30.40982,78.07524
4888180135,Salga,,hamlet,,Dehradun,30.64033,77.84148
7979453007,Sali Gothan,,village,,Dehradun,30.58207,77.89217
7979552164,Salri,,hamlet,,Dehradun,30.56136,77.84258
7979553896,Samaho,,hamlet,,Dehradun,30.57534,77.87753
7975504315,Sambar,,hamlet,,Dehradun,30.66634,77.77820
7962946380,Sammi Ka That,,hamlet,,Dehradun,30.70129,77.81018
7950642308,Samog,,village,,Dehradun,30.71891,77.93555
7963029464,Sanora,,hamlet,,Dehradun,30.70601,77.77915
8880775754,Sansukhera,,hamlet,,Dehradun,30.88772,77.82869
7950642305,Sao Jandri,,hamlet,,Dehradun,30.74772,77.89823
7979971396,Sarari,,hamlet,,Dehradun,30.56860,77.80485
2364523040,Sariyana,,hamlet,,Dehradun,30.56345,77.98243
7959254184,Sarja,,hamlet,,Dehradun,30.67018,77.86966
7847603725,Sarna,,hamlet,,Dehradun,30.66828,78.01647
8880884480,Sarni,,hamlet,,Dehradun,30.83963,77.91592
7979553892,Sarsona,,hamlet,,Dehradun,30.53871,77.88231
7864708563,Satli,,hamlet,,Dehradun,30.28703,78.26512
7950642301,Saura,,hamlet,,Dehradun,30.72241,77.88298
342115436,Sela Kui,,village,,Dehradun,30.35660,77.85462
7961547693,Semaha,,hamlet,,Dehradun,30.61775,77.90458
7876326167,Semwala,,hamlet,,Dehradun,30.43062,78.09614
7908440742,Senj,,hamlet,,Dehradun,30.73213,77.73741
7908440743,Senjthala,,hamlet,,Dehradun,30.72955,77.74145
8757371554,Sepalpani,,hamlet,,Dehradun,30.88464,77.93561
8880884488,Ser Khera,,hamlet,,Dehradun,30.86145,77.89373
8628587199,Serya,,hamlet,,Dehradun,30.95854,77.84072
342115645,Sharan,,hamlet,,Dehradun,31.00205,77.83539
9830507116,Shastura,,hamlet,,Dehradun,30.79318,78.00076
8880884432,Shaukat Khera,,hamlet,,Dehradun,30.80933,77.81817
7961549925,Shawai,,village,,Dehradun,30.61383,77.93448
7942018957,Shaylog,,hamlet,,Dehradun,30.69847,77.96332
2379693727,Shekhonwāla,,hamlet,,Dehradun,30.36018,77.80507
2379693731,Sherpur,,hamlet,,Dehradun,30.33790,77.84916
7979553885,Sherpur,,hamlet,,Dehradun,30.50783,77.87150
2379693735,Shewla Khurd,,hamlet,,Dehradun,30.28445,77.98644
7961547710,Shimani,,hamlet,,Dehradun,30.63244,77.85709
8880884446,Shoi Khera,,hamlet,,Dehradun,30.78256,77.86515
2379693738,Shuklāpur,,hamlet,,Dehradun,30.31696,77.93691
2379693742,Shāmpur,,hamlet,,Dehradun,30.32917,77.94250
2379693746,Shīshambāra,,hamlet,,Dehradun,30.33000,77.87108
7961549915,Sibhau,,hamlet,,Dehradun,30.64437,77.93899
7950642295,Sichar,,hamlet,,Dehradun,30.72382,77.91096
342116024,Sidawala,,village,,Dehradun,30.34561,77.93701
7979282252,Sil,,hamlet,,Dehradun,30.57915,77.97091
7847603717,Silamu,,hamlet,,Dehradun,30.66422,78.02378
8880775753,Silaura,,hamlet,,Dehradun,30.87089,77.82646
342115220,Silkhur,,village,,Dehradun,30.80841,77.85874
7979527468,Silon,,hamlet,,Dehradun,30.52403,77.91131
342115359,Silwan,,hamlet,,Dehradun,30.73658,78.04721
7979987897,Simog,,village,,Dehradun,30.59727,77.78913
7887160927,Simret,,hamlet,,Dehradun,30.23223,78.27823
2379693747,Singhniwāla,,hamlet,,Dehradun,30.33316,77.86591
7979379585,Singhori,,village,,Dehradun,30.58955,77.94579
7962923222,Singol,,hamlet,,Dehradun,30.69486,77.82837
7979327573,Singota,,hamlet,,Dehradun,30.54844,77.95586
7961569074,Sirba,,hamlet,,Dehradun,30.67527,77.95521
7937435981,Siri,,hamlet,,Dehradun,30.72638,77.99673
342113523,Siriyo,,village,,Dehradun,30.25360,78.19245
1538669693,Sisters' Bazaar,,hamlet,,Dehradun,30.45654,78.10226
2379693750,Smithnagar,,hamlet,,Dehradun,30.32861,77.95097
7979527480,Sohan,,hamlet,,Dehradun,30.51009,77.88541
7962984304,Soran,,hamlet,,Dehradun,30.73038,77.78284
342113622,Suakholi,,hamlet,,Dehradun,30.44586,78.16223
2379693754,Subhāshnagar,,hamlet,,Dehradun,30.27777,77.99015
8757371551,Sugrankhera,,hamlet,,Dehradun,30.84850,77.95780
7950642302,Sujau,,hamlet,,Dehradun,30.72540,77.87927
342115098,Suker,,village,,Dehradun,30.91292,77.84256
8880775787,Sukerkhera,,hamlet,,Dehradun,30.90818,77.84997
7975602095,Supau,,hamlet,,Dehradun,30.62911,77.81020
7962865428,Sureu,,hamlet,,Dehradun,30.60732,77.83518
7847603715,Sutara,,hamlet,,Dehradun,30.66004,78.03633
7963029455,Swan,,hamlet,,Dehradun,30.69007,77.78342
7963029462,Swanta,,hamlet,,Dehradun,30.69718,77.77163
7962973334,Syaunka,,hamlet,,Dehradun,30.71854,77.77099
2379693758,Sūdhonwāla Tarla,,hamlet,,Dehradun,30.34238,77.93241
2379693763,Sūdhonwāla Tarla,,hamlet,,Dehradun,30.35222,77.93667
342115664,Tadi,,hamlet,,Dehradun,31.01990,77.83264
7961549911,Tagari,,hamlet,,Dehradun,30.64949,77.93135
7876326165,Talainigad,,hamlet,,Dehradun,30.42138,78.10528
7962899256,Talon Ki Chhani,,hamlet,,Dehradun,30.73452,77.80967
7975602104,Tangri,,village,,Dehradun,30.65687,77.81048
7975602103,Tani,,hamlet,,Dehradun,30.65316,77.80996
7962829946,Tapau,,hamlet,,Dehradun,30.63160,77.83258
6434643902,Tarata,,hamlet,,Dehradun,30.80893,77.77901
7961547711,Tarli,,hamlet,,Dehradun,30.62731,77.85483
2379693640,Teliwala,,village,,Dehradun,30.30572,77.95638
13145203322,Teliwala,,village,1,Dehradun,30.30586,77.95606
2379693768,Telpura,,hamlet,,Dehradun,30.31116,77.97918
2379693769,Telpura,,hamlet,,Dehradun,30.37331,77.88498
7979453000,Thaina,,hamlet,,Dehradun,30.55695,77.88736
2364624421,Thalin,,hamlet,,Dehradun,30.55990,77.93902
7962923220,Thana,,hamlet,,Dehradun,30.69195,77.81799
7950642309,Thanata,,village,,Dehradun,30.71892,77.94392
342113468,Thano,,village,,Dehradun,30.23850,78.20893
7961547698,Thathau,,hamlet,,Dehradun,30.61147,77.90738
7959254173,Themi Khera,,hamlet,,Dehradun,30.65735,77.89914
7979552167,Thuru,,hamlet,,Dehradun,30.57508,77.83899
2379693770,Thākarpur Tarla,,hamlet,,Dehradun,30.33443,77.93301
2379693771,Thākurpur,,hamlet,,Dehradun,30.33292,77.93981
7846330547,Tikri,,hamlet,,Dehradun,30.72931,78.03994
342115738,Tilwari,,village,,Dehradun,30.41565,77.90543
7961569062,Timara,,hamlet,,Dehradun,30.68790,77.93688
10003704907,Timli,,village,,Dehradun,30.37282,77.72158
7975602091,Timra,,hamlet,,Dehradun,30.64676,77.79228
8880884450,Tiona,,hamlet,,Dehradun,30.78304,77.84192
8880775744,Tiontar,,hamlet,,Dehradun,30.88894,77.85482
7961549924,Tiparara,,hamlet,,Dehradun,30.61795,77.94323
342115116,Tiuni,त्यूणी,town,,Dehradun,30.94312,77.84848
342116143,Tiuni,,village,,Dehradun,30.60104,77.75574
8628587210,Torikhera,,hamlet,,Dehradun,30.93582,77.83279
7959254172,Tungra,,hamlet,,Dehradun,30.65977,77.88388
7961569065,Tungroli,,hamlet,,Dehradun,30.68845,77.94890
2379693772,Tuntāwāla,,hamlet,,Dehradun,30.29132,77.97721
342115550,Tuona,,village,,Dehradun,30.78644,77.86972
7962865429,Tyona,,hamlet,,Dehradun,30.60742,77.82837
7975588765,Ubharau,,village,,Dehradun,30.60774,77.80900
8628587207,Udhiar,,hamlet,,Dehradun,30.93967,77.85819
7961547687,Udpaha,,hamlet,,Dehradun,30.62008,77.89307
7979282263,Uhonka,,hamlet,,Dehradun,30.58764,77.99445
2379693773,Ummedpur,,hamlet,,Dehradun,30.32497,77.90981
7979452988,Umra,,hamlet,,Dehradun,30.56743,77.85459
7959254164,Uproli,,hamlet,,Dehradun,30.63267,77.89427
7979453002,Utal,,hamlet,,Dehradun,30.56267,77.89603
8880884511,Utar Khera,,hamlet,,Dehradun,30.82954,77.77202
8880884508,Utera Khera,,hamlet,,Dehradun,30.81566,77.75680
342115792,Vikasnagar,,village,,Dehradun,30.46892,77.77110
2377440472,Virbhadra,,hamlet,,Dehradun,30.07120,78.28189
5954089237,Virbhadra,वीरभद्र,town,,Dehradun,30.07927,78.25201
8880884443,Yahinkhara,,hamlet,,Dehradun,30.78111,77.87684
7884439206,akhrani,,hamlet,,Dehradun,30.29734,78.16450
7884439216,baghat,,hamlet,,Dehradun,30.31397,78.15403
7884488778,banderna kalan,,hamlet,,Dehradun,30.27063,78.22197
7884488777,banderna khurd,,hamlet,,Dehradun,30.27434,78.21757
7884439219,bangaon,,hamlet,,Dehradun,30.31741,78.14390
7876284005,bansigad,,hamlet,,Dehradun,30.44927,78.04913
7876326171,baradhwara,,hamlet,,Dehradun,30.43781,78.11087
7884530789,barasi,,village,,Dehradun,30.25538,78.16865
7876326168,barlowganj,,village,,Dehradun,30.44007,78.08810
7876329589,bashwalgaon,,hamlet,,Dehradun,30.41080,78.11908
7874369046,batagad,,hamlet,,Dehradun,30.45588,78.12203
7876381340,bauta,,hamlet,,Dehradun,30.36180,78.13107
7875660275,bhamarkhal,,hamlet,,Dehradun,30.41784,78.23106
7876284011,bhatta,,village,,Dehradun,30.43682,78.07975
7876284010,bhatta falls,,hamlet,,Dehradun,30.43922,78.06331
7884439207,bhilang,,hamlet,,Dehradun,30.30109,78.16274
7876284009,bhitarli,,hamlet,,Dehradun,30.42637,78.04642
7876284008,bhitarli choti,,hamlet,,Dehradun,30.42386,78.05449
7884439199,bhupal,,village,,Dehradun,30.26214,78.15073
7884439221,biniyal,,hamlet,,Dehradun,30.33413,78.12311
7876278050,bluchor hill,,village,,Dehradun,30.46046,78.04679
7884439218,borsi,,hamlet,,Dehradun,30.31485,78.14625
7876242254,bulat,,hamlet,,Dehradun,30.46023,78.00407
7875660270,burans khanda,,hamlet,,Dehradun,30.43959,78.21494
7875573512,buranskhanda,,hamlet,,Dehradun,30.44404,78.20368
7875573508,chalchala,,hamlet,,Dehradun,30.43549,78.18933
7876326164,chamasan,,hamlet,,Dehradun,30.42407,78.11455
7875579220,chamrol,,hamlet,,Dehradun,30.39143,78.17658
7876278051,charlevila,,village,,Dehradun,30.46721,78.05831
7876251823,chauki,,hamlet,,Dehradun,30.40543,78.00857
7884530798,chittaur,,hamlet,,Dehradun,30.26891,78.17667
7874408753,dhanaula,,village,,Dehradun,30.38354,78.11807
7884530793,dharkot,,hamlet,,Dehradun,30.27119,78.20553
7876284003,dhobighat,,hamlet,,Dehradun,30.44732,78.06438
7876326174,dhobighat,,hamlet,,Dehradun,30.44934,78.10330
7874408771,domgaon,,hamlet,,Dehradun,30.41064,78.15642
7875573513,dunera,,hamlet,,Dehradun,30.43857,78.19894
7875573507,durmala,,hamlet,,Dehradun,30.42818,78.18927
7884439222,dwara,,hamlet,,Dehradun,30.32258,78.13202
7876301686,galiwari,,hamlet,,Dehradun,30.39912,78.04674
7875660271,garh,,hamlet,,Dehradun,30.42724,78.21172
7884530794,garh,,hamlet,,Dehradun,30.28446,78.20807
7884530797,ghaisain,,hamlet,,Dehradun,30.27530,78.18759
7884554887,godi,,hamlet,,Dehradun,30.26009,78.22156
7875660276,gwar,,hamlet,,Dehradun,30.42299,78.23102
7884488775,haldwari,,hamlet,,Dehradun,30.29057,78.22976
7876284013,herneidel,,village,,Dehradun,30.47254,78.05389
7884499761,hitaswali,,hamlet,,Dehradun,30.30274,78.17237
8020621585,jatar,,hamlet,,Dehradun,31.00492,77.82567
7884439217,joliyan,,hamlet,,Dehradun,30.30683,78.15589
7884488782,kairwangaon,,hamlet,,Dehradun,30.25543,78.24356
7862020140,kalban,,hamlet,,Dehradun,30.25832,78.27883
7874408758,kaligad,,hamlet,,Dehradun,30.40322,78.13889
7884439212,kandi,,hamlet,,Dehradun,30.30502,78.13442
7875579221,kaphalda,,hamlet,,Dehradun,30.39663,78.18587
7875579228,kaphalta,,hamlet,,Dehradun,30.41723,78.18788
7874369041,kaphlani,,hamlet,,Dehradun,30.44750,78.14323
7874408768,kathyun,,hamlet,,Dehradun,30.39180,78.14927
7884530791,katkor,,hamlet,,Dehradun,30.26789,78.19999
7875573501,kedwala,,hamlet,,Dehradun,30.41880,78.17307
7876284012,kharkuli,,hamlet,,Dehradun,30.44326,78.07012
7874408761,khopariya,,hamlet,,Dehradun,30.38901,78.13388
7876245431,kimari,,hamlet,,Dehradun,30.42506,78.03654
7875573511,kotli,,hamlet,,Dehradun,30.44030,78.18951
7875579223,kulthana,,hamlet,,Dehradun,30.40426,78.17595
7884439225,kund,,hamlet,,Dehradun,30.31888,78.15024
7875669320,kyara,,hamlet,,Dehradun,30.40591,78.21644
7884560841,ladwakot,,hamlet,,Dehradun,30.30092,78.21623
8020621586,main tok,,hamlet,,Dehradun,31.01528,77.82097
7874369040,masrana,,hamlet,,Dehradun,30.45390,78.15054
7874369039,motidhar,,hamlet,,Dehradun,30.43706,78.14632
7884488779,nahi kalan,,hamlet,,Dehradun,30.26390,78.23465
7884488781,nahi khurd,,hamlet,,Dehradun,30.26364,78.24172
7874369030,nali kalan,,hamlet,,Dehradun,30.42175,78.15979
7876284004,nelson point,,hamlet,,Dehradun,30.44784,78.05342
7884499760,niuni,,hamlet,,Dehradun,30.29806,78.17405
7876245429,nunlas,,hamlet,,Dehradun,30.42691,78.00244
7884499757,paled,,hamlet,,Dehradun,30.29292,78.19610
7874408757,patali,,hamlet,,Dehradun,30.41074,78.13019
7875579222,phulet,,hamlet,,Dehradun,30.40177,78.18740
7884554888,pokhri,,hamlet,,Dehradun,30.26008,78.21329
7875660272,ragar,,hamlet,,Dehradun,30.42194,78.22281
7876381324,rainiwala,,hamlet,,Dehradun,30.34879,78.11623
7874408759,rajrajeshwari,,village,,Dehradun,30.39925,78.13234
7874408766,rangargaon,,hamlet,,Dehradun,30.37919,78.14245
7876245432,rokhauli,,hamlet,,Dehradun,30.43264,78.02340
7884439209,sakrao khala,,hamlet,,Dehradun,30.29927,78.14161
7884439224,samoli,,hamlet,,Dehradun,30.31980,78.14067
7874408770,sarona,,hamlet,,Dehradun,30.39608,78.15798
7884439205,saura dwara,,hamlet,,Dehradun,30.30142,78.12610
7884439203,saura jodhpur,,hamlet,,Dehradun,30.29706,78.12899
7884439204,saura saroli,,village,,Dehradun,30.29205,78.12906
7874408750,sera,,hamlet,,Dehradun,30.40510,78.13543
7908440744,shaora,,hamlet,,Dehradun,30.72623,77.74218
7875579227,sila,,hamlet,,Dehradun,30.41223,78.19753
7874408760,silkoti,,hamlet,,Dehradun,30.39554,78.13437
7884439202,simbalwala,,hamlet,,Dehradun,30.28895,78.13514
7884530790,simiand,,hamlet,,Dehradun,30.26531,78.20645
7875579218,simyari,,hamlet,,Dehradun,30.40078,78.20539
7884488783,sindhwalgaon,,hamlet,,Dehradun,30.25239,78.22901
7884439200,sirwalgarn,,village,,Dehradun,30.28129,78.14912
7884530796,talai,,hamlet,,Dehradun,30.27801,78.19385
7884554889,thal,,hamlet,,Dehradun,30.26278,78.20869
7884530795,tungoli,,hamlet,,Dehradun,30.28072,78.20743
7876242255,vansi estate,,hamlet,,Dehradun,30.46412,78.03719
2379693784,Āmbīwāla,,hamlet,,Dehradun,30.32207,77.93666
2379693785,Āmwāla Tarla,,hamlet,,Dehradun,30.37366,77.99816
342113927,Ajetpur,,village,,Haridwar,29.88281,78.13065
2377530036,Alāwalpur,,village,,Haridwar,30.04247,77.77680
2377530037,Amānatgarh,,hamlet,,Haridwar,30.09127,77.80792
8003830843,Aryanagar,,village,,Haridwar,29.87029,78.30025
2377530040,Bandarjūd,,hamlet,,Haridwar,30.05267,77.93939
2377530041,Banjārewāla,,hamlet,,Haridwar,30.11579,77.87725
2377530042,Banwāla,,hamlet,,Haridwar,30.10850,77.85757
6172906385,Behedeki Saidabad,,village,,Haridwar,29.86506,77.78612
11476306713,Bhagwatipuram Colony,,hamlet,,Haridwar,29.91643,78.12340
2377530045,Bhagwatpur,,hamlet,,Haridwar,30.12299,77.90983
2377530046,Bhagwānpur,,village,,Haridwar,29.94216,77.81377
11741314022,Bhalaswa Gaj,,village,,Haridwar,29.87451,77.74587
11741478386,Binarsi,,village,,Haridwar,29.89392,77.75089
11743185608,Bindu Kharak,,village,,Haridwar,29.86093,77.73171
2377530049,Budhwa Shahīd,,hamlet,,Haridwar,30.08723,77.88077
2377530050,Bugāwāla,,hamlet,,Haridwar,30.08237,77.90323
14210492133,Chauli Shahbuddin Pur,,village,,Haridwar,29.98786,77.78357
6172906394,Chudiyala Mohanpur,,village,,Haridwar,29.90770,77.76735
9146510190,Delna,,village,,Haridwar,29.84184,77.78981
10568173846,Dhanouri,,village,,Haridwar,29.94347,77.95442
2377530056,Dādūbās,,hamlet,,Haridwar,30.00785,77.91585
2377530057,Dālūwāla,,hamlet,,Haridwar,30.02622,77.95777
2377530059,Farakhpur,,village,,Haridwar,30.01411,77.80223
2377530064,Gherkarma,,hamlet,,Haridwar,30.08940,77.81612
2377530065,Gokalwāla,,hamlet,,Haridwar,30.10062,77.85749
342115383,Gurunarsa,,village,,Haridwar,29.70026,77.84941
2377530067,Gānja,,hamlet,,Haridwar,30.08472,77.83428
2377530068,Haljora,,hamlet,,Haridwar,30.02999,77.88729
1211180500,Haridwār,हरिद्वार,city,310582,Haridwar,29.93845,78.14530
2377530070,Haripur,,hamlet,,Haridwar,30.08314,77.91258
2377530071,Hasanpur,,village,,Haridwar,30.01281,77.78890
2377530072,Hasnāwāla,,village,,Haridwar,30.08073,77.82586
2377530074,Hazāra,,hamlet,,Haridwar,30.00472,77.97139
2377530073,Hazāra Tongia,,hamlet,,Haridwar,30.08301,77.92519
2377530079,Jalāpur Dāda,,hamlet,,Haridwar,30.00296,77.80889
2377440462,Jawālāpur,,hamlet,,Haridwar,29.92426,78.10757
6172906383,Jhabrera,,village,,Haridwar,29.80930,77.77565
2377530081,Jhīnwarheri,,hamlet,,Haridwar,30.03748,77.83276
2377440464,Kankhal,कनखल,hamlet,,Haridwar,29.92597,78.14526
6172906390,Khelpur,,village,,Haridwar,29.93169,77.79024
2377530083,Kheri,,village,,Haridwar,30.04975,77.80774
2377530086,Khālsa Lālwāla,,hamlet,,Haridwar,30.05205,77.92722
506456360,Kishanpur,,village,,Haridwar,29.91530,77.83764
11001485845,Kunja Bahadurpur,,village,,Haridwar,29.88751,77.77470
2377530089,Kurkawāla,,hamlet,,Haridwar,30.05084,77.91555
2377530091,Kālewāla,,hamlet,,Haridwar,30.05927,77.78426
2377530092,Kālātīra,,hamlet,,Haridwar,30.00796,77.98614
2377530095,Kūewāla,,hamlet,,Haridwar,30.08899,77.91169
342113946,Lahadpur,,village,,Haridwar,29.76334,78.27896
2321295911,Laksar,लक्सर,town,,Haridwar,29.74744,78.02381
2377341373,Laksar,लक्सर,village,,Haridwar,29.75893,78.04073
342113919,Lāl Dhāng,,village,,Haridwar,29.85150,78.31646
2377530096,Lālwāla,,hamlet,,Haridwar,30.02489,77.93414
2377530097,Lālwāla,,hamlet,,Haridwar,30.05441,77.93582
2377530098,Lāmb,,hamlet,,Haridwar,30.02175,77.91592
2377530099,Lāmb,,hamlet,,Haridwar,30.03310,77.93250
6172906387,Manakpur,,village,,Haridwar,29.84159,77.75826
1774442067,Manglaur,मंगलौर,town,,Haridwar,29.79215,77.87606
3162719984,Mangolpura,,village,,Haridwar,29.85928,78.29351
6172906388,Molna,,village,,Haridwar,29.86387,77.76617
2377530104,Mujāhedpur,,hamlet,,Haridwar,30.03247,77.91139
6172906427,Nanhera,,village,,Haridwar,29.89500,77.82099
2377530112,Nānakgarh,,hamlet,,Haridwar,30.08939,77.80892
9146510191,Paoti,,village,,Haridwar,29.85270,77.75471
342113937,Pathri Gujjar Camp,,hamlet,,Haridwar,29.81698,78.10870
2377530114,Patti Dāda,,village,,Haridwar,30.02116,77.80081
1863360677,Piran Kaliyar,,village,,Haridwar,29.92265,77.93940
11747654590,Puhana,,village,,Haridwar,29.91469,77.84624
2377530118,Qutbpur,,hamlet,,Haridwar,30.00652,77.83819
2377530119,Qutbpur,,hamlet,,Haridwar,30.02730,77.84934
12277111632,Raisi,,village,,Haridwar,29.68220,78.06224
8003830842,Rasulipur,,village,,Haridwar,29.86406,78.30795
2377530123,Rasūlpur,,hamlet,,Haridwar,30.04068,77.96368
2377530122,Rasūlpur Tongia,,hamlet,,Haridwar,30.04150,77.96212
4373395280,Roorkee,रुड़की,city,273502,Haridwar,29.86935,77.89021
2377530125,Rāthaura,,hamlet,,Haridwar,30.00980,77.93839
2377530127,Sakrauda,,village,,Haridwar,30.00108,77.84933
2377530129,Shahīdwāla Grant,,village,,Haridwar,30.09516,77.89627
2377530130,Shekhwāla,,hamlet,,Haridwar,30.06192,77.84690
2377341739,Simli,,hamlet,,Haridwar,29.75170,78.01851
2377341767,Sultānpur,सुल्तानपुर,town,,Haridwar,29.75879,78.10786
11741478384,Sunehti Alampur,,village,,Haridwar,29.88129,77.76607
11741478385,Tejupur,,village,,Haridwar,29.89656,77.74068
2377530135,Telpura,,hamlet,,Haridwar,30.09285,77.84770
8173041864,Tugalpur,,village,,Haridwar,29.64547,78.00761
2377530138,Tānda Deshrāj,,hamlet,,Haridwar,30.09262,77.89759
2377530139,Tānda Hasongarh,,hamlet,,Haridwar,30.05181,77.83428
2377530144,Tīro,,hamlet,,Haridwar,30.01113,77.99411
7896096488,Adhaura,,village,,Nainital,29.39855,79.39399
7893400755,Adhiryakhuni,,hamlet,,Nainital,29.35005,79.63485
7907546570,Agarkot,,hamlet,,Nainital,29.58592,79.30717
7890139088,Aghariyagaon,,village,,Nainital,29.37950,79.65511
7892323064,Agsora,,hamlet,,Nainital,29.39051,79.60556
7872729147,Aigora,,hamlet,,Nainital,29.20223,79.80220
7893400777,Ailra,,hamlet,,Nainital,29.29436,79.62131
7896583839,Ajekh,,hamlet,,Nainital,29.46839,79.31030
6160131421,Ajmer,,hamlet,,Nainital,29.40546,79.34553
6393140860,Alchauna,,hamlet,,Nainital,29.35868,79.59782
7892243895,Alchauna,,hamlet,,Nainital,29.37675,79.57934
7890092284,Alchonikhan,,hamlet,,Nainital,29.38218,79.63575
7892981628,Aliyajar,,hamlet,,Nainital,29.34343,79.71081
7907529802,Amdali,,hamlet,,Nainital,29.55520,79.31455
7893400772,Amdaun,,hamlet,,Nainital,29.30309,79.65968
7907529801,Amel,,village,,Nainital,29.55819,79.32253
342108653,Amgarhi,,village,,Nainital,29.47220,79.24301
6418814961,Amiya,,village,,Nainital,29.29465,79.58639
7871999082,Amjar Malla,,hamlet,,Nainital,29.23398,79.90533
7896583836,Amotha,,village,,Nainital,29.46109,79.29056
7894069637,Amritpur,,village,,Nainital,29.29604,79.55892
7896760289,Amtana,,hamlet,,Nainital,29.35959,79.39000
11711328315,Anandpur,,hamlet,,Nainital,29.16802,79.45889
7889815765,Anarpa,,village,,Nainital,29.46002,79.69491
7896538196,Aniya,,hamlet,,Nainital,29.44911,79.34095
7872729149,Ankola,,hamlet,,Nainital,29.22630,79.80203
7889815768,Anothi,,hamlet,,Nainital,29.45965,79.67892
11711429055,Anpur Nawar,,hamlet,,Nainital,29.21147,79.42765
7896758223,Anrori,,hamlet,,Nainital,29.29774,79.47789
11711429052,Ansingh Nawar,,hamlet,,Nainital,29.21958,79.40652
7894072545,Anu,,village,,Nainital,29.36000,79.55501
7896583817,Aonlakot,,village,,Nainital,29.39642,79.31369
11711465087,Arjunpur,,hamlet,,Nainital,29.16185,79.51404
7890220759,Atabirta,,village,,Nainital,29.49449,79.52166
7890220756,Ataklias,,hamlet,,Nainital,29.49140,79.51658
7897119819,Aurakhan,,hamlet,,Nainital,29.34425,79.44847
7890092283,Ayarmundan,,hamlet,,Nainital,29.39205,79.64174
7890749683,Babiyar Thok,,hamlet,,Nainital,29.37126,79.51445
342107264,Babiyard,,village,,Nainital,29.30191,79.69620
7893163828,Babyar,,hamlet,,Nainital,29.29719,79.68711
11711433491,Bachchi Nagar No 2,,hamlet,,Nainital,29.22124,79.45985
11711328341,Bachi Nagar No 1,,hamlet,,Nainital,29.22629,79.44990
11711465098,Bachi Newar,,hamlet,,Nainital,29.09777,79.50721
11711465103,Bachipur,,hamlet,,Nainital,29.13228,79.51564
7893400781,Badlaut,,hamlet,,Nainital,29.28868,79.64290
7892981621,Bagar,,hamlet,,Nainital,29.32644,79.71594
7872729150,Bagara Gad,,hamlet,,Nainital,29.21623,79.80623
7896096500,Bagargaon,,village,,Nainital,29.42285,79.39712
7893163822,Bagha,,hamlet,,Nainital,29.28898,79.68216
7896583841,Baghani Malli,,village,,Nainital,29.47375,79.31923
7896583840,Baghani Talli,,village,,Nainital,29.46832,79.32326
7896583821,Bagjala,,hamlet,,Nainital,29.42149,79.31507
7892640561,Bagjewala,,hamlet,,Nainital,29.43108,79.61168
7897160006,Baherichaur,,village,,Nainital,29.37391,79.30417
7892243898,Bahirgaon,,village,,Nainital,29.36978,79.55370
7892243901,Bahrigaon,,hamlet,,Nainital,29.37791,79.55153
342107608,Bail Parao,,village,,Nainital,29.31085,79.20286
11711491794,Bail Parao Range,,hamlet,,Nainital,29.26497,79.34030
7936574458,Bairasari,,hamlet,,Nainital,29.22827,79.69821
7896677956,Bajan,,hamlet,,Nainital,29.43657,79.25413
6411300963,Bajeri,,hamlet,,Nainital,29.48473,79.44328
7897160010,Bajeripur,,village,,Nainital,29.35203,79.32279
430868963,Bajun,,village,,Nainital,29.36934,79.41481
7896074779,Bajun,,hamlet,,Nainital,29.37066,79.41336
11711328333,Bajuniya Haldu,,hamlet,,Nainital,29.24029,79.48176
342106846,Bajutia,,village,,Nainital,29.49005,79.59458
7890139107,Bajutiya,,village,,Nainital,29.44674,79.61854
7890803993,Bajutiya,,hamlet,,Nainital,29.48615,79.58939
11711433513,Bajwalpur,,hamlet,,Nainital,29.16167,79.49032
7936574452,Bakariya,,hamlet,,Nainital,29.21282,79.72433
11711465105,Bakulia,,hamlet,,Nainital,29.14036,79.52437
11056182962,Baliyanala,,hamlet,,Nainital,29.29143,79.54754
7893400760,Balkandiya,,hamlet,,Nainital,29.34083,79.66500
7894069648,Baloti,,hamlet,,Nainital,29.28195,79.51768
7896583819,Baloti,,hamlet,,Nainital,29.41771,79.32461
11711366273,Balueti,,hamlet,,Nainital,29.28289,79.54618
7897053344,Bamdevpur,,village,,Nainital,29.27616,79.28041
11711328361,Bameta Bangar Kheema,,hamlet,,Nainital,29.10517,79.51317
11711328362,Bametabangar Keshavdatt,,hamlet,,Nainital,29.09574,79.52408
5520485606,Bana,,hamlet,,Nainital,29.31062,79.43618
7896583828,Banaali,,hamlet,,Nainital,29.43921,79.29786
7896504285,Banakot,,hamlet,,Nainital,29.24902,79.75031
7893400776,Banana,,village,,Nainital,29.29815,79.63178
342108615,Bandarpani,,village,,Nainital,29.44897,79.21899
7936552894,Baniya,,village,,Nainital,29.22910,79.65176
11711491776,Banna Kheda Range,,hamlet,,Nainital,29.22562,79.32855
342107600,Bannakhera,,village,,Nainital,29.26346,79.16336
7893400765,Bansa,,hamlet,,Nainital,29.31377,79.62251
11711465127,Banskhera Iswaridatt,,hamlet,,Nainital,29.16689,79.56824
7892323065,Bantekhi,,hamlet,,Nainital,29.39807,79.60547
7936552896,Barath,,village,,Nainital,29.23147,79.63513
7893047876,Baraun,,hamlet,,Nainital,29.27554,79.71255
7894072552,Barchuna Dhar,,hamlet,,Nainital,29.32521,79.54737
6411301114,Bargal,,hamlet,,Nainital,29.46340,79.46189
7894155022,Barjala,,hamlet,,Nainital,29.29903,79.61427
342108724,Basani,,village,,Nainital,29.29267,79.44146
7890804003,Basanti,,hamlet,,Nainital,29.48838,79.56046
11711370847,Basantpur,,hamlet,,Nainital,29.15996,79.56944
7890804004,Basgaon,,hamlet,,Nainital,29.49176,79.54934
7897119817,Basgaon,,hamlet,,Nainital,29.33759,79.47626
7905633290,Basgaon,,hamlet,,Nainital,29.52313,79.41836
7894069638,Basoli,,hamlet,,Nainital,29.29652,79.57056
7905633289,Basot,,hamlet,,Nainital,29.51884,79.42229
7872729143,Bastani,,hamlet,,Nainital,29.20646,79.77611
7894069658,Basutiya,,hamlet,,Nainital,29.30371,79.53780
8083039166,Bawas,,hamlet,,Nainital,29.52604,79.23527
7897053348,Becha Bangar,,village,,Nainital,29.28748,79.25636
7896752168,Bel,,village,,Nainital,29.30668,79.46112
7897119814,Belwakhan,,village,,Nainital,29.34588,79.47444
11711328352,Bera Pokhara,,hamlet,,Nainital,29.17695,79.51005
342102460,Berchula,,village,,Nainital,29.43237,79.81980
7896096492,Beri,,hamlet,,Nainital,29.40802,79.38282
342108862,Betalghat,बेतालघाट,town,,Nainital,29.55597,79.34189
7889815767,Bhadothi,,hamlet,,Nainital,29.45638,79.67296
7894069649,Bhadueni,,hamlet,,Nainital,29.27341,79.50220
7896677957,Bhagtaura,,hamlet,,Nainital,29.45236,79.26977
11711328336,Bhagwanpur Bichala,,hamlet,,Nainital,29.22385,79.46971
11711465110,Bhagwanpur Durgadatt,,hamlet,,Nainital,29.14626,79.53015
11711328335,Bhagwanpur Jaisingh,,hamlet,,Nainital,29.22882,79.47608
11711433480,Bhagwanpur Talla,,hamlet,,Nainital,29.22136,79.46563
11711465143,Bhagwatpur Rekuni,,hamlet,,Nainital,29.15662,79.59545
7894069669,Bhagyura,,village,,Nainital,29.36647,79.53956
7897119813,Bhaioti,,hamlet,,Nainital,29.34129,79.49059
7896504287,Bhajikharak,,hamlet,,Nainital,29.23895,79.75243
11711491783,Bhakra Range,,hamlet,,Nainital,29.23569,79.36554
342108634,Bhalaun,,village,,Nainital,29.46691,79.24845
7890139092,Bhalukopa,,village,,Nainital,29.37081,79.63481
7896074777,Bhani,,hamlet,,Nainital,29.36624,79.38545
7894072539,Bhankar,,village,,Nainital,29.34803,79.58691
342106779,Bhanpokhra,,village,,Nainital,29.28818,79.80606
7905633288,Bharari,,hamlet,,Nainital,29.51079,79.42791
7894072548,Bharatpur,,village,,Nainital,29.35824,79.54788
11711429063,Bharatpur No 1,,hamlet,,Nainital,29.20972,79.44035
11711429065,Bharatpur No 2,,hamlet,,Nainital,29.21088,79.44892
7890092262,Bhareliya,,hamlet,,Nainital,29.44070,79.64463
7892981620,Bharna,,hamlet,,Nainital,29.31683,79.72929
7896677959,Bhatanu,,hamlet,,Nainital,29.45937,79.26207
1347465929,Bhateliya,,village,,Nainital,29.43640,79.64936
7907546569,Bhatronj,,hamlet,,Nainital,29.58911,79.30417
7892981619,Bhatwar,,hamlet,,Nainital,29.31870,79.71804
7890749678,Bhauniyadhar,,hamlet,,Nainital,29.38130,79.52497
342109325,Bhawali Gaon,,village,,Nainital,29.41586,79.48756
11711465111,Bhawan Singh Nawar,,hamlet,,Nainital,29.12605,79.53213
7936530807,Bhawanipur,,hamlet,,Nainital,29.11790,79.68753
11711465108,Bhawanipur Harisingh,,hamlet,,Nainital,29.12789,79.52838
11711465109,Bhawanipur Kishana,,hamlet,,Nainital,29.13402,79.52322
6404463071,Bhayalgaon,,hamlet,,Nainital,29.49389,79.60650
7896752183,Bhela,,hamlet,,Nainital,29.33894,79.40609
7897116770,Bheliyadhara,,village,,Nainital,29.27120,79.33850
7892640537,Bhetana,,hamlet,,Nainital,29.49189,79.61264
342102470,Bhidapani,,village,,Nainital,29.40491,79.75251
7897053341,Bhimpuri,,village,,Nainital,29.26566,79.29700
7894072546,Bhimtal,भीमताल,town,,Nainital,29.35061,79.55417
7892981610,Bhita,,hamlet,,Nainital,29.32607,79.67654
7893163816,Bhoriya,,hamlet,,Nainital,29.26334,79.67431
7894069651,Bhorjala,,hamlet,,Nainital,29.31703,79.52996
342105819,Bhowali,भोवाली,town,,Nainital,29.38350,79.51884
7889758996,Bhramdhar,,hamlet,,Nainital,29.37571,79.73971
7894069656,Bhujiyaghat,,hamlet,,Nainital,29.30835,79.52400
7893400763,Bhujnain,,hamlet,,Nainital,29.33067,79.63270
342109258,Bhumiadhar,,village,,Nainital,29.38568,79.49982
7896022392,Bhumiyadhar,,village,,Nainital,29.38002,79.49617
7892323067,Bhuragali,,hamlet,,Nainital,29.38332,79.59389
7893163823,Bhurkuna,,hamlet,,Nainital,29.29012,79.67405
7907517124,Bidari,,hamlet,,Nainital,29.51391,79.36107
11711491782,Bidrampur,,hamlet,,Nainital,29.23712,79.36118
7897053345,Bijapur,,village,,Nainital,29.28462,79.26425
342108532,Bijrani FRH,,village,,Nainital,29.44019,79.07680
7894072538,Bijrauli,,village,,Nainital,29.34201,79.58320
7893052933,Bikhakot,,hamlet,,Nainital,29.30440,79.70538
7894072542,Bilaspur,,village,,Nainital,29.33718,79.57979
342108852,Binakot,,village,,Nainital,29.59281,79.34623
342109768,Binayak,,village,,Nainital,29.46121,79.40918
7892981603,Birisinghya,,hamlet,,Nainital,29.31233,79.67903
7907529812,Bismuji,,hamlet,,Nainital,29.55315,79.26593
7895978273,Bisni,,hamlet,,Nainital,29.49067,79.46205
7895978262,Bisoda,,hamlet,,Nainital,29.43080,79.48617
7894069659,Bohra,,hamlet,,Nainital,29.29299,79.50902
7896752177,Bohra Gaon,,hamlet,,Nainital,29.32116,79.42259
7892243917,Bohrakot,,hamlet,,Nainital,29.44328,79.56228
7894072551,Bohrakun,,hamlet,,Nainital,29.32810,79.55309
7893400764,Budadhura,,village,,Nainital,29.32530,79.62816
7905633285,Budheri,,hamlet,,Nainital,29.51040,79.44263
7890139106,Budhibana,,hamlet,,Nainital,29.44091,79.61620
7895978257,Budhlakot,,village,,Nainital,29.44038,79.46201
7894155027,Builyana,,hamlet,,Nainital,29.31929,79.60854
7890790499,Bukani,,hamlet,,Nainital,29.42334,79.51475
7905641474,Bunga,,hamlet,,Nainital,29.53254,79.40098
7892323061,Buransi,,village,,Nainital,29.40186,79.62813
7890092260,Buribana,,village,,Nainital,29.44703,79.62942
7892243923,Burkhala,,village,,Nainital,29.44909,79.57479
7895978272,Byansi,,hamlet,,Nainital,29.49482,79.46158
7936552890,Byura,,hamlet,,Nainital,29.24767,79.65311
11711465083,Byura,,hamlet,,Nainital,29.26756,79.54364
7893052929,Byurar,,hamlet,,Nainital,29.30129,79.73083
7907371102,Chadyula,,hamlet,,Nainital,29.56230,79.39289
7936530797,Chagauniya,,hamlet,,Nainital,29.20387,79.73703
7889758993,Chakpalana,,hamlet,,Nainital,29.36738,79.74471
7896141097,Chakrusi,,hamlet,,Nainital,29.36871,79.44574
7893047879,Chamoli,,village,,Nainital,29.27558,79.73961
7890092258,Chanchari,,hamlet,,Nainital,29.45051,79.63311
11056211387,Chanda Devi,,hamlet,,Nainital,29.29568,79.54908
11711491793,Chandani Chauk,,hamlet,,Nainital,29.26890,79.33726
11711433508,Chandani Chowk Bhagirath,,hamlet,,Nainital,29.14967,79.47186
11711433506,Chandani Chowk Garwal,,hamlet,,Nainital,29.15884,79.46640
11711328317,Chandani Chowk Ghurdaura,,hamlet,,Nainital,29.16336,79.48572
11711433505,Chandani Chowk Sanguri,,hamlet,,Nainital,29.16238,79.45602
11711433514,Chandnichowk Balutiya,,hamlet,,Nainital,29.16991,79.47827
11711433507,Chandnichowk Tilla,,hamlet,,Nainital,29.15475,79.46796
7896677946,Chandpur,,village,,Nainital,29.37713,79.27649
7907529809,Chandpur,,hamlet,,Nainital,29.54621,79.26696
7907371099,Chandrakot,,hamlet,,Nainital,29.57432,79.37656
342106836,Chanfi,,village,,Nainital,29.37201,79.57808
7892640558,Chapar,,hamlet,,Nainital,29.43066,79.59620
7895978260,Chapar,,hamlet,,Nainital,29.42452,79.48520
7894069639,Chaporiya,,hamlet,,Nainital,29.29824,79.57764
7907517137,Chappar,,village,,Nainital,29.55980,79.34770
430869305,Char Khet,,village,,Nainital,29.38512,79.43029
7897119811,Charta Malla,,village,,Nainital,29.35839,79.46557
7897119812,Charta Talla,,village,,Nainital,29.35585,79.47973
7894072543,Chaughanpata,,village,,Nainital,29.35143,79.54685
7896760286,Chauju,,hamlet,,Nainital,29.35063,79.37865
7890092272,Chaukhuta,,hamlet,,Nainital,29.42442,79.63936
7896495483,Chaura,,hamlet,,Nainital,29.23683,79.77561
7896752176,Chausala,,hamlet,,Nainital,29.26830,79.41488
7889815758,Chausali,,hamlet,,Nainital,29.44143,79.67646
342106770,Cherakhan,,village,,Nainital,29.27994,79.80881
11711465085,Chhakhata Range (P-2),,hamlet,,Nainital,29.29054,79.55201
7895984485,Chhara,,hamlet,,Nainital,29.49927,79.49312
7896583835,Chhara,,hamlet,,Nainital,29.45929,79.33150
11711328321,Chharayal Suyal,,hamlet,,Nainital,29.19529,79.48818
7892640554,Chhipa,,hamlet,,Nainital,29.43634,79.60373
7889759018,Chhiriya,,village,,Nainital,29.43930,79.72388
7897160004,Chhoya,,village,,Nainital,29.37907,79.30043
7892640563,Chila,,hamlet,,Nainital,29.42161,79.61725
7890092276,Chilagad,,hamlet,,Nainital,29.41697,79.62740
7897116766,Chintpur,,village,,Nainital,29.25520,79.32780
7889916466,Chinya,,hamlet,,Nainital,29.37773,79.66839
7889916467,Chinyakot,,hamlet,,Nainital,29.38139,79.69161
7896758222,Chopra,,hamlet,,Nainital,29.31885,79.48982
11711491792,Chora Jali,,hamlet,,Nainital,29.26878,79.34693
342107229,Chorgalia,,village,,Nainital,29.12397,79.69963
7895978259,Chorsa Naya,,hamlet,,Nainital,29.42435,79.47765
7890139115,Chtaula,,village,,Nainital,29.49869,79.63715
8083049083,Chukam,,hamlet,,Nainital,29.53588,79.11083
7907517123,Chuliya,,hamlet,,Nainital,29.51251,79.36824
7897053352,Chunakhan,,village,,Nainital,29.30040,79.24790
7907546568,Chyuni,,hamlet,,Nainital,29.58945,79.31453
7893400759,Chyurigad,,village,,Nainital,29.34692,79.65944
7893400757,Chyurikuni,,hamlet,,Nainital,29.34608,79.62616
7889916468,Dabagaon,,village,,Nainital,29.40775,79.70302
7907517139,Dabarbari,,hamlet,,Nainital,29.56269,79.35296
7890790490,Dadar,,hamlet,,Nainital,29.41009,79.51044
7896758219,Dadar,,hamlet,,Nainital,29.33342,79.48535
6413686235,Dadaun,,hamlet,,Nainital,29.32247,79.75402
7892640546,Dagar,,hamlet,,Nainital,29.46621,79.58842
7892243930,Dahargaon,,village,,Nainital,29.46815,79.56661
7892640542,Dailkona,,hamlet,,Nainital,29.47897,79.61283
7893047877,Dal,,hamlet,,Nainital,29.28314,79.71594
342101665,Dalkandia,,village,,Nainital,29.24286,79.81293
342109707,Dalkot,,village,,Nainital,29.49294,79.42767
7890092277,Damargad,,hamlet,,Nainital,29.41425,79.63361
11711465081,Damua Dhunga Bandobasti,,hamlet,,Nainital,29.25978,79.53952
7893163830,Danda,,hamlet,,Nainital,29.29964,79.68947
7907371110,Dandesari,,hamlet,,Nainital,29.54156,79.37850
7892981606,Dani,,hamlet,,Nainital,29.32891,79.66802
7896096503,Daniyakhan,,village,,Nainital,29.43029,79.38528
7890092256,Daram,,hamlet,,Nainital,29.46030,79.62880
7907371108,Darima,,hamlet,,Nainital,29.54387,79.40486
7889916471,Darmane,,hamlet,,Nainital,29.39567,79.69583
7895978275,Darmari,,village,,Nainital,29.48205,79.46540
342107335,Darmoli,,village,,Nainital,29.48564,79.67858
7893533797,Darra,,hamlet,,Nainital,29.35196,79.65435
7889758999,Datar,,hamlet,,Nainital,29.38262,79.73952
7896538197,Dau,,hamlet,,Nainital,29.45316,79.34762
7896538192,Daukhet,,hamlet,,Nainital,29.40371,79.35086
11711465148,Daulatpur,,hamlet,,Nainital,29.16110,79.59588
342107218,Dauli,,village,,Nainital,29.07394,79.61106
11711465136,Dauli Range,,hamlet,,Nainital,29.13682,79.59437
8082591843,Daun,,village,,Nainital,29.50795,79.22316
7896677945,Debirampur,,village,,Nainital,29.38350,79.28226
342109187,Dechauri,,village,,Nainital,29.38156,79.33228
7896538188,Degaon,,hamlet,,Nainital,29.37002,79.33395
7893533796,Deonagar,,hamlet,,Nainital,29.36018,79.63236
11711429067,Deopur Devka,,hamlet,,Nainital,29.21946,79.45164
11711433470,Deopur Kuriya,,hamlet,,Nainital,29.22813,79.43730
342106787,Deori,,village,,Nainital,29.31290,79.78684
7893400767,Dev Ka Dhura,,hamlet,,Nainital,29.31675,79.64369
7897119824,Devdhura,,village,,Nainital,29.34350,79.43235
7896583823,Devipur,,hamlet,,Nainital,29.41923,79.30335
11711491787,Devipur,,hamlet,,Nainital,29.24255,79.33847
11711465142,Devpur Pokhriya,,hamlet,,Nainital,29.15110,79.60543
11711366277,Dewala Malla,,hamlet,,Nainital,29.20980,79.56124
11711349481,Dewala Talla,,hamlet,,Nainital,29.20298,79.57425
11711465122,Dewalamalla Simlar,,hamlet,,Nainital,29.20703,79.56925
7897116765,Dewalchaur,,village,,Nainital,29.26209,79.32972
11711328347,Dewalchaur Bandobasti,,hamlet,,Nainital,29.19099,79.52069
11711491795,Dewalchor,,hamlet,,Nainital,29.25831,79.33693
7892243919,Dewka Dhar,,hamlet,,Nainital,29.46953,79.57887
11711465123,Dewla Talla Pajaya,,hamlet,,Nainital,29.19797,79.56340
7897053346,Dhamola,,village,,Nainital,29.28221,79.27520
7897160009,Dhana,,village,,Nainital,29.35917,79.31695
7896538194,Dhanak,,hamlet,,Nainital,29.42141,79.33661
7907348179,Dhanariya,,village,,Nainital,29.58492,79.38060
342107298,Dhanaroli,,village,,Nainital,29.42881,79.72661
7890092281,Dhanchuli,,village,,Nainital,29.40282,79.65405
7892981625,Dhangwalya,,hamlet,,Nainital,29.33653,79.71548
7905641467,Dhankori,,village,,Nainital,29.51510,79.37425
7893052922,Dhankura,,hamlet,,Nainital,29.29456,79.72877
11711465093,Dhanpur,,hamlet,,Nainital,29.12347,79.51034
11711433515,Dhanpuri,,hamlet,,Nainital,29.17166,79.47516
342109696,Dhanyakot,,village,,Nainital,29.49829,79.45450
7896752178,Dhapla,,village,,Nainital,29.31679,79.40523
7890803998,Dharapathaguli,,hamlet,,Nainital,29.49684,79.56539
7890220752,Dhargaon,,hamlet,,Nainital,29.47831,79.52307
7890139101,Dhari,,hamlet,,Nainital,29.39224,79.62811
7905578190,Dhari,,hamlet,,Nainital,29.51305,79.45699
7907529804,Dharkot,,village,,Nainital,29.55819,79.29889
7896141098,Dharmiyakhet,,hamlet,,Nainital,29.36766,79.43677
11711328353,Dhaula Khera,,hamlet,,Nainital,29.17436,79.51045
7890139103,Dhautiya,,hamlet,,Nainital,29.39709,79.61758
342108588,Dhela,,village,,Nainital,29.41933,78.99582
11409662580,Dhela FRH,,village,,Nainital,29.42339,78.99918
7896074781,Dholikher,,hamlet,,Nainital,29.37230,79.39944
7892243900,Dhulai,,hamlet,,Nainital,29.37578,79.54339
11711328334,Dhuni No 1,,hamlet,,Nainital,29.23214,79.47366
11711433479,Dhuni No 2,,hamlet,,Nainital,29.22619,79.46604
7893163826,Dhurahisalukot,,hamlet,,Nainital,29.30025,79.67522
7893047881,Dhurruchak,,hamlet,,Nainital,29.25478,79.71718
7936552899,Dida,,hamlet,,Nainital,29.22005,79.61204
7896583834,Dikriya,,hamlet,,Nainital,29.45621,79.32056
7907517152,Dithari,,hamlet,,Nainital,29.58906,79.35970
7890092257,Diwari,,hamlet,,Nainital,29.45649,79.63236
7890139104,Diwari,,hamlet,,Nainital,29.39952,79.62298
7893400779,Dob,,hamlet,,Nainital,29.28187,79.65536
7872729142,Doba,,hamlet,,Nainital,29.20645,79.78293
7895978274,Doba,,hamlet,,Nainital,29.49008,79.47282
7892323068,Dobi,,hamlet,,Nainital,29.38137,79.59955
342105737,Dogaon,,village,,Nainital,29.32232,79.50521
342102770,Dogari,,village,,Nainital,29.05197,79.94065
7894069654,Dogra,,village,,Nainital,29.31789,79.52183
342107705,Dohaiya,,village,,Nainital,29.38843,79.28559
342105339,Dokane,,village,,Nainital,29.52301,79.56711
7896583830,Dola,,village,,Nainital,29.43702,79.31099
7907517142,Dolgaon,,hamlet,,Nainital,29.58027,79.35850
7894069663,Dolhar,,hamlet,,Nainital,29.31900,79.50771
8083039167,Domas,,hamlet,,Nainital,29.51796,79.24754
342112456,Domunda FRH,,village,,Nainital,29.58547,79.00974
7896096499,Dov,,hamlet,,Nainital,29.42511,79.40553
7896677954,Duani,,hamlet,,Nainital,29.43466,79.27764
7893163825,Duduli,,hamlet,,Nainital,29.29662,79.67105
6391751838,Duhra,,village,,Nainital,29.29942,79.57142
7890092261,Duliyakhal,,hamlet,,Nainital,29.43726,79.63863
7896583829,Dumaila,,village,,Nainital,29.44461,79.30494
11711328363,Dumka Bangar Bachi Dharma,,hamlet,,Nainital,29.09458,79.53848
11711465101,Dumka Bangar Umapati,,hamlet,,Nainital,29.10745,79.50495
11711465113,Dungarpur,,hamlet,,Nainital,29.11231,79.52912
7872735692,Dungri,,hamlet,,Nainital,29.24138,79.85605
7894072549,Dungsil Malla,,village,,Nainital,29.33658,79.56054
7894072550,Dungsil Talla,,village,,Nainital,29.33308,79.55795
7936552897,Dungsira,,hamlet,,Nainital,29.23380,79.61874
7848652839,Duni pass,,hamlet,,Nainital,29.32871,79.66688
342109336,Dunikhal,,hamlet,,Nainital,29.41177,79.47373
7895978283,Dupakhi,,hamlet,,Nainital,29.46883,79.47923
11711465114,Durgapalpur Motiram,,hamlet,,Nainital,29.11079,79.53579
11711328367,Durgapalpur Parma,,hamlet,,Nainital,29.12342,79.52198
7896022386,Durgapur,,village,,Nainital,29.36866,79.46578
7890139086,Erideo,,hamlet,,Nainital,29.38924,79.66526
342108736,Fatehpur,फ़तेहपुर,village,,Nainital,29.25982,79.45333
7896538193,Fatehpur,,hamlet,,Nainital,29.42211,79.32498
11711433477,Fatehpur Range,,hamlet,,Nainital,29.25929,79.45008
7896677950,Gadela,,hamlet,,Nainital,29.45328,79.27756
7907529811,Gadhina,,hamlet,,Nainital,29.54770,79.26305
7892243911,Gagar,,hamlet,,Nainital,29.41403,79.54868
7896752182,Gahalane,,hamlet,,Nainital,29.35240,79.41351
7893074400,Gaikharr,,hamlet,,Nainital,29.36015,79.67216
7890092255,Gairabh,,hamlet,,Nainital,29.46514,79.63650
7893074399,Gairakhan,,hamlet,,Nainital,29.34883,79.67017
342112467,Gairal FRH,,village,,Nainital,29.55826,79.00339
7893073386,Gairani,,hamlet,,Nainital,29.27719,79.74804
7890790493,Gairkhan,,hamlet,,Nainital,29.39984,79.51666
7896074784,Gairkhet,,hamlet,,Nainital,29.38562,79.41536
7890092280,Gaja,,hamlet,,Nainital,29.40000,79.66406
7894069640,Gaja,,hamlet,,Nainital,29.29559,79.57573
7890092275,Gajar,,hamlet,,Nainital,29.41967,79.63137
7895978280,Gajar,,hamlet,,Nainital,29.46878,79.47014
7936552892,Gajar,,village,,Nainital,29.22494,79.65360
11711465150,Gajepur,,hamlet,,Nainital,29.18743,79.58432
7896096498,Gajkhet,,village,,Nainital,29.43164,79.40721
7892640548,Galla,,village,,Nainital,29.45884,79.59914
7893163820,Galyath,,hamlet,,Nainital,29.27865,79.69047
11711465092,Ganga Rampur,,hamlet,,Nainital,29.12526,79.49973
7889815753,Ganganath Dhar,,hamlet,,Nainital,29.42298,79.67086
11711465147,Gangapur,,hamlet,,Nainital,29.16188,79.60763
11711328359,Gangapur Kabdwal,,hamlet,,Nainital,29.12696,79.51212
7893533793,Gangoligad,,hamlet,,Nainital,29.37670,79.64991
7907371105,Gangreti,,village,,Nainital,29.56075,79.37465
342109306,Garampani,,village,,Nainital,29.48181,79.47785
7895978284,Garampani Talla,,hamlet,,Nainital,29.48901,79.47848
7890139109,Garhgaon,,village,,Nainital,29.46716,79.62131
245768369,Garja,,village,5000,Nainital,29.52297,79.10142
7896141103,Garjauli,,hamlet,,Nainital,29.46381,79.45012
2377100951,Garjiya,गर्जिया,village,,Nainital,29.47892,79.14859
7872693613,Garjwa Nala,,hamlet,,Nainital,29.03343,79.88084
7896096510,Garkhet,,hamlet,,Nainital,29.47646,79.41060
11711328350,Gaujajali Bichli,,hamlet,,Nainital,29.18908,79.52527
11711465086,Gaujajali Dakhin,,hamlet,,Nainital,29.17199,79.52857
11711328349,Gaujajali Uttar,,hamlet,,Nainital,29.18835,79.52169
7896141100,Gaujani,,hamlet,,Nainital,29.44126,79.45658
7896583820,Gauniya,,hamlet,,Nainital,29.42726,79.32477
7872729145,Gauniyarao,,village,,Nainital,29.18092,79.82179
7892981629,Gauraya,,hamlet,,Nainital,29.34558,79.70780
342108671,Gauriyadeo,,village,,Nainital,29.49143,79.23752
342107316,Gehna,,village,,Nainital,29.44885,79.67423
7936530795,Gena,,hamlet,,Nainital,29.20479,79.72332
342108702,Gethia,,village,,Nainital,29.35822,79.48883
7892981624,Gharta,,hamlet,,Nainital,29.33920,79.71340
7889815750,Ghatyura,,hamlet,,Nainital,29.41932,79.67882
7893052920,Ghigrani,,hamlet,,Nainital,29.29119,79.72135
342105806,Ghorakhal,,village,,Nainital,29.37869,79.54487
7907517127,Ghoriya,,hamlet,,Nainital,29.52209,79.34056
7907517135,Ghoriya,,village,,Nainital,29.54199,79.34549
342109746,Ghughuakhan,,village,,Nainital,29.44199,79.41742
7896074773,Ghughukham,,village,,Nainital,29.43866,79.40858
7896141102,Ghurani,,hamlet,,Nainital,29.43635,79.43087
7936541180,Ghurani,,hamlet,,Nainital,29.21155,79.67689
7890803992,Ghweti,,hamlet,,Nainital,29.48911,79.58503
7892243896,Ginghrani,,hamlet,,Nainital,29.37234,79.56945
7896752179,Gnathgarh,,hamlet,,Nainital,29.32749,79.37819
11711433496,Gobindpur Garwal,,hamlet,,Nainital,29.20634,79.47409
11711465116,Gola Range,,hamlet,,Nainital,29.10487,79.52926
342107356,Gudgudi,,village,,Nainital,29.28818,79.75662
11711328344,Gujraura,,hamlet,,Nainital,29.24078,79.44142
7897116767,Guljarpur Ramsingh,,village,,Nainital,29.25196,79.35426
7893193683,Gullajala,,hamlet,,Nainital,29.27377,79.63122
11711491790,Gulrajpur Banki,,hamlet,,Nainital,29.26104,79.34843
11711433475,Gulzarpur,,hamlet,,Nainital,29.24424,79.45418
7894069645,Gunalgaon,,village,,Nainital,29.26420,79.60045
342106946,Gunialekh,,village,,Nainital,29.36096,79.65225
7892275995,Gunigaon,,hamlet,,Nainital,29.37571,79.60266
11711433469,Gunipur Bhauna,,hamlet,,Nainital,29.22312,79.44093
11711429061,Gunipur Jiwanand,,hamlet,,Nainital,29.22360,79.43109
7890220744,Gunthar,,hamlet,,Nainital,29.47608,79.54648
11711433517,Gusaipur,,hamlet,,Nainital,29.17597,79.47417
7890139085,Gwalakut,,village,,Nainital,29.38307,79.64513
7896677965,Gwalde,,hamlet,,Nainital,29.49577,79.25472
7896096506,Gwalkhuni,,village,,Nainital,29.45232,79.38948
7895978265,Gwarchad,,hamlet,,Nainital,29.44931,79.47257
7893400770,Gwarijala,,hamlet,,Nainital,29.30912,79.65320
342105626,Hado,,village,,Nainital,29.06571,79.53690
7890139112,Hairakhali,,hamlet,,Nainital,29.49041,79.62813
6330925946,Hairakhan,,hamlet,,Nainital,29.24628,79.65613
7893231889,Hairakhan,,hamlet,,Nainital,29.25140,79.64397
7896758224,Hairi,,hamlet,,Nainital,29.28782,79.48660
11711433519,Haldu Pokhra Dharampal,,hamlet,,Nainital,29.18294,79.48542
11711328314,Haldu Pokhra Nayak,,hamlet,,Nainital,29.18271,79.47643
11711328364,Halduchaur Dauliya,,hamlet,,Nainital,29.10414,79.52236
11711465118,Halduchaur Devram,,hamlet,,Nainital,29.09102,79.53725
11711328365,Halduchaur Dina,,hamlet,,Nainital,29.10726,79.52404
11711328366,Halduchaur Jangi,,hamlet,,Nainital,29.11818,79.52793
11711465115,Halduchaur Parma,,hamlet,,Nainital,29.10690,79.52982
342104598,Haldwani,हल्द्वानी,city,275000,Nainital,29.21448,79.52790
7907517143,Haldyani,,hamlet,,Nainital,29.56879,79.35109
7890220739,Hali,,village,,Nainital,29.46555,79.50737
7907517134,Halson,,hamlet,,Nainital,29.54191,79.35508
7907371104,Hamkot,,hamlet,,Nainital,29.56547,79.38809
7897160008,Hanpur,,village,,Nainital,29.36755,79.32232
7872735696,Hanspur,,hamlet,,Nainital,29.07270,79.77276
7895978268,Hantap Mati,,village,,Nainital,29.45077,79.49282
11711429064,Harakpur Kuria,,hamlet,,Nainital,29.20852,79.44548
11711465084,Harigarh Dalipsingh,,hamlet,,Nainital,29.27156,79.54637
342102477,Harinagar,,village,,Nainital,29.41589,79.76212
7892323060,Harinagar,,village,,Nainital,29.41390,79.61934
7894072554,Harinagar,,hamlet,,Nainital,29.32311,79.55842
7905641468,Harinagar,,hamlet,,Nainital,29.50943,79.37669
7897053350,Haripur,,village,,Nainital,29.29183,79.26949
11711491777,Haripur,,hamlet,,Nainital,29.22926,79.32008
11711465099,Haripur Bachi,,hamlet,,Nainital,29.09716,79.51005
11711465100,Haripur Bhandeo,,hamlet,,Nainital,29.10362,79.50784
11711433484,Haripur Gangu,,hamlet,,Nainital,29.22335,79.49202
11711328316,Haripur Jamansingh,,hamlet,,Nainital,29.15005,79.46322
11711465090,Haripur Keshavdatt,,hamlet,,Nainital,29.15210,79.51706
11711433516,Haripur Kunwarsingh,,hamlet,,Nainital,29.16796,79.46696
11711465117,Haripur Lachhi,,hamlet,,Nainital,29.10234,79.52565
11711433510,Haripur Lalmani,,hamlet,,Nainital,29.15246,79.48118
11711465091,Haripur Madansing,,hamlet,,Nainital,29.13995,79.51070
11711433512,Haripur Motia,,hamlet,,Nainital,29.15892,79.48320
11711328322,Haripur Nayak,,hamlet,,Nainital,29.21509,79.49222
11711433509,Haripur Phutkuwan,,hamlet,,Nainital,29.13998,79.46789
11711328354,Haripur Purnanand,,hamlet,,Nainital,29.17225,79.51490
11711433511,Haripur Ratansingh,,hamlet,,Nainital,29.15701,79.49120
11711465088,Haripur Shivdatt,,hamlet,,Nainital,29.15782,79.50636
11711465080,Haripur Sukha,,hamlet,,Nainital,29.20729,79.52364
11711465135,Haripur Thathola,,hamlet,,Nainital,29.13160,79.59052
11711366271,Haripur Tularam,,hamlet,,Nainital,29.15902,79.52911
11711465146,Harisinghpur Urf Lachchhampur,,hamlet,,Nainital,29.15329,79.60951
7892243897,Hariyagaon,,village,,Nainital,29.37326,79.55934
7896074782,Hariyajyoti,,hamlet,,Nainital,29.37686,79.40145
7896096504,Hariyal,,village,,Nainital,29.43728,79.39412
7905633287,Haroli,,village,,Nainital,29.50464,79.43617
7907517130,Harshanauli,,hamlet,,Nainital,29.55352,79.36131
342109055,Harson,,village,,Nainital,29.53812,79.42704
7890220746,Hartola,,village,,Nainital,29.47803,79.55235
11711366270,Hathikhal,,hamlet,,Nainital,29.15524,79.52766
11711328355,Heragaja,,hamlet,,Nainital,29.16465,79.50865
11711328313,Himmatpur Baijnath,,hamlet,,Nainital,29.18837,79.47412
11711465128,Himmatpur Golapar,,hamlet,,Nainital,29.16845,79.57536
11711328328,Himmatpur Malla,,hamlet,,Nainital,29.22247,79.48398
11711465089,Himmatpur Motahaldu,,hamlet,,Nainital,29.15255,79.50785
11711465151,Himmatpur Nakayal,,hamlet,,Nainital,29.18850,79.59306
11711328329,Himmatpur Talla,,hamlet,,Nainital,29.21811,79.48151
7893047878,Hitha,,hamlet,,Nainital,29.28423,79.72124
7896022395,Hydel,,hamlet,,Nainital,29.38618,79.46364
11711465094,Inderpur Garwal,,hamlet,,Nainital,29.11572,79.50117
7936530809,Indrapur,,hamlet,,Nainital,29.12127,79.68040
11711429053,Isai Nagar No 2,,hamlet,,Nainital,29.21430,79.40951
11711433473,Isainagar No 1,,hamlet,,Nainital,29.23247,79.41922
7889758995,Jaburbaghar,,village,,Nainital,29.38004,79.74752
11711370850,Jagatpur,,hamlet,,Nainital,29.17036,79.56764
7889759021,Jainu,,village,,Nainital,29.44909,79.71933
7936530808,Jaipur,,hamlet,,Nainital,29.12292,79.68688
11711328357,Jaipur Bisa,,hamlet,,Nainital,29.13641,79.50576
11711328358,Jaipur Khama,,hamlet,,Nainital,29.13380,79.50480
11711328343,Jaipur Padki,,hamlet,,Nainital,29.23596,79.43847
7871999081,Jajeni,,hamlet,,Nainital,29.23667,79.89793
7896141104,Jajula,,hamlet,,Nainital,29.46983,79.44527
7895978258,Jakh,,hamlet,,Nainital,29.42895,79.46342
7872729141,Jala,,hamlet,,Nainital,29.20966,79.79164
7893400769,Jala,,hamlet,,Nainital,29.31499,79.65459
7896096514,Jala,,hamlet,,Nainital,29.49437,79.43536
7896538189,Jalagaon,,village,,Nainital,29.37118,79.37129
7892981617,Jamankada,,hamlet,,Nainital,29.32418,79.70821
7897119830,Jamira,,hamlet,,Nainital,29.35345,79.43298
7892981616,Jamlla,,hamlet,,Nainital,29.33155,79.70053
7893073387,Jamni,,village,,Nainital,29.28417,79.74900
7896677963,Jamni,,hamlet,,Nainital,29.48537,79.25419
7892243913,Jamrani,,hamlet,,Nainital,29.43158,79.56217
7936552891,Jamrani,,hamlet,,Nainital,29.24771,79.64875
6413686936,Jamrari,,hamlet,,Nainital,29.35955,79.74385
7896583832,Janela Malla,,hamlet,,Nainital,29.44763,79.32584
7896583831,Janela Talla,,hamlet,,Nainital,29.43661,79.32622
7894155024,Jangaliyagaon,,village,,Nainital,29.32683,79.61344
11711328360,Jangi Bangar,,hamlet,,Nainital,29.11424,79.50863
7894155033,Jangliya,,village,,Nainital,29.33557,79.60719
7894069665,Jantwalgaon,,hamlet,,Nainital,29.33789,79.54157
7895978267,Jasiya Ghunna,,hamlet,,Nainital,29.44646,79.48643
11711465133,Jaspur Khaulia,,hamlet,,Nainital,29.14186,79.58114
7907517140,Jatna,,hamlet,,Nainital,29.56036,79.35972
7890220747,Jaul Pokhra,,hamlet,,Nainital,29.47097,79.54636
7872735699,Jaulasal,,hamlet,,Nainital,29.06641,79.82466
7890141039,Jaunpokhia,,village,,Nainital,29.43651,79.70128
7896495484,Jausali,,hamlet,,Nainital,29.24219,79.77028
11711465078,Jeetpur Negi,,hamlet,,Nainital,29.17605,79.49937
11711433472,Jeetpur Nigaltia,,hamlet,,Nainital,29.22860,79.44757
11711465145,Jeetpur Rekwal,,hamlet,,Nainital,29.15725,79.60923
342108713,Jeolikote,,village,,Nainital,29.34448,79.48334
11711491791,Jhaluwajala Bandobasti,,hamlet,,Nainital,29.26435,79.34640
11711491789,Jhaluwajala Kham,,hamlet,,Nainital,29.25796,79.34899
7892323066,Jhanjha,,hamlet,,Nainital,29.39397,79.61691
342106764,Jhargaon,,village,,Nainital,29.27994,79.77585
11711465139,Jhoothpur Urf Jeetpur,,hamlet,,Nainital,29.14737,79.59532
7905641479,Jinoli,,hamlet,,Nainital,29.51510,79.40141
7897119827,Jogara,,hamlet,,Nainital,29.36346,79.43098
7890139110,Jogera,,hamlet,,Nainital,29.47573,79.61998
7896141105,Jogiyari,,hamlet,,Nainital,29.47603,79.45218
7896022389,Jokhiya,,hamlet,,Nainital,29.38648,79.49306
7894069664,Joli,,hamlet,,Nainital,29.33261,79.51119
7907517138,Joshikhola,,village,,Nainital,29.56086,79.35154
7907517144,Joshikhola,,hamlet,,Nainital,29.57389,79.34809
342107235,Joulasal,,village,,Nainital,29.15085,79.70032
7896752169,Jukhani,,hamlet,,Nainital,29.31189,79.45776
7892640535,Julbanj,,hamlet,,Nainital,29.50087,79.60938
7890790503,Jutiya,,village,,Nainital,29.44106,79.53810
11711465130,Jwala Pokhri,,hamlet,,Nainital,29.16685,79.57636
11711433499,Jwalasal Urf Karayal,,hamlet,,Nainital,29.19473,79.48957
7892981614,Kabara,,hamlet,,Nainital,29.33302,79.69600
6413968041,Kachalkot,,hamlet,,Nainital,29.36870,79.82584
7892981613,Kachurani,,hamlet,,Nainital,29.31830,79.69946
7896022393,Kaila Khan,,hamlet,,Nainital,29.37579,79.47856
7893400774,Kailan,,hamlet,,Nainital,29.29851,79.65043
342107255,Kailash Dwar,,village,,Nainital,29.28543,79.69483
7890790496,Kainchi,,hamlet,,Nainital,29.42226,79.51310
8586202949,Kainchi,,village,,Nainital,29.43116,79.50529
7893400768,Kaishal,,hamlet,,Nainital,29.32068,79.65680
7936530794,Kakor,,village,,Nainital,29.19849,79.71366
7889815752,Kala Patal,,hamlet,,Nainital,29.41917,79.66842
342109217,Kaladhungi,कालाढूंगी,town,,Nainital,29.28463,79.34726
11711491796,Kaladungi Bandobasti,,hamlet,,Nainital,29.28202,79.34966
342107273,Kalagarhi,,village,,Nainital,29.31152,79.69620
7896022387,Kalakhan,,hamlet,,Nainital,29.36925,79.48046
7896760288,Kaletni,,hamlet,,Nainital,29.36011,79.39867
7896074780,Kalibajara,,hamlet,,Nainital,29.37107,79.39407
7896677964,Kalsi,,hamlet,,Nainital,29.49166,79.26123
7892981626,Kalukhan,,hamlet,,Nainital,29.33486,79.72351
11711465137,Kalupur Pokharia,,hamlet,,Nainital,29.14260,79.59488
7896677944,Kalyanpur,,village,,Nainital,29.37731,79.28962
11711465149,Kalyanpur,,hamlet,,Nainital,29.15827,79.58457
11711433481,Kamaluwa Ganja Gaur,,hamlet,,Nainital,29.21368,79.47289
11711433482,Kamaluwa Ganja Narsingh Malla,,hamlet,,Nainital,29.21664,79.47711
11711433490,Kamaluwa Ghaja Kabdal,,hamlet,,Nainital,29.21665,79.46183
11711328337,Kamaluwaganja Mehta,,hamlet,,Nainital,29.20832,79.45898
10150955309,Kamalwaganja,कमालुवागंजा ,village,,Nainital,29.21353,79.45538
7897053343,Kamola,,village,,Nainital,29.27790,79.29168
7893047884,Kamukhan,,hamlet,,Nainital,29.25428,79.74890
7896538198,Kamukhet,,hamlet,,Nainital,29.45369,79.35502
7890220742,Kana Dnar,,hamlet,,Nainital,29.45959,79.53271
7890139093,Kanarkha,,village,,Nainital,29.36752,79.62427
7907517117,Kanda,,village,,Nainital,29.52687,79.25614
7890092271,Kanyager,,hamlet,,Nainital,29.42957,79.64686
7892640562,Kaphall,,hamlet,,Nainital,29.42571,79.61535
7896504286,Kaphrali,,hamlet,,Nainital,29.24513,79.75236
6411300964,Kaphulla,,hamlet,,Nainital,29.45386,79.46511
7894155025,Kapta,,hamlet,,Nainital,29.32577,79.60777
7936574446,Karai,,hamlet,,Nainital,29.22410,79.74672
342106792,Karaik,,village,,Nainital,29.34174,79.75251
11711491778,Karampur,,hamlet,,Nainital,29.23311,79.32433
7896096511,Karara,,hamlet,,Nainital,29.48380,79.41519
11711433500,Karayalpur Chatursingh,,hamlet,,Nainital,29.18792,79.48999
7890220757,Karchariya,,hamlet,,Nainital,29.48830,79.53712
7890139105,Karkheldher,,hamlet,,Nainital,29.43360,79.61766
7894072556,Karkhi,,village,,Nainital,29.31293,79.57462
7894072544,Karki Binayak,,village,,Nainital,29.36557,79.55429
7894072540,Karkot,,village,,Nainital,29.35201,79.57464
7890139091,Kasani,,hamlet,,Nainital,29.36590,79.63646
7892981609,Kasani,,hamlet,,Nainital,29.32895,79.67371
7890804001,Kashmauli,,hamlet,,Nainital,29.49897,79.54760
342106920,Kasiyalekh,,village,,Nainital,29.42825,79.63303
7936530806,Katankhandwal,,hamlet,,Nainital,29.11518,79.68384
342108760,Kathgharia,कठघरिया,village,,Nainital,29.23478,79.47913
342105722,Kathgodam,काठगोदाम,town,,Nainital,29.26623,79.54374
7895978281,Kathota,,hamlet,,Nainital,29.46634,79.47430
7895978279,Kathota Gad,,hamlet,,Nainital,29.46761,79.46600
7890220743,Kathpatha Deota,,hamlet,,Nainital,29.46478,79.53020
7907529805,Katimi,,hamlet,,Nainital,29.56200,79.28133
7890092279,Kaulgaon,,hamlet,,Nainital,29.40925,79.64597
7936541181,Kaunta,,hamlet,,Nainital,29.20675,79.67298
7892640559,Kausaini Orchad,,hamlet,,Nainital,29.43608,79.58245
7894069667,Kausani,,hamlet,,Nainital,29.33757,79.50480
11711491773,Khadakpur,,hamlet,,Nainital,29.22605,79.34857
7905641473,Khairali,,hamlet,,Nainital,29.53715,79.39974
7907529800,Khairali,,hamlet,,Nainital,29.55151,79.32219
7905622484,Khairani,,hamlet,,Nainital,29.51589,79.44817
342109295,Khairna,,village,,Nainital,29.49508,79.47930
7894072553,Khairola,,village,,Nainital,29.31941,79.56490
7896096509,Khalar,,hamlet,,Nainital,29.49874,79.41012
7936541179,Khali,,hamlet,,Nainital,29.21440,79.67023
7893231886,Khalijala,,hamlet,,Nainital,29.26121,79.62238
7890749676,Khalkwira,,hamlet,,Nainital,29.38502,79.53157
7896096491,Khamari,,hamlet,,Nainital,29.40108,79.37478
7896760287,Khamari,,village,,Nainital,29.35239,79.38761
7896504289,Khanori,,hamlet,,Nainital,29.21100,79.76659
7893052923,Khansyun,,hamlet,,Nainital,29.29441,79.74195
7892640547,Khar,,hamlet,,Nainital,29.46452,79.59530
7892640545,Kharakdhura,,hamlet,,Nainital,29.47045,79.58833
11711328368,Kharakpur,,hamlet,,Nainital,29.13781,79.52557
11711433471,Kharakpur Isai,,hamlet,,Nainital,29.23128,79.44007
7894069652,Khararjali,,hamlet,,Nainital,29.31941,79.52480
7936574459,Khari Chak,,hamlet,,Nainital,29.23357,79.70332
7895978269,Kharima Nad,,village,,Nainital,29.49471,79.47576
7896096494,Kharkhet,,hamlet,,Nainital,29.40861,79.37146
7907529806,Kharki,,hamlet,,Nainital,29.54527,79.29069
7907529807,Khaula,,hamlet,,Nainital,29.54415,79.25773
11711433492,Khempur,,hamlet,,Nainital,29.22859,79.46150
11711366275,Khera,,hamlet,,Nainital,29.23599,79.55665
7892243912,Khopa,,hamlet,,Nainital,29.42845,79.56452
7896022391,Khopi,,hamlet,,Nainital,29.37460,79.48900
7897119837,Khrupa,,hamlet,,Nainital,29.37094,79.43004
7896538190,Khudoliyakhet,,hamlet,,Nainital,29.38008,79.36910
7896583818,Khunliya,,village,,Nainital,29.37507,79.32549
11711429062,Khushalpur,,hamlet,,Nainital,29.21572,79.44063
7896583842,Khwetani,,hamlet,,Nainital,29.49695,79.31356
342107685,Kiarion,,village,,Nainital,29.36920,79.18534
7892640533,Kilaur,,hamlet,,Nainital,29.49506,79.59490
342109726,Kilbary,,village,,Nainital,29.42276,79.43665
7890790508,Kimaukhet,,hamlet,,Nainital,29.45230,79.51625
7892640564,Kiror,,hamlet,,Nainital,29.42037,79.61163
11711465120,Kisan Range,,hamlet,,Nainital,29.21645,79.57061
11711465119,Kishan Nagri,,hamlet,,Nainital,29.21683,79.56039
11711465095,Kishana Newar,,hamlet,,Nainital,29.10545,79.50070
11711328318,Kishanpur Ghur Daura,,hamlet,,Nainital,29.16706,79.48834
11711370846,Kishanpur Pauria,,hamlet,,Nainital,29.15382,79.58304
11711370849,Kishanpur Rekwal,,hamlet,,Nainital,29.16762,79.59722
11711366269,Kishanpur Sarkuliya,,hamlet,,Nainital,29.14143,79.52563
7893073385,Kitora,,hamlet,,Nainital,29.25295,79.74263
7889916463,Koidal,,hamlet,,Nainital,29.37275,79.70019
7892640551,Kokalbana,,hamlet,,Nainital,29.45858,79.61382
7907517147,Kolgaon,,hamlet,,Nainital,29.57592,79.33749
7905633293,Korar,,hamlet,,Nainital,29.53924,79.42096
11711465082,Korta,,hamlet,,Nainital,29.26387,79.53930
7907529808,Kosi,,hamlet,,Nainital,29.54779,79.25363
10940047840,Kota Bāgh,कोटाबाग,town,,Nainital,29.37649,79.31957
7907529803,Kota Dhuriya,,hamlet,,Nainital,29.54875,79.29932
7893163817,Kotbanna,,hamlet,,Nainital,29.26427,79.67823
7896752166,Kothidhar,,hamlet,,Nainital,29.32885,79.42986
7894155021,Kotjala,,hamlet,,Nainital,29.30221,79.61734
7889916474,Kotlakharak,,village,,Nainital,29.41336,79.69154
7896096490,Kotli,,hamlet,,Nainital,29.39279,79.38437
7892981608,Kuchalgarh,,hamlet,,Nainital,29.33131,79.68543
7895978271,Kujauli,,hamlet,,Nainital,29.49945,79.46214
7897119823,Kujethi,,hamlet,,Nainital,29.34399,79.44004
7936574454,Kukri Nala,,village,,Nainital,29.21844,79.69547
6330925948,Kula,,hamlet,,Nainital,29.28178,79.60953
7890749673,Kuleti,,hamlet,,Nainital,29.41090,79.53645
7890749674,Kuleti,,hamlet,,Nainital,29.40472,79.53226
7896022396,Kulgair,,hamlet,,Nainital,29.40898,79.48153
7892243909,Kumaon,,hamlet,,Nainital,29.41830,79.55215
7893400762,Kuna,,hamlet,,Nainital,29.32392,79.64049
7872735693,Kundal,,hamlet,,Nainital,29.23258,79.84214
6395613167,Kunigad,,hamlet,,Nainital,29.33600,79.63572
7889759016,Kunir Gad,,village,,Nainital,29.42224,79.72433
342108871,Kunjakharak,,village,,Nainital,29.50103,79.31275
8083049081,Kunkhet,,village,,Nainital,29.53644,79.15416
342105596,Kunwarpur,,village,,Nainital,29.20029,79.56436
11711370852,Kunwarpur,,hamlet,,Nainital,29.18915,79.56868
7889759007,Kunwati,,hamlet,,Nainital,29.40683,79.72888
11711328342,Kuraiagaon,,hamlet,,Nainital,29.23099,79.44733
7897119831,Kurgaon Malla,,hamlet,,Nainital,29.35424,79.44722
7897119833,Kurgaon Talla,,hamlet,,Nainital,29.35657,79.44347
7896022390,Kurjya Malla,,hamlet,,Nainital,29.37507,79.49791
7896022388,Kurjya Talla,,hamlet,,Nainital,29.36871,79.48759
7892243903,Kurthi,,hamlet,,Nainital,29.39597,79.58376
7889916462,Kutiya Khal,,village,,Nainital,29.36914,79.67916
7893074398,Kutori,,village,,Nainital,29.34545,79.68133
7890220749,Kwairapani,,hamlet,,Nainital,29.46918,79.52594
11711370851,Lachhampur,,hamlet,,Nainital,29.17820,79.58454
11711491784,Lachhampur,,hamlet,,Nainital,29.23678,79.36655
7907529813,Ladasi,,hamlet,,Nainital,29.55304,79.25636
7890139102,Ladhora,,hamlet,,Nainital,29.38945,79.62292
7936530810,Lakhanmandi,,hamlet,,Nainital,29.12907,79.69624
342106796,Lakhanpur,,village,,Nainital,29.18518,79.58222
342105605,Lalkuan,लालकुआँ,town,,Nainital,29.06786,79.51661
11711433501,Lalpur Nayak,,hamlet,,Nainital,29.19975,79.47627
342108747,Lamachaur,,village,,Nainital,29.22303,79.43108
11711328339,Lamachaur Khas,,hamlet,,Nainital,29.22757,79.41655
7890790491,Lamansaur,,hamlet,,Nainital,29.41234,79.51582
7871999083,Lamasur,,hamlet,,Nainital,29.22934,79.89423
7889759020,Lamejar,,hamlet,,Nainital,29.44253,79.71521
7894069657,Lamjala,,hamlet,,Nainital,29.30734,79.53629
7893163824,Lampuchha,,hamlet,,Nainital,29.30420,79.67131
7889815771,Latholi,,hamlet,,Nainital,29.48793,79.66547
7936552887,Lawepani,,village,,Nainital,29.23535,79.68062
7896677958,Ledhara,,hamlet,,Nainital,29.44898,79.25365
7907517141,Ledhara,,hamlet,,Nainital,29.57618,79.36395
7890092266,Letibunga,,village,,Nainital,29.43466,79.66204
7890749682,Lewasal,,hamlet,,Nainital,29.37397,79.52911
7896752184,Ling,,hamlet,,Nainital,29.34099,79.38566
7896096485,Lingdhar,,hamlet,,Nainital,29.39653,79.40768
7892243924,Lirak,,village,,Nainital,29.45081,79.58331
7893052927,Ljjar,,hamlet,,Nainital,29.30897,79.74727
7936552886,Logar,,village,,Nainital,29.23099,79.69109
7890220760,Lohali,,village,,Nainital,29.49340,79.50870
7907529810,Lohara,,hamlet,,Nainital,29.54899,79.27204
11711328327,Lohariasal Talla,,hamlet,,Nainital,29.22637,79.49037
7897149394,Londriyar,,village,,Nainital,29.27719,79.30764
7892640550,Ludh,,village,,Nainital,29.45699,79.60635
7892243922,Lushgaini,,village,,Nainital,29.46297,79.57921
7890790488,Machli diggi,,hamlet,,Nainital,29.40381,79.50361
342107246,Machliban,,village,,Nainital,29.15909,79.71405
11711465132,Madanpur,,hamlet,,Nainital,29.15361,79.57379
7896583827,Madyal,,hamlet,,Nainital,29.45341,79.29972
7907517148,Maglongad,,hamlet,,Nainital,29.59163,79.33848
7890220753,Mahalkhet Dhar,,village,,Nainital,29.47413,79.51265
7893163829,Mahante,,hamlet,,Nainital,29.29686,79.69323
7890749680,Mahargaon,,hamlet,,Nainital,29.37713,79.53561
7892243899,Mahargaon,,village,,Nainital,29.36778,79.54505
7892243904,Maharkhet,,hamlet,,Nainital,29.39188,79.54643
7897053347,Mahjhera,,village,,Nainital,29.27438,79.27447
7905578192,Mahjhera,,hamlet,,Nainital,29.50102,79.47207
7896096502,Mahrora,,village,,Nainital,29.42917,79.39549
7889759005,Mahtoligaon,,village,,Nainital,29.41599,79.71330
7893052919,Mairi,,hamlet,,Nainital,29.28544,79.70699
7889759008,Maitholi,,village,,Nainital,29.40928,79.74255
7905641475,Majalgaon,,hamlet,,Nainital,29.53021,79.40877
7890092270,Majera,,hamlet,,Nainital,29.42424,79.65257
7889759015,Majyuli,,hamlet,,Nainital,29.42257,79.73053
7892981604,Malakhapal,,hamlet,,Nainital,29.31320,79.67139
342112487,Malani FRH,,village,,Nainital,29.48099,79.01333
7905633291,Malla Bardhau,,hamlet,,Nainital,29.52795,79.42813
7895978263,Malla Ghuna,,hamlet,,Nainital,29.44005,79.48136
7889916469,Malla Hatmanagram,,village,,Nainital,29.39988,79.69450
7892243906,Malla Kun,,hamlet,,Nainital,29.39638,79.55376
7896096486,Malla Kun,,hamlet,,Nainital,29.38980,79.40575
342107279,Malla Okhalkanda,,village,,Nainital,29.32457,79.73509
7936530804,Malla Pachhauniya,,hamlet,,Nainital,29.12120,79.70038
7892243914,Malla Ramgarh,,village,,Nainital,29.42790,79.55114
7896538187,Malla Syat,,hamlet,,Nainital,29.39536,79.33678
7907371112,Mallagaon,,village,,Nainital,29.53937,79.38347
7889759003,Malli Dim,,hamlet,,Nainital,29.40915,79.71442
7907517129,Malli Pali,,hamlet,,Nainital,29.55236,79.34908
7892640534,Malli Sinoli,,hamlet,,Nainital,29.49714,79.60492
7893400761,Malwatal,,hamlet,,Nainital,29.32607,79.64620
7889916472,Managher,,hamlet,,Nainital,29.39537,79.67586
342109381,Maneri,,village,,Nainital,29.35959,79.46137
7896752180,Mangoli,,village,,Nainital,29.34605,79.39472
7897116771,Mangoliyadhara,,village,,Nainital,29.28176,79.33558
7896538205,Maniya,,hamlet,,Nainital,29.47970,79.35068
11711328319,Manpur Pashchim,,hamlet,,Nainital,29.18136,79.50137
11711465079,Manpur Poorab,,hamlet,,Nainital,29.18415,79.50879
11711328320,Manpur Uttar,,hamlet,,Nainital,29.19459,79.51277
7894069641,Marchijali,,hamlet,,Nainital,29.28576,79.60762
342106930,Matiyal,,village,,Nainital,29.37681,79.61104
7896758221,Matiyali,,hamlet,,Nainital,29.32659,79.48870
7896758220,Matiyali Thok,,hamlet,,Nainital,29.33033,79.49578
7889815757,Matryal,,hamlet,,Nainital,29.44423,79.67656
7890790489,Matyall,,hamlet,,Nainital,29.40693,79.50025
7907517119,Mauna,,hamlet,,Nainital,29.51484,79.25524
7896677947,Mayalampur,,village,,Nainital,29.37993,79.27219
7936541178,Mayuri,,hamlet,,Nainital,29.21297,79.68491
7896752175,Meetha Anwala,,hamlet,,Nainital,29.27254,79.42752
7890220755,Mehaldhar,,hamlet,,Nainital,29.48722,79.51148
7896583833,Mehodhura,,hamlet,,Nainital,29.44969,79.31558
7872008887,Melachaur,,hamlet,,Nainital,29.22091,79.88544
7871999080,Midar,,hamlet,,Nainital,29.24064,79.90206
7936574456,Mihal,,village,,Nainital,29.22103,79.69620
342108491,Mohan,,village,,Nainital,29.54517,79.10453
7889759009,Mohangaon,,village,,Nainital,29.41534,79.73963
7896752172,Mona,,hamlet,,Nainital,29.30294,79.43849
7894069660,Mora,,hamlet,,Nainital,29.30173,79.52046
7897116773,Motishah Ka Bagh,,hamlet,,Nainital,29.30133,79.33897
342109207,Mousabangar,,village,,Nainital,29.34311,79.31855
342106908,Mukteshwar,,village,,Nainital,29.47208,79.64804
7892981630,Mura,,hamlet,,Nainital,29.34872,79.71813
7936552889,Murkuriya,,hamlet,,Nainital,29.24130,79.66581
7936552893,Mursili,,village,,Nainital,29.22071,79.65088
7897160011,Musa Bangar,,village,,Nainital,29.34462,79.32549
7892323059,Muskharak,,hamlet,,Nainital,29.41839,79.60378
7890790497,Nachak,,hamlet,,Nainital,29.42394,79.50763
7889759004,Nagadal,,hamlet,,Nainital,29.41233,79.72208
7890749684,Nagari,,village,,Nainital,29.37808,79.51906
7907529798,Nagirgaon,,hamlet,,Nainital,29.57779,79.32670
7892981615,Nagonia,,hamlet,,Nainital,29.32867,79.69452
7892981618,Nagonia,,village,,Nainital,29.32665,79.70403
7896752171,Naijola,,hamlet,,Nainital,29.30070,79.44815
7892243925,Naikana,,hamlet,,Nainital,29.45610,79.57290
7897119815,Naikhana,,hamlet,,Nainital,29.34846,79.46733
7889759000,Nail,,village,,Nainital,29.38978,79.73705
7896760285,Naini,,village,,Nainital,29.34522,79.37146
7905641472,Naini,,hamlet,,Nainital,29.53880,79.41126
342107367,Nainital,नैनीताल,town,,Nainital,29.39053,79.46087
7896096493,Naipan,,hamlet,,Nainital,29.41168,79.37712
11711491772,Naisela,,hamlet,,Nainital,29.30564,79.45059
7896752170,Naisola,,hamlet,,Nainital,29.31020,79.44922
7936574453,Naithana,,village,,Nainital,29.21477,79.70957
7936530811,Nandhaur,,hamlet,,Nainital,29.13123,79.70450
11711433478,Nandpur,,hamlet,,Nainital,29.23475,79.47451
11711491780,Naripur,,hamlet,,Nainital,29.23758,79.33239
11711429057,Naripur Lamachaur,,hamlet,,Nainital,29.22258,79.41486
11711491775,Narpatpur Urf Sangatpur,,hamlet,,Nainital,29.22607,79.33406
7896677949,Nathujala,,village,,Nainital,29.38887,79.27533
7897160003,Nathunagar,,village,,Nainital,29.37922,79.32343
11711465112,Nathupur Chamwal,,hamlet,,Nainital,29.11527,79.53157
11711328340,Nathupur Padli,,hamlet,,Nainital,29.22855,79.43265
342106858,Nathuwakhan,,village,,Nainital,29.47495,79.60556
342106888,Nathuwakhan,,village,,Nainital,29.46944,79.63148
7892640541,Nathuwakhan,,village,,Nainital,29.47943,79.60097
7892640543,Nathuwaklian,,village,,Nainital,29.47052,79.59846
7893400758,Nauban,,hamlet,,Nainital,29.34885,79.62250
7889815766,Naugaon,,village,,Nainital,29.46221,79.68905
7907546572,Naughar,,hamlet,,Nainital,29.59081,79.31781
7892275996,Nauguniya,,hamlet,,Nainital,29.37124,79.60615
342106829,Naukuchhiatal,,village,,Nainital,29.32386,79.58846
7894155031,Naul,,village,,Nainital,29.33579,79.58595
7890749681,Naul Gad,,hamlet,,Nainital,29.37144,79.53861
7895978270,Nauna,,village,,Nainital,29.49744,79.46737
11711366276,Nawar Khera,,hamlet,,Nainital,29.21985,79.55321
11711429058,Nawar Mula Harak Singh,,hamlet,,Nainital,29.22522,79.40923
11711433476,Nawar Saloni,,hamlet,,Nainital,29.25119,79.45422
7936530805,Nayagaon Katan,,village,,Nainital,29.12028,79.69251
11711465124,Nayagaon Mehra,,hamlet,,Nainital,29.18473,79.57075
11711465152,Nayagaon Sambal,,hamlet,,Nainital,29.19615,79.57601
7897149393,Nayangaon,,village,,Nainital,29.26940,79.31361
7889759022,Nilpahari,,hamlet,,Nainital,29.45440,79.72474
7890790494,Ninglat Malli,,hamlet,,Nainital,29.40528,79.51741
7890790495,Ninglat Talli,,hamlet,,Nainital,29.43164,79.50866
7893533794,Nirpaniya,,hamlet,,Nainital,29.36372,79.62876
7894069670,Nisalgaon,,village,,Nainital,29.36110,79.53748
7894069674,Nisalgaon,,hamlet,,Nainital,29.36379,79.51516
7936574449,Nlewarlgaja,,village,,Nainital,29.21921,79.72527
342106877,Odakhan,,village,,Nainital,29.47769,79.62616
7896096501,Odyar,,hamlet,,Nainital,29.42323,79.39124
342106812,Okhaldhunga,,village,,Nainital,29.24149,79.61655
7892981623,Okhali,,hamlet,,Nainital,29.33897,79.70910
7905641471,Orabasot,,hamlet,,Nainital,29.52896,79.38940
7892243908,Orchad,,hamlet,,Nainital,29.42642,79.57372
7890790505,Pachinanda,,hamlet,,Nainital,29.44558,79.52808
7871999077,Padampur,,hamlet,,Nainital,29.24950,79.89243
11711328356,Padampur Dewaliya,,hamlet,,Nainital,29.14647,79.50851
11711429068,Padampur Nigaltia,,hamlet,,Nainital,29.22090,79.44009
11711429060,Padampur Padlia,,hamlet,,Nainital,29.22642,79.42393
11711465144,Padampur Rekuni,,hamlet,,Nainital,29.15666,79.60177
7895978261,Padli,,hamlet,,Nainital,29.43388,79.48035
11711465106,Padlipur,,hamlet,,Nainital,29.13640,79.52301
7892275994,Padmauri,,hamlet,,Nainital,29.37728,79.61513
7890803990,Pagoti,,hamlet,,Nainital,29.49273,79.58307
7889815749,Paharpani,,hamlet,,Nainital,29.42721,79.70920
7889758997,Pairi,,hamlet,,Nainital,29.38113,79.73216
7892640555,Pala,,hamlet,,Nainital,29.44784,79.59706
7893533799,Palara,,village,,Nainital,29.35287,79.64584
7936552888,Palas Walla,,hamlet,,Nainital,29.23724,79.67431
7892243926,Pali,,village,,Nainital,29.45122,79.56264
7896096497,Palli,,hamlet,,Nainital,29.42371,79.41347
7907517131,Palli,,village,,Nainital,29.54053,79.37163
7896096515,Palri,,hamlet,,Nainital,29.49570,79.43965
342109757,Palsoun,,village,,Nainital,29.54636,79.39408
7894072541,Panchgaon,,village,,Nainital,29.34380,79.56981
11711433503,Pandey Newar,,hamlet,,Nainital,29.18571,79.46476
7896096512,Pang,,hamlet,,Nainital,29.48866,79.40999
342109737,Pangot,,village,,Nainital,29.42413,79.42704
7889815769,Pangrari,,hamlet,,Nainital,29.46690,79.68457
7892275998,Paniyali,,hamlet,,Nainital,29.37354,79.59627
11711328332,Paniyali,,hamlet,,Nainital,29.24330,79.48909
7894069644,Paniyan Mehta,,village,,Nainital,29.25563,79.60659
7893231888,Panota,,hamlet,,Nainital,29.25222,79.63320
11711433483,Panpur,,hamlet,,Nainital,29.21905,79.47074
7907546571,Panth Gadhera,,hamlet,,Nainital,29.58611,79.31123
7892275997,Panyali,,hamlet,,Nainital,29.37701,79.59263
7907517120,Paphariya,,village,,Nainital,29.52175,79.26563
7897119820,Papri,,hamlet,,Nainital,29.33493,79.42954
7893466285,Para,,hamlet,,Nainital,29.28720,79.62082
7892981622,Parakhet,,hamlet,,Nainital,29.33185,79.70738
7897053351,Parampur,,village,,Nainital,29.29310,79.27923
342108683,Parewa,,village,,Nainital,29.50289,79.21606
7889815760,Parkha Gad,,village,,Nainital,29.45165,79.68463
7936574457,Partrani,,village,,Nainital,29.21764,79.69206
7894069647,Pasauli,,village,,Nainital,29.27639,79.57677
7893231885,Pastola,,hamlet,,Nainital,29.26128,79.63466
7890092269,Paswara,,hamlet,,Nainital,29.41455,79.65308
7892981612,Pata,,hamlet,,Nainital,29.31997,79.68920
7889759002,Pataliye,,village,,Nainital,29.40551,79.72006
342101594,Pathlot,,village,,Nainital,29.26758,79.80744
7936574448,Patiyagaja,,village,,Nainital,29.22007,79.73609
7892243928,Patkola,,hamlet,,Nainital,29.45787,79.55503
342107637,Patkot,,village,,Nainital,29.44803,79.26043
7896677962,Patli,,village,,Nainital,29.47183,79.26668
7897160007,Patliya,,village,,Nainital,29.37428,79.31601
7896074778,Patliyakhan,,hamlet,,Nainital,29.36479,79.40184
7890803999,Paton,,hamlet,,Nainital,29.49609,79.55760
7907517145,Patori,,hamlet,,Nainital,29.57562,79.34223
342109359,Patwa Dangar,,hamlet,,Nainital,29.33698,79.44707
342107696,Pawalgarh,,village,,Nainital,29.36508,79.23889
7892640539,Payankholi,,hamlet,,Nainital,29.49153,79.60236
7895978277,Phalani,,hamlet,,Nainital,29.47164,79.46089
7905641480,Pharika,,village,,Nainital,29.50573,79.39622
7890749677,Pharsoli,,hamlet,,Nainital,29.37802,79.52887
11711366272,Phatta Bangar,,hamlet,,Nainital,29.16160,79.52664
7896096489,Phauniyankhet,,hamlet,,Nainital,29.38550,79.38776
7893052932,Phaunta,,hamlet,,Nainital,29.29948,79.71772
7892981627,Phita,,hamlet,,Nainital,29.33796,79.70439
11711433518,Phool Chaur,,hamlet,,Nainital,29.17477,79.48388
7896022394,Pines,,hamlet,,Nainital,29.38843,79.48053
7893400775,Pinsela,,hamlet,,Nainital,29.30216,79.63963
7936530796,Pinthli,,hamlet,,Nainital,29.20597,79.74531
7896096495,Pinuniyan,,hamlet,,Nainital,29.41493,79.37970
11711433474,Pipal Pokhora No 2,,hamlet,,Nainital,29.24234,79.45902
11711433495,Pipal Pokhra Gajesingh,,hamlet,,Nainital,29.23553,79.44890
11711328346,Pipal Pokhra No 1,,hamlet,,Nainital,29.23842,79.45293
7897160005,Pipalchaur,,village,,Nainital,29.37256,79.29421
7896538195,Pipalkhet,,hamlet,,Nainital,29.43007,79.33391
7872693612,Pirapani,,hamlet,,Nainital,29.05619,79.87747
342107619,Piru Madara,,village,,Nainital,29.33762,79.06174
7889815772,Pithauli,,hamlet,,Nainital,29.47934,79.67686
7890220748,Piya,,hamlet,,Nainital,29.47930,79.53732
8083049082,Pohod Talla,,hamlet,,Nainital,29.51075,79.11208
7896510883,Pokhra,,hamlet,,Nainital,29.46628,79.36631
7890092282,Pokhrar,,village,,Nainital,29.39978,79.63481
7892323063,Pokhrar,,hamlet,,Nainital,29.38820,79.61747
342107324,Pokhri,पोखरी,village,,Nainital,29.47357,79.68521
7872008890,Pokhri,,hamlet,,Nainital,29.21103,79.90723
7892981611,Pokhri,,hamlet,,Nainital,29.32334,79.68444
7893163827,Pokhripheri,,village,,Nainital,29.29368,79.69326
11711491781,Pratappur,,hamlet,,Nainital,29.23382,79.35898
11069071611,Prempur Loshgyani,प्रेमपुर लोश्ज्ञानी,hamlet,,Nainital,29.19067,79.47989
11711429056,Prempur Nawar,,hamlet,,Nainital,29.21624,79.42928
7897116768,Puranpur,,village,,Nainital,29.25080,79.34296
11711433504,Puranpur,,hamlet,,Nainital,29.17801,79.46221
11711429059,Puranpur Kumalia,,hamlet,,Nainital,29.23036,79.41476
11711429066,Puranpur Nanwal,,hamlet,,Nainital,29.21472,79.44642
7890092274,Purvi agar,,hamlet,,Nainital,29.42480,79.62690
7892981607,Putgaon,,hamlet,,Nainital,29.33517,79.67737
11711465096,Radha Bangar Garwal,,hamlet,,Nainital,29.10021,79.49902
7905622483,Raheli,,hamlet,,Nainital,29.52909,79.43928
7892981633,Raikona,,hamlet,,Nainital,29.36351,79.73040
7890139111,Raikwal,,village,,Nainital,29.48264,79.61886
7894069646,Raishela Malla,,village,,Nainital,29.27143,79.58882
342106820,Raishela Talla,,village,,Nainital,29.27734,79.59436
7890790502,Raitkhan,,hamlet,,Nainital,29.43453,79.53125
7890790504,Raitkhan,,hamlet,,Nainital,29.43990,79.53320
7896538201,Rajghai,,hamlet,,Nainital,29.46785,79.34509
7890220741,Ram Gad,,hamlet,,Nainital,29.45882,79.52724
11711328345,Ramari Ansingh,,hamlet,,Nainital,29.23796,79.45906
11711433494,Ramari Chhoti,,hamlet,,Nainital,29.23368,79.45906
7896583838,Rameshwar,,hamlet,,Nainital,29.46060,79.30018
7895978282,Ramgarh Talla,,hamlet,,Nainital,29.46086,79.47897
7896677955,Rampur,,hamlet,,Nainital,29.42547,79.25181
11711491785,Rampur,,hamlet,,Nainital,29.24134,79.35453
11711328338,Rampur Lamachaur,,hamlet,,Nainital,29.21933,79.42082
11711433493,Ramrijasua,,hamlet,,Nainital,29.23138,79.46499
6330925947,Ranibagh,,village,,Nainital,29.28711,79.54841
7907546574,Ranibaugh,,village,,Nainital,29.58406,79.32444
11711491786,Ratanpur,,hamlet,,Nainital,29.24010,79.34648
11711465131,Ratanpur Negi,,hamlet,,Nainital,29.16002,79.57467
7889759019,Rataura,,hamlet,,Nainital,29.44483,79.71133
7907371109,Rataura,,village,,Nainital,29.54833,79.40285
7872735688,Rataut,,hamlet,,Nainital,29.24010,79.87643
7895978266,Rati Ghat,,hamlet,,Nainital,29.45335,79.48531
7907546573,Raukhet,,hamlet,,Nainital,29.58850,79.31766
7936574447,Raula,,village,,Nainital,29.21573,79.74364
7907371106,Rauriya,,hamlet,,Nainital,29.55225,79.37397
11711366274,Rausil,,hamlet,,Nainital,29.27485,79.59401
7892323062,Rautedhar,,hamlet,,Nainital,29.39487,79.61009
7896538191,Rawari,,hamlet,,Nainital,29.39343,79.36266
7890804000,Richauri,,hamlet,,Nainital,29.49979,79.55460
7905641469,Rikholi,,hamlet,,Nainital,29.51622,79.38824
7907371114,Rikholi,,hamlet,,Nainital,29.50379,79.38433
7907517125,Rikholi,,hamlet,,Nainital,29.51630,79.36807
342109651,Rinchi,,village,,Nainital,29.60953,79.33228
6612857334,Ringora,,village,,Nainital,29.43514,79.13001
7907546575,Ritha,,hamlet,,Nainital,29.59361,79.32764
7897119818,Riya,,hamlet,,Nainital,29.34245,79.46587
7896583826,Riyar Malla,,village,,Nainital,29.44670,79.29303
7896583825,Riyar Talla,,village,,Nainital,29.45101,79.28488
7890803995,Rokhri,,hamlet,,Nainital,29.48206,79.58818
7890139087,Roljangal,,hamlet,,Nainital,29.38408,79.66259
11711465141,Rooppur,,hamlet,,Nainital,29.14817,79.60434
11711491788,Rooppur,,hamlet,,Nainital,29.24601,79.32538
342109197,Roorki,,village,,Nainital,29.38431,79.32678
7907517136,Ropa,,village,,Nainital,29.54845,79.33391
7897119816,Ropra,,hamlet,,Nainital,29.33538,79.48143
342105844,Rāmgarh,,village,,Nainital,29.42233,79.55115
245768140,Rāmnagar,रामनगर,town,5000,Nainital,29.39484,79.12693
7896141101,Sabjiya,,hamlet,,Nainital,29.43739,79.44639
7889916473,Sagad,,village,,Nainital,29.40313,79.68581
7936574451,Sajagaja,,hamlet,,Nainital,29.22552,79.71311
7905641477,Sakdena,,hamlet,,Nainital,29.51858,79.40974
7889815761,Sakdina,,hamlet,,Nainital,29.45591,79.68676
7894155032,Sakhula,,village,,Nainital,29.32988,79.58908
7893466286,Saklani,,hamlet,,Nainital,29.27618,79.62367
7894069643,Saklani,,hamlet,,Nainital,29.27964,79.62034
7890790506,Sakuna,,hamlet,,Nainital,29.45014,79.52574
7872008889,Salakpar,,hamlet,,Nainital,29.21544,79.90217
7872008888,Salakwar,,hamlet,,Nainital,29.21853,79.90451
7894069634,Salan,,hamlet,,Nainital,29.31011,79.55179
7894072555,Salari,,hamlet,,Nainital,29.31176,79.55774
7896538203,Salba,,hamlet,,Nainital,29.46008,79.34305
7892243907,Salya,,hamlet,,Nainital,29.39238,79.54895
7889815754,Salyakot,,village,,Nainital,29.43651,79.68253
7889815755,Salyakot,,village,,Nainital,29.42753,79.67755
7893400783,Salyan,,hamlet,,Nainital,29.28011,79.64418
7896677952,Sanan Malla,,hamlet,,Nainital,29.43661,79.29050
7896677951,Sanan Talla,,hamlet,,Nainital,29.43255,79.29127
7889815764,Sanbhul,,hamlet,,Nainital,29.45643,79.70122
7889815751,Sanchulya,,hamlet,,Nainital,29.41702,79.68168
7892640538,Sangila,,hamlet,,Nainital,29.48673,79.60545
7892243932,Sankti,,hamlet,,Nainital,29.48317,79.57453
7890790486,Sanotorium,,hamlet,,Nainital,29.39516,79.50338
7892640556,Santhunga,,hamlet,,Nainital,29.45103,79.59039
7893052928,Sar Talla,,hamlet,,Nainital,29.30848,79.73680
7890092267,Sargakhet,,village,,Nainital,29.43732,79.65505
7892640560,Sari,,hamlet,,Nainital,29.42939,79.60318
7897119836,Sariya,,hamlet,,Nainital,29.37869,79.43123
7896096508,Sariyapakha,,village,,Nainital,29.46123,79.37283
7889815759,Sarna,,village,,Nainital,29.44199,79.66877
7890139090,Sarna,,village,,Nainital,29.37795,79.63240
7890139098,Sarna,,hamlet,,Nainital,29.37393,79.62425
7893533795,Sarna,,hamlet,,Nainital,29.36318,79.63294
7890139089,Sarnanaula,,hamlet,,Nainital,29.37185,79.64976
7889815756,Sasbani,,village,,Nainital,29.43223,79.67335
7892640553,Satbunga,,village,,Nainital,29.44868,79.61088
7890139114,Satkhol,,village,,Nainital,29.50087,79.62043
7892640536,Satkhola,,hamlet,,Nainital,29.49678,79.61236
7890220745,Satpuri,,hamlet,,Nainital,29.48173,79.55460
342105792,Sattal,,hamlet,,Nainital,29.34696,79.52986
7894072547,Saugaon,,village,,Nainital,29.35579,79.56084
7897119832,Saukurgaon,,hamlet,,Nainital,29.35201,79.44761
7897119834,Sauliya,,hamlet,,Nainital,29.35989,79.44064
7907371100,Saunali,,hamlet,,Nainital,29.57056,79.37159
7890092265,Saunera,,hamlet,,Nainital,29.44124,79.66110
7905641476,Saungaon,,hamlet,,Nainital,29.52563,79.41287
7896096507,Saur,,hamlet,,Nainital,29.45868,79.37920
7890803991,Saur Kutayil,,hamlet,,Nainital,29.49006,79.58799
7890803997,Sayalgad,,hamlet,,Nainital,29.49366,79.57297
7890803996,Sayalgaon,,hamlet,,Nainital,29.48802,79.57732
7892640544,Sayalgarh,,hamlet,,Nainital,29.46917,79.59144
7890804002,Sayali Gad,,hamlet,,Nainital,29.49146,79.56771
7872735691,Sein,,hamlet,,Nainital,29.24487,79.84985
7890139099,Sejuwakanja,,hamlet,,Nainital,29.37584,79.61972
11711465126,Selabhawar Meharsingh,,hamlet,,Nainital,29.16924,79.57117
11711465125,Selabhawar Triloksingh,,hamlet,,Nainital,29.17793,79.56847
11409562459,Semai Chaur Chauki,,village,,Nainital,29.43149,79.09771
7896583824,Semal Khet,,hamlet,,Nainital,29.42949,79.29803
6391987803,Sewalkanja,,hamlet,,Nainital,29.39289,79.53360
7893400782,Shaila,,hamlet,,Nainital,29.28337,79.64161
7889759017,Shailekh,,village,,Nainital,29.43405,79.72851
7893193684,Shakula,,hamlet,,Nainital,29.26851,79.62998
7893074396,Shala,,hamlet,,Nainital,29.33763,79.69356
7893400784,Shalani,,hamlet,,Nainital,29.28320,79.63552
7936552895,Shalkiya,,village,,Nainital,29.23612,79.65058
7893400756,Shalyani,,hamlet,,Nainital,29.34997,79.62916
7893533798,Shaoli,,hamlet,,Nainital,29.35588,79.65139
7896677948,Sherpur,,village,,Nainital,29.37473,79.26468
7892981605,Shilara,,hamlet,,Nainital,29.31967,79.66908
7893073388,Shimalaya,,village,,Nainital,29.28739,79.74598
7896677961,Shimli Malli,,hamlet,,Nainital,29.46945,79.25820
7896677960,Shimli Talli,,hamlet,,Nainital,29.46224,79.25426
7936574455,Shirni,,village,,Nainital,29.21705,79.70233
7894069642,Shirwa,,hamlet,,Nainital,29.29130,79.60479
7897053349,Shivalpur,,hamlet,,Nainital,29.29183,79.25052
11711429054,Shivlalpur,,hamlet,,Nainital,29.21456,79.41963
342109716,Shmalka,,village,,Nainital,29.51400,79.42386
7890749675,Shyamkhet,,village,,Nainital,29.38809,79.53747
7896538202,Shyanaldhar,,hamlet,,Nainital,29.46490,79.35948
7890092263,Siddeshwara,,hamlet,,Nainital,29.44858,79.64673
7896074775,Sigri,,village,,Nainital,29.45328,79.40643
7895978278,Sikhan,,hamlet,,Nainital,29.47449,79.46787
7895978276,Silcona,,village,,Nainital,29.47706,79.46317
7894072537,Siloti Pant,,village,,Nainital,29.33000,79.57616
7890092278,Silpori,,hamlet,,Nainital,29.40747,79.62861
6411302638,Sim,,hamlet,,Nainital,29.48235,79.45968
7872729146,Simlikhan,,hamlet,,Nainital,29.19550,79.79414
7896096513,Simrar,,village,,Nainital,29.47816,79.41987
7936574450,Singhgaja,,hamlet,,Nainital,29.22219,79.71890
7905633286,Siphon,,hamlet,,Nainital,29.50522,79.44473
7936552898,Sirori,,hamlet,,Nainital,29.22829,79.61110
6419080842,Sirsa,सिरसा,village,,Nainital,29.53741,79.58005
7894155035,Sirwa,,hamlet,,Nainital,29.34930,79.59839
7896677953,Sisoriya,,hamlet,,Nainital,29.44199,79.28335
7897119828,Sisoriya,,hamlet,,Nainital,29.35785,79.42562
342106868,Sital,,village,,Nainital,29.48899,79.63028
11711465138,Sitapur,,hamlet,,Nainital,29.14473,79.58695
7890139113,Sitla,,hamlet,,Nainital,29.48773,79.63144
7896510884,Siyani,,hamlet,,Nainital,29.44774,79.36096
342109347,Snowview,,village,,Nainital,29.39667,79.45999
7872008892,Suakot,,hamlet,,Nainital,29.20259,79.89097
7896538199,Sujamati,,hamlet,,Nainital,29.48178,79.35330
7907517126,Suka,,hamlet,,Nainital,29.51615,79.35463
7893400778,Sukhair,,hamlet,,Nainital,29.29048,79.66480
7893047882,Sukhan Darra,,hamlet,,Nainital,29.25544,79.72669
7894155023,Sulekh,,hamlet,,Nainital,29.30758,79.60934
342108480,Sultan FRH,,village,,Nainital,29.53654,79.05485
7892981632,Sunari,,hamlet,,Nainital,29.35977,79.73628
7889916475,Sundarkhal,,village,,Nainital,29.40966,79.68240
8082591844,Sundarkhal,,village,,Nainital,29.50528,79.11995
11711465129,Sundarpur Belwal,,hamlet,,Nainital,29.17124,79.57656
11711370848,Sundarpur Rekwal,,hamlet,,Nainital,29.16246,79.58115
7889759006,Sunderkhali,,hamlet,,Nainital,29.39818,79.73800
7894069636,Sundi,,hamlet,,Nainital,29.30233,79.56196
7893400773,Sungarkura,,hamlet,,Nainital,29.29534,79.65545
7890092259,Sunkiya,,hamlet,,Nainital,29.45133,79.62760
7896538204,Sunoarkal,,hamlet,,Nainital,29.47207,79.34875
7893163832,Sunpatala,,hamlet,,Nainital,29.30878,79.69183
7907517151,Sunsyari,,hamlet,,Nainital,29.58617,79.35166
11711465104,Supi Bhagwanpur,,hamlet,,Nainital,29.15209,79.52763
7892640557,Supil,,hamlet,,Nainital,29.43285,79.60265
7892640552,Suppi,,village,,Nainital,29.45285,79.61522
7892640540,Suralgaon,,village,,Nainital,29.48617,79.59874
7905578191,Suri,,hamlet,,Nainital,29.50834,79.47321
7894069666,Suriyagaon,,hamlet,,Nainital,29.34287,79.52891
7894069653,Suriyajala,,hamlet,,Nainital,29.32262,79.52767
7890092264,Surmani,,village,,Nainital,29.45428,79.65933
11711491774,Surpur,,hamlet,,Nainital,29.23191,79.34416
7893163821,Suyalpher,,hamlet,,Nainital,29.28941,79.68845
7893052921,Syanli,,hamlet,,Nainital,29.29123,79.72795
342109180,Syatgaon,,village,,Nainital,29.38980,79.32678
342106804,Syura,,village,,Nainital,29.23427,79.65268
7892981631,Taikota,,hamlet,,Nainital,29.35542,79.74411
7896504297,Taili Ladhbani,,hamlet,,Nainital,29.21374,79.79113
7897119826,Takula,,hamlet,,Nainital,29.36557,79.45012
7896074774,Taliyapani,,village,,Nainital,29.44438,79.40927
7905633292,Talla Bardhau,,hamlet,,Nainital,29.53318,79.42347
7895978264,Talla Ghuna,,hamlet,,Nainital,29.44416,79.47793
7889916470,Talla Hatmanagram,,village,,Nainital,29.40338,79.70045
7892243905,Talla Kun,,hamlet,,Nainital,29.39313,79.55844
7896096487,Talla Kun,,hamlet,,Nainital,29.39365,79.39875
7893052926,Talla Okhalkanda,,village,,Nainital,29.31396,79.73922
7892243918,Talla Ramgarh,,hamlet,,Nainital,29.44518,79.56061
7889759001,Talli Dani,,village,,Nainital,29.40022,79.71808
7893052931,Talli Swi,,village,,Nainital,29.30423,79.71547
7896538185,Tallya,,village,,Nainital,29.41156,79.33094
7893052930,Tanda,,village,,Nainital,29.30803,79.72778
11711465097,Tanda Range,,hamlet,,Nainital,29.09977,79.50752
6393221798,Tara,,hamlet,,Nainital,29.34844,79.60383
7892243931,Taren,,hamlet,,Nainital,29.47984,79.57754
7905641478,Tari,,hamlet,,Nainital,29.50868,79.40600
7890220750,Tarikhet,,hamlet,,Nainital,29.47297,79.53101
7890220754,Tarikhet,,hamlet,,Nainital,29.48007,79.51208
7907529799,Taurar,,hamlet,,Nainital,29.57282,79.33129
7907371107,Tawarigaon,,village,,Nainital,29.55127,79.38362
9763714562,Teda,,hamlet,,Nainital,29.41758,79.14478
7892243929,Teguna,,hamlet,,Nainital,29.45884,79.56112
11711465107,Tejpur Negi,,hamlet,,Nainital,29.13207,79.52460
7889759013,Thali,,village,,Nainital,29.42650,79.74422
7889758998,Thalri,,hamlet,,Nainital,29.38236,79.72379
7893231890,Tham Dhar,,hamlet,,Nainital,29.25813,79.66028
7907517149,Thapal,,hamlet,,Nainital,29.59798,79.32631
342109066,Thapli,,village,,Nainital,29.52964,79.43400
7894155030,Thapliya Maharagaon,,village,,Nainital,29.32620,79.59533
7893231887,Thata,,hamlet,,Nainital,29.25065,79.62092
7896141099,Thelkha,,hamlet,,Nainital,29.43622,79.45293
7897053342,Thirnayybag,,village,,Nainital,29.26682,79.28644
7893163831,Thok,,hamlet,,Nainital,29.29995,79.69309
6393222318,Thum,,hamlet,,Nainital,29.35805,79.60898
7894069673,Tichhakhet,,hamlet,,Nainital,29.35816,79.51720
7896504291,Tigonia,,hamlet,,Nainital,29.22149,79.76194
7907517132,Tigyura Bara,,village,,Nainital,29.54393,79.36369
7907517133,Tigyura Chota,,village,,Nainital,29.54624,79.36343
7890803989,Tikur,,hamlet,,Nainital,29.49813,79.58314
7896074776,Tilapala,,hamlet,,Nainital,29.36576,79.37922
11711465134,Tilokpur Dani,,hamlet,,Nainital,29.13507,79.58463
7892243916,Tilwari,,hamlet,,Nainital,29.44070,79.56613
7872729148,Timalkol,,hamlet,,Nainital,29.21076,79.80771
7893047880,Timar,,village,,Nainital,29.26914,79.72358
7893052924,Tirrera,,hamlet,,Nainital,29.29830,79.74740
7890790507,Titoli,,hamlet,,Nainital,29.44354,79.51518
7892243927,Tola,,village,,Nainital,29.45247,79.55048
7896096496,Tola,,hamlet,,Nainital,29.41620,79.39197
7890092268,Tolabanj,,hamlet,,Nainital,29.41332,79.66275
7896504288,Towar Doba,,hamlet,,Nainital,29.21089,79.77630
11711465102,Tularampur,,hamlet,,Nainital,29.11868,79.51652
7907371103,Tuniya,,hamlet,,Nainital,29.56823,79.38122
7896096505,Tuniyan,,hamlet,,Nainital,29.44384,79.36684
7889758994,Tyunara,,hamlet,,Nainital,29.36836,79.73014
7892243915,Tyunara,,village,,Nainital,29.43736,79.54641
2377100954,Tānda,,hamlet,,Nainital,29.07367,79.43252
8083039163,Uamira,,hamlet,,Nainital,29.53489,79.23670
7907371111,Uchakot,,hamlet,,Nainital,29.54229,79.38944
7890092273,Uchchura,,hamlet,,Nainital,29.42732,79.62890
11711433502,Udailalpur,,hamlet,,Nainital,29.19460,79.46905
11711465140,Udaipur Rekwal,,hamlet,,Nainital,29.15153,79.59285
7893231891,Udwan,,hamlet,,Nainital,29.25578,79.65581
7907517146,Ujikulu,,hamlet,,Nainital,29.57284,79.33803
8083039168,Ukhakhthanga,,village,,Nainital,29.51663,79.21048
7890220751,Ulgaur,,hamlet,,Nainital,29.48305,79.51991
7892243910,Umargarh,,hamlet,,Nainital,29.41847,79.54365
7896504293,Vanollya,,hamlet,,Nainital,29.22099,79.78508
11711465121,Vijaipur,,hamlet,,Nainital,29.22176,79.57524
11711491779,Vijaypur,,hamlet,,Nainital,29.23768,79.32492
7890803994,Walli,,hamlet,,Nainital,29.48356,79.58245
7904320639,banjbari,,village,,Nainital,29.50005,79.57370
7904320642,basgaon,,hamlet,,Nainital,29.50510,79.55535
7904384034,beduli,,hamlet,,Nainital,29.52874,79.53500
7904320632,bhadyun,,hamlet,,Nainital,29.52980,79.54237
7903893781,birkhan,,hamlet,,Nainital,29.51892,79.59652
7904384027,chamria,,hamlet,,Nainital,29.50368,79.51517
7904320630,chanpha,,hamlet,,Nainital,29.53553,79.55342
7903857801,chapar,,village,,Nainital,29.52920,79.65177
7904320635,chhimi,,hamlet,,Nainital,29.51570,79.56360
7904384031,chhiyori,,hamlet,,Nainital,29.51208,79.53969
7903897787,chopra,,village,,Nainital,29.54266,79.59224
7899412365,dhankanya,,hamlet,,Nainital,29.51747,79.67345
7904384030,dhuna,,hamlet,,Nainital,29.50455,79.53346
7903897786,dinadel,,hamlet,,Nainital,29.53173,79.58796
7903857798,diyari,,hamlet,,Nainital,29.53131,79.62265
7890220740,dyotiya,,village,,Nainital,29.46107,79.50359
7903893779,gairari,,hamlet,,Nainital,29.51510,79.60689
7903857805,gairari latwal,,hamlet,,Nainital,29.54119,79.64855
7903857802,gaj,,hamlet,,Nainital,29.52996,79.66556
7904355196,gangori,,hamlet,,Nainital,29.54769,79.54381
7904355197,gangorkot,,hamlet,,Nainital,29.54410,79.54636
7904384035,gauna,,hamlet,,Nainital,29.51832,79.53444
7904384032,jirasi,,hamlet,,Nainital,29.51370,79.52640
7904384059,kakrighat,,hamlet,,Nainital,29.54371,79.53274
7899412363,kalesirn,,hamlet,,Nainital,29.53064,79.67244
7904320631,kamoli,,hamlet,,Nainital,29.53139,79.56315
7904320633,kaphlar,,hamlet,,Nainital,29.52181,79.54622
7903857796,kaphura,,village,,Nainital,29.51942,79.63854
7903897789,kapula,,hamlet,,Nainital,29.53487,79.61136
7904384029,kastnali,,hamlet,,Nainital,29.50154,79.54041
7903893784,khalijar,,hamlet,,Nainital,29.52798,79.60668
7904320629,khinapani,,hamlet,,Nainital,29.54064,79.58029
7903897785,kuj,,village,,Nainital,29.53280,79.59569
7904320636,kulgad,,hamlet,,Nainital,29.52548,79.57275
7903857797,kumati,,hamlet,,Nainital,29.52556,79.63182
7903897793,kwarab,,village,,Nainital,29.54847,79.60848
7903893780,lun,,hamlet,,Nainital,29.51994,79.60972
7899412369,lwesal,,hamlet,,Nainital,29.50375,79.67414
7904384026,majhera,,hamlet,,Nainital,29.50440,79.51919
7903897788,mangura,,village,,Nainital,29.53822,79.59244
7904384046,mansarsa,,hamlet,,Nainital,29.53987,79.53991
7904320634,matela,,hamlet,,Nainital,29.51187,79.55982
7899412366,matiyali,,hamlet,,Nainital,29.51549,79.67892
7903893783,matkina,,hamlet,,Nainital,29.52451,79.60040
7903857800,mauna,,hamlet,,Nainital,29.53299,79.65466
7899412367,nayeli,,hamlet,,Nainital,29.50813,79.67091
7904320640,pathrr,,village,,Nainital,29.50661,79.57281
7903857794,pyura,,village,,Nainital,29.51768,79.62404
7903893776,raulkhet,,hamlet,,Nainital,29.50253,79.58418
7904320641,salkhuli,,village,,Nainital,29.50524,79.56872
7903857793,satauli,,village,,Nainital,29.50767,79.63022
7894155034,simalgaon,,hamlet,,Nainital,29.34417,79.60075
7903857799,simayal,,hamlet,,Nainital,29.53894,79.62423
7904320638,simrar,,hamlet,,Nainital,29.51520,79.57204
7904320637,singoli,,hamlet,,Nainital,29.52176,79.57835
7903893775,sinoli talla,,hamlet,,Nainital,29.50242,79.60056
7899412368,suimauli,,hamlet,,Nainital,29.51325,79.67062
7899412364,sunarkhola,,hamlet,,Nainital,29.52130,79.67609
2064159980,suyalbari,,village,,Nainital,29.53849,79.56399
7897116769,thengadhara,,village,,Nainital,29.27736,79.34547
342114385,Acharikhal,,village,,Pauri Garhwal,30.16846,78.71567
8000419669,Adali,,hamlet,,Pauri Garhwal,29.72121,78.83873
342111943,Adalikhal,,village,,Pauri Garhwal,29.72488,79.06449
8078453621,Adwara Malla,,hamlet,,Pauri Garhwal,29.70649,79.01672
8078453618,Adwara Walle,,hamlet,,Pauri Garhwal,29.69991,79.02247
7996837998,Adwari,,village,,Pauri Garhwal,29.64649,78.98342
2377062450,Adwānī,,hamlet,,Pauri Garhwal,30.07213,78.72021
342110365,Agaroda,,village,,Pauri Garhwal,30.05035,78.78983
7998560657,Agrora,,hamlet,,Pauri Garhwal,29.73388,78.93866
7998560664,Agrora,,hamlet,,Pauri Garhwal,29.71674,78.94648
7998585320,Agrora,,hamlet,,Pauri Garhwal,29.73593,78.88096
7858321369,Aingar,,hamlet,,Pauri Garhwal,30.12139,79.02048
7863757775,Ainthi,,hamlet,,Pauri Garhwal,30.00465,79.07665
7934293962,Airoli,,hamlet,,Pauri Garhwal,29.85535,79.01005
8003807442,Airoli,,hamlet,,Pauri Garhwal,29.91767,78.44399
2377268883,Aita,,hamlet,,Pauri Garhwal,29.80949,78.59715
2377268884,Akhori,,hamlet,,Pauri Garhwal,29.95844,78.61407
2377340921,Akhrena,,hamlet,,Pauri Garhwal,29.78190,78.66129
2377268885,Aldāba,,hamlet,,Pauri Garhwal,29.79324,78.60704
8003807446,Amaldhar,,hamlet,,Pauri Garhwal,29.88653,78.45545
7998556641,Amdanda,,hamlet,,Pauri Garhwal,29.67297,78.89250
8000406238,Amdanda Palla,,hamlet,,Pauri Garhwal,29.71476,78.82141
8000406239,Amdanda Walla,,hamlet,,Pauri Garhwal,29.71663,78.81545
8003870264,Amdhar,,hamlet,,Pauri Garhwal,29.93898,78.37893
8003870266,Amdhar,,hamlet,,Pauri Garhwal,29.93664,78.39380
2377119918,Ameh,,hamlet,,Pauri Garhwal,29.96389,78.70941
7889219696,Amgadi,,hamlet,,Pauri Garhwal,30.03204,78.36182
8003807432,Amgaon,,hamlet,,Pauri Garhwal,29.95031,78.45740
8003830859,Amkarat,,village,,Pauri Garhwal,29.98581,78.33529
2377340922,Amkatla,,hamlet,,Pauri Garhwal,29.81110,78.70935
2377268886,Amkholi,,hamlet,,Pauri Garhwal,29.84583,78.59675
7933816582,Amkulaun,,hamlet,,Pauri Garhwal,29.88800,79.03498
2377340923,Amlesa,,hamlet,,Pauri Garhwal,29.79639,78.70097
2377268887,Amola,,hamlet,,Pauri Garhwal,29.86744,78.52375
5894155914,Amola,,hamlet,,Pauri Garhwal,29.90861,78.39750
8003063424,Amola,,hamlet,,Pauri Garhwal,29.98027,78.42603
7889169909,Amri,,hamlet,,Pauri Garhwal,30.07291,78.36427
7888622584,Amsain,,hamlet,,Pauri Garhwal,30.01197,78.46699
2377268888,Amsaur,,hamlet,,Pauri Garhwal,29.78628,78.58733
7889169924,Amsur,,hamlet,,Pauri Garhwal,30.09364,78.35022
2377268889,Amāldu,,hamlet,,Pauri Garhwal,29.92722,78.53020
7996802946,Androli,,hamlet,,Pauri Garhwal,29.72209,78.97936
7858321381,Ankhori,,hamlet,,Pauri Garhwal,30.12884,79.01314
7934293959,Antpur,,hamlet,,Pauri Garhwal,29.86186,79.00390
7998585303,Anwalabungi,,hamlet,,Pauri Garhwal,29.71551,78.89802
7996823200,Apola,,hamlet,,Pauri Garhwal,29.70621,78.99140
7933687006,Arkandal,,hamlet,,Pauri Garhwal,29.90938,79.02545
8078395484,Asinkhal,,hamlet,,Pauri Garhwal,29.72669,79.00885
8081759588,Asnan,,hamlet,,Pauri Garhwal,29.69389,79.10279
7996802949,Asnet,,hamlet,,Pauri Garhwal,29.71718,78.96202
2377340924,Asānkhet,,hamlet,,Pauri Garhwal,29.79548,78.74782
2377268890,Asīnkhāl,,hamlet,,Pauri Garhwal,29.95131,78.55006
7888719836,Atta,,hamlet,,Pauri Garhwal,30.01694,78.40194
8003830855,Aulankatal,,hamlet,,Pauri Garhwal,29.96720,78.35492
8082587621,Aunleth,,hamlet,,Pauri Garhwal,29.64452,79.07026
8003807417,Avvi,,hamlet,,Pauri Garhwal,29.95891,78.41346
7998625162,Babalyani,,hamlet,,Pauri Garhwal,29.68285,78.86312
2377340925,Bachhell,,hamlet,,Pauri Garhwal,29.87524,78.60516
7933898218,Badaru,,hamlet,,Pauri Garhwal,29.91133,79.04884
2377119919,Badel,,hamlet,,Pauri Garhwal,29.96116,78.67406
7936639560,Badiyana,,hamlet,,Pauri Garhwal,29.87425,78.95681
8003035204,Badiyon,,village,,Pauri Garhwal,29.91241,78.47618
8006153852,Badiyon,,hamlet,,Pauri Garhwal,29.85624,78.49163
7934139984,Badoigaon,,hamlet,,Pauri Garhwal,29.75329,79.03210
7936603787,Badolgaon,,hamlet,,Pauri Garhwal,29.85175,78.87053
8003035205,Badoli,,village,,Pauri Garhwal,29.90372,78.47337
8003097771,Badoli Malli,,hamlet,,Pauri Garhwal,29.97263,78.40758
8003097772,Badoli Palli,,hamlet,,Pauri Garhwal,29.97455,78.40601
7985346011,Badolkhola,,hamlet,,Pauri Garhwal,29.73426,78.77694
7933816570,Badrau,,hamlet,,Pauri Garhwal,29.87405,79.03575
8003129511,Badrau,,hamlet,,Pauri Garhwal,29.87585,78.42108
7985346014,Badri Khubani,,hamlet,,Pauri Garhwal,29.73161,78.78513
8003807439,Badyun,,village,,Pauri Garhwal,29.92693,78.45584
2377062451,Badīyārgaon,,hamlet,,Pauri Garhwal,29.72653,78.87861
8082585283,Bagarkhet,,hamlet,,Pauri Garhwal,29.67376,79.10760
7933282726,Bagdiyalgaon,,hamlet,,Pauri Garhwal,29.92675,79.16137
8000406237,Bageda,,hamlet,,Pauri Garhwal,29.72363,78.82448
8002994221,Bagelgaon,,hamlet,,Pauri Garhwal,29.91687,78.46330
7863781567,Bageli,,hamlet,,Pauri Garhwal,30.08802,79.06959
8000419653,Bagpur Tok,,hamlet,,Pauri Garhwal,29.74798,78.85019
7933547127,Bagrupakha,,village,,Pauri Garhwal,30.00088,79.07495
8002983085,Bagurgaon,,hamlet,,Pauri Garhwal,29.97328,78.49002
342112074,Bagwari,,village,,Pauri Garhwal,30.02426,79.08783
7863854191,Bagwari,,hamlet,,Pauri Garhwal,30.02529,79.08563
342111504,Baijro,,village,,Pauri Garhwal,29.91718,79.03788
7889169906,Bairagarh,,hamlet,,Pauri Garhwal,30.06575,78.37318
2377340926,Bairgaon,,hamlet,,Pauri Garhwal,29.87312,78.64288
2377340927,Bairgaon,,hamlet,,Pauri Garhwal,29.91646,78.67148
6604481331,Bairgarh,,village,,Pauri Garhwal,29.96745,79.06446
2377268891,Baisogi,,hamlet,,Pauri Garhwal,29.86937,78.59363
8003097763,Bajeth,,hamlet,,Pauri Garhwal,29.99250,78.39773
7933864729,Bajwar,,hamlet,,Pauri Garhwal,29.93457,79.03313
7934143801,Bakhal,,hamlet,,Pauri Garhwal,29.75146,79.10894
7934143798,Bakhli,,hamlet,,Pauri Garhwal,29.75553,79.10907
2377340928,Bakhrorigaon,,hamlet,,Pauri Garhwal,29.92547,78.65516
8083049092,Bakhroti,,hamlet,,Pauri Garhwal,29.61144,79.05367
2377119920,Bakroli,,hamlet,,Pauri Garhwal,29.98654,78.73604
8006223033,Balaganj,,village,,Pauri Garhwal,29.77181,78.44075
7888622579,Baldwan,,hamlet,,Pauri Garhwal,30.00572,78.48933
8002987482,Baliyarpur,,hamlet,,Pauri Garhwal,29.87425,78.46056
2377268892,Balli,,hamlet,,Pauri Garhwal,29.82673,78.50759
2377340929,Balli,,hamlet,,Pauri Garhwal,29.88681,78.60956
2377119921,Balūni,,hamlet,,Pauri Garhwal,29.99054,78.67965
2377119922,Balūnīgaon,,hamlet,,Pauri Garhwal,29.97587,78.74484
7998585316,Bamangaon,,hamlet,,Pauri Garhwal,29.74646,78.88488
7933687004,Bamankhola,,hamlet,,Pauri Garhwal,29.90221,79.02148
7996802947,Bameri,,hamlet,,Pauri Garhwal,29.71526,78.98505
2377268893,Bamoli,,hamlet,,Pauri Garhwal,29.95169,78.56876
7858272560,Bamorth,,hamlet,,Pauri Garhwal,30.18308,79.05459
7889219711,Banadora,,hamlet,,Pauri Garhwal,30.00889,78.33069
7858273633,Banani,,hamlet,,Pauri Garhwal,30.12760,79.06356
7858347789,Banas,,hamlet,,Pauri Garhwal,30.14277,79.00034
8082585296,Banasi Raila,,hamlet,,Pauri Garhwal,29.65255,79.07014
8002994227,Banchuri,,village,,Pauri Garhwal,29.95614,78.48633
8003830854,Banda Malla,,hamlet,,Pauri Garhwal,29.95964,78.34797
2377107968,Bandhli,,hamlet,,Pauri Garhwal,29.99176,78.62355
2377340930,Bandkhani,,hamlet,,Pauri Garhwal,29.80363,78.73258
7996750478,Bandol Khola,,hamlet,,Pauri Garhwal,29.70507,78.96456
342110272,Banelkhāl,,hamlet,,Pauri Garhwal,29.99954,78.68271
7858334986,Banganiyun,,hamlet,,Pauri Garhwal,30.16294,79.02982
7933686999,Bangar,,hamlet,,Pauri Garhwal,29.89062,79.02210
8062232894,Bangarh,,village,,Pauri Garhwal,29.78231,78.94958
7948009736,Bangarjhala,,hamlet,,Pauri Garhwal,29.91867,78.97498
2377268894,Bangla,,hamlet,,Pauri Garhwal,29.82665,78.56574
2377107974,Bani,,hamlet,,Pauri Garhwal,29.99249,78.53659
7996837991,Baniagaon,,hamlet,,Pauri Garhwal,29.66538,78.98483
342110499,Banjadevi,,village,,Pauri Garhwal,29.65485,78.89145
7933898208,Banjbajuni,,village,,Pauri Garhwal,29.88945,79.07139
7858321368,Banjkot,,hamlet,,Pauri Garhwal,30.11854,79.01360
7858386520,Banjkot,,hamlet,,Pauri Garhwal,30.11772,79.00790
7931557741,Bankura,,hamlet,,Pauri Garhwal,29.95408,79.16903
7936495991,Bansai,,hamlet,,Pauri Garhwal,29.89630,78.89344
8082587619,Bansai,,hamlet,,Pauri Garhwal,29.64991,79.06581
7888665216,Bansani,,hamlet,,Pauri Garhwal,30.09076,78.42148
7996823186,Banseri,,hamlet,,Pauri Garhwal,29.67175,78.96175
7933864743,Bansi,,hamlet,,Pauri Garhwal,29.95648,79.05373
7889169916,Banstola,,hamlet,,Pauri Garhwal,30.06077,78.34475
2377268895,Banstoli,,hamlet,,Pauri Garhwal,29.81397,78.51575
8003035196,Bansul,,hamlet,,Pauri Garhwal,29.89431,78.49768
2377340932,Banwār,,hamlet,,Pauri Garhwal,29.86678,78.64295
7863781565,Banyali,,hamlet,,Pauri Garhwal,30.09449,79.04385
2377268896,Banāli,,hamlet,,Pauri Garhwal,29.86955,78.57494
6604442790,Bapta,,village,,Pauri Garhwal,29.94711,79.02842
2377340935,Bara ki Kholi,,hamlet,,Pauri Garhwal,29.79273,78.70731
8000419673,Barai,,village,,Pauri Garhwal,29.71141,78.83682
7936574513,Baratgaon,,hamlet,,Pauri Garhwal,29.86383,78.85838
8081791438,Barath Malla,,hamlet,,Pauri Garhwal,29.74223,79.07545
2377268897,Baret,,hamlet,,Pauri Garhwal,29.88306,78.54990
7858321371,Bareth,,village,,Pauri Garhwal,30.12293,79.03555
8003097775,Bareth,,hamlet,,Pauri Garhwal,29.99471,78.41067
8078453619,Bareth,,hamlet,,Pauri Garhwal,29.70216,79.00640
7888665187,Bargid,,hamlet,,Pauri Garhwal,30.02809,78.48130
7888665213,Bari Bijani,,hamlet,,Pauri Garhwal,30.06226,78.41800
7934293956,Bariyun,,hamlet,,Pauri Garhwal,29.85799,79.01970
8000419670,Barkhet Ka Raula,,hamlet,,Pauri Garhwal,29.71713,78.85182
7998585324,Barkhet Malla,,hamlet,,Pauri Garhwal,29.71338,78.86905
8000419665,Barkhet Talla,,hamlet,,Pauri Garhwal,29.71577,78.85926
7888719849,Barkot,,hamlet,,Pauri Garhwal,30.00573,78.45700
342114359,Baroda,,village,,Pauri Garhwal,30.11490,78.61954
7936495986,Barsunoa,,hamlet,,Pauri Garhwal,29.87399,78.88126
2377340936,Barswār,,hamlet,,Pauri Garhwal,29.81168,78.69155
2377119923,Barsūri,,hamlet,,Pauri Garhwal,29.96136,78.64199
8081759598,Barula,,hamlet,,Pauri Garhwal,29.70424,79.09789
2377340937,Baryon,,hamlet,,Pauri Garhwal,29.83509,78.69961
342110262,Baryun,,village,,Pauri Garhwal,30.00092,78.63327
7931305550,Basani,,hamlet,,Pauri Garhwal,29.95618,79.21836
7931305553,Basbhira,,hamlet,,Pauri Garhwal,29.96209,79.22750
7998625156,Basli Chaur,,hamlet,,Pauri Garhwal,29.67394,78.86448
8082587622,Basnauli,,hamlet,,Pauri Garhwal,29.63814,79.07163
7933291104,Basola,,hamlet,,Pauri Garhwal,29.92775,79.15175
2382762407,Basolagad,,hamlet,,Pauri Garhwal,29.92573,79.17857
8000406229,Basra,,hamlet,,Pauri Garhwal,29.73060,78.81991
342112396,Basuri,,village,,Pauri Garhwal,30.10803,78.93265
2377340938,Basyūr Bāman,,hamlet,,Pauri Garhwal,29.80539,78.64227
2377340939,Basyūr Gūni,,hamlet,,Pauri Garhwal,29.81204,78.62634
7933547107,Bataula,,hamlet,,Pauri Garhwal,29.99544,79.01101
2377340940,Batkholu,,hamlet,,Pauri Garhwal,29.93911,78.71115
2377340941,Batulbāri,,hamlet,,Pauri Garhwal,29.78590,78.65838
8003097769,Baunseli,,hamlet,,Pauri Garhwal,29.95951,78.39183
8003870261,Baunseli Talli,,hamlet,,Pauri Garhwal,29.95823,78.38190
2377340942,Bauntha,,hamlet,,Pauri Garhwal,29.84944,78.69395
2377340943,Bauntha,,hamlet,,Pauri Garhwal,29.86679,78.60691
7933816579,Baurau,,hamlet,,Pauri Garhwal,29.87719,79.00929
7996837996,Bawani,,village,,Pauri Garhwal,29.63926,78.98301
7934202321,Bawansa Malla,,hamlet,,Pauri Garhwal,29.81693,79.06910
2376764968,Bawansa Talla,,hamlet,,Pauri Garhwal,29.82019,79.06461
7933898212,Bayera,,village,,Pauri Garhwal,29.90878,79.08051
2377340944,Bebdi,,hamlet,,Pauri Garhwal,29.83475,78.72469
342107868,Bedikhal,,village,,Pauri Garhwal,29.88144,79.00406
8074532709,Bedu Ki Pinjoli,,hamlet,,Pauri Garhwal,29.71243,79.11381
2377119924,Bedulgaon,,hamlet,,Pauri Garhwal,29.97594,78.70911
8003086371,Begra,,hamlet,,Pauri Garhwal,29.95224,78.36614
7996823197,Belam,,hamlet,,Pauri Garhwal,29.68938,78.99689
7933547130,Berogaon,,hamlet,,Pauri Garhwal,29.91834,79.10598
7996824519,Berubari,,village,,Pauri Garhwal,29.65022,78.91299
2377340945,Betpāni,,hamlet,,Pauri Garhwal,29.95446,78.71065
8082587620,Beur,,hamlet,,Pauri Garhwal,29.64739,79.07526
7889219710,Bewala,,hamlet,,Pauri Garhwal,30.01136,78.33153
7889169925,Bhadasi,,hamlet,,Pauri Garhwal,30.09701,78.35231
2377340946,Bhadālīkhāl,,hamlet,,Pauri Garhwal,29.84412,78.62347
2377119925,Bhagru,,hamlet,,Pauri Garhwal,29.99210,78.74696
2376530956,Bhagwali Taliya,,village,,Pauri Garhwal,29.91479,79.09134
7934202336,Bhainchilam,,hamlet,,Pauri Garhwal,29.82793,79.09573
2377340947,Bhainsaur,,hamlet,,Pauri Garhwal,29.89165,78.66353
7850440331,Bhainswara,,hamlet,,Pauri Garhwal,30.20434,79.03641
7933282727,Bhainswara,,hamlet,,Pauri Garhwal,29.93876,79.15282
7933898211,Bhainswara,,hamlet,,Pauri Garhwal,29.90267,79.07809
7933927454,Bhainswara,,hamlet,,Pauri Garhwal,29.88713,79.06260
2377268898,Bhairgaon,,hamlet,,Pauri Garhwal,29.82870,78.57828
2377268899,Bhairgaon,,hamlet,,Pauri Garhwal,29.87101,78.54807
7933282720,Bhairgaon,,hamlet,,Pauri Garhwal,29.91867,79.13658
7964434386,Bhairgaon,,hamlet,,Pauri Garhwal,29.89329,78.85077
2377340948,Bhairgaon Palla,,hamlet,,Pauri Garhwal,29.87786,78.64401
2377340949,Bhairgaon Walla,,hamlet,,Pauri Garhwal,29.88055,78.64605
6611701920,Bhakhand,,village,,Pauri Garhwal,29.87350,79.02071
2377268900,Bhalgaon,,hamlet,,Pauri Garhwal,29.95075,78.63085
2377340950,Bhalgaon,,hamlet,,Pauri Garhwal,29.88039,78.60392
2377340951,Bhalli,,hamlet,,Pauri Garhwal,29.93573,78.69357
7933927460,Bhamral,,hamlet,,Pauri Garhwal,29.89714,79.05339
8082585279,Bhandar,,hamlet,,Pauri Garhwal,29.68147,79.10937
7934334062,Bhandarkhutka,,hamlet,,Pauri Garhwal,29.84370,79.08847
7933547116,Bhandeli,,hamlet,,Pauri Garhwal,29.99525,79.03854
7931602420,Bhanelu Gad,,village,,Pauri Garhwal,29.98023,79.12785
8002966576,Bhapur,,hamlet,,Pauri Garhwal,29.99477,78.46499
8006181006,Bharakila,,hamlet,,Pauri Garhwal,29.82760,78.47292
2377340952,Bharatgaon,,hamlet,,Pauri Garhwal,29.80741,78.67613
2377119926,Bhargwāri,,hamlet,,Pauri Garhwal,29.98321,78.62868
2376532245,Bharidhar,,village,,Pauri Garhwal,29.91900,79.09897
342111571,Bharnau,,village,,Pauri Garhwal,29.94475,79.13804
2377062454,Bharoli,,village,,Pauri Garhwal,29.84867,79.03176
7934293958,Bharpur,,hamlet,,Pauri Garhwal,29.86339,78.99947
6594226928,Bharsar,,village,,Pauri Garhwal,30.06166,78.99281
7934082318,Bhatbo Malla,,hamlet,,Pauri Garhwal,29.91092,79.11654
7933547133,Bhatbo Talla,,hamlet,,Pauri Garhwal,29.91693,79.11427
8003035199,Bhatgaon,,hamlet,,Pauri Garhwal,29.90110,78.49596
8081759591,Bhathya,,hamlet,,Pauri Garhwal,29.68975,79.09171
2377340953,Bhatkholi,,hamlet,,Pauri Garhwal,29.82184,78.71525
2377340954,Bhatnyūdāng,,hamlet,,Pauri Garhwal,29.88332,78.70569
7934202318,Bhatraun,,hamlet,,Pauri Garhwal,29.80457,79.03575
7934143793,Bhatwara,,hamlet,,Pauri Garhwal,29.75585,79.08062
7889169914,Bhaun,,hamlet,,Pauri Garhwal,30.07244,78.33760
7996802957,Bhaun,,hamlet,,Pauri Garhwal,29.74502,78.96677
8273026814,Bhaun,,hamlet,,Pauri Garhwal,30.10872,78.33923
7933816574,Bhaurad,,village,,Pauri Garhwal,29.86698,79.01859
8006205842,Bhawanipur,,village,,Pauri Garhwal,29.78375,78.39431
2377340955,Bhayānsu,,hamlet,,Pauri Garhwal,29.85458,78.64944
2377340956,Bhelda Bara,,hamlet,,Pauri Garhwal,29.85888,78.61699
7888719809,Bheldunga,,hamlet,,Pauri Garhwal,30.05613,78.36986
7996823192,Bhergaon,,hamlet,,Pauri Garhwal,29.66609,78.99745
342110351,Bheti,,hamlet,,Pauri Garhwal,29.98747,78.74245
2377340957,Bhiklāsi,,hamlet,,Pauri Garhwal,29.86702,78.74128
7936574518,Bhiku,,hamlet,,Pauri Garhwal,29.87267,78.86804
2377268901,Bhilargaon,,hamlet,,Pauri Garhwal,29.95364,78.63359
7933547110,Bhira,,hamlet,,Pauri Garhwal,29.98330,79.02643
8003830847,Bhumiyasari,,hamlet,,Pauri Garhwal,29.95663,78.34061
8006223028,Bhumsindhupur,,village,,Pauri Garhwal,29.78680,78.44352
8081754297,Bhundkhal,,hamlet,,Pauri Garhwal,29.62171,79.03475
2377340958,Bhunwāli,,hamlet,,Pauri Garhwal,29.85184,78.70557
7996802955,Bhupati,,hamlet,,Pauri Garhwal,29.74161,78.96095
8006205845,Bhupdevpuri,,village,,Pauri Garhwal,29.78896,78.38391
2377340959,Bhyūnlet,,hamlet,,Pauri Garhwal,29.84125,78.62692
2377340960,Bhānkot,,hamlet,,Pauri Garhwal,29.81374,78.64758
7996802945,Bichhabagar Tok,,hamlet,,Pauri Garhwal,29.72769,78.98961
7985330440,Bichla,,hamlet,,Pauri Garhwal,29.74283,78.99802
8006163656,Bichla Mathana,,hamlet,,Pauri Garhwal,29.83878,78.48283
7996823187,Bichli Khiyunal,,hamlet,,Pauri Garhwal,29.67616,78.98578
7985330441,Bijlot,,hamlet,,Pauri Garhwal,29.74566,78.99876
2377268903,Bijnaur,,hamlet,,Pauri Garhwal,29.85751,78.55990
2377268904,Bijoli,,hamlet,,Pauri Garhwal,29.91135,78.57764
342112214,Bijouripani,,village,,Pauri Garhwal,29.89517,78.90656
2377340961,Bilangi,,hamlet,,Pauri Garhwal,29.81568,78.63573
342110993,Bilkhet,,hamlet,,Pauri Garhwal,29.96278,78.68308
7996837992,Bilkot,,hamlet,,Pauri Garhwal,29.66274,78.97983
2377340962,Biltiya,,hamlet,,Pauri Garhwal,29.75446,78.74643
2377340963,Bilānsu,,hamlet,,Pauri Garhwal,29.81474,78.65011
7888719796,Binak,,hamlet,,Pauri Garhwal,30.03026,78.39615
7888719826,Binak,,hamlet,,Pauri Garhwal,30.03005,78.40248
8003035189,Bindalgaon,,hamlet,,Pauri Garhwal,29.87178,78.48927
8003035194,Bindalgaon,,hamlet,,Pauri Garhwal,29.87905,78.47004
7863886211,Bindeshwar Mahadev,,hamlet,,Pauri Garhwal,30.01676,79.16196
7889219699,Binjakhet,,hamlet,,Pauri Garhwal,30.03958,78.34691
2377340964,Bintala,,hamlet,,Pauri Garhwal,29.77544,78.72583
6604442791,Birgana,,village,,Pauri Garhwal,29.96125,79.01567
7888719817,Birkatal,,hamlet,,Pauri Garhwal,30.04661,78.40305
8081791436,Birkhet Malla,,hamlet,,Pauri Garhwal,29.74024,79.08336
8081791435,Birkhet Talla,,hamlet,,Pauri Garhwal,29.73733,79.08008
2377268905,Birmoli,,hamlet,,Pauri Garhwal,29.89935,78.58431
342111794,Bironkhal,,village,,Pauri Garhwal,29.84024,79.03153
7858358312,Birsoa,,hamlet,,Pauri Garhwal,30.11222,79.03295
7998625161,Birwa Ka Bari,,hamlet,,Pauri Garhwal,29.68207,78.85604
7996855870,Bisangalya,,hamlet,,Pauri Garhwal,29.66984,78.92218
8002994219,Bishtudanda,,village,,Pauri Garhwal,29.92205,78.47722
8002994229,Bisi,,village,,Pauri Garhwal,29.93162,78.47997
2377268906,Bistāna,,hamlet,,Pauri Garhwal,29.87384,78.59380
8003063417,Bithayani,,village,,Pauri Garhwal,29.96211,78.44369
342114519,Bithyani,,village,,Pauri Garhwal,29.95834,78.43827
7863854190,Biyasi,,hamlet,,Pauri Garhwal,30.02825,79.09476
7996837999,Biyasi,,hamlet,,Pauri Garhwal,29.64567,78.99447
8000406243,Bojasera,,hamlet,,Pauri Garhwal,29.73563,78.76811
7888719823,Bonga,,hamlet,,Pauri Garhwal,30.03791,78.41646
2377340965,Borgaon,,hamlet,,Pauri Garhwal,29.78222,78.65385
2377119927,Borikh,,hamlet,,Pauri Garhwal,29.99257,78.73756
342111042,Bousal,,village,,Pauri Garhwal,29.93912,78.75138
8081846123,Braihat Bara,,hamlet,,Pauri Garhwal,29.64340,79.04097
342114535,Brughakhal,,village,,Pauri Garhwal,29.92401,78.46161
342110136,Buakhal,,village,,Pauri Garhwal,30.11765,78.80219
7888719848,Budholi,,hamlet,,Pauri Garhwal,30.00319,78.45268
2377268907,Budolgaon,,hamlet,,Pauri Garhwal,29.85172,78.56250
7889219707,Bukandi,,hamlet,,Pauri Garhwal,30.00542,78.34297
2376529313,Bungdhar Malla,,hamlet,,Pauri Garhwal,29.91200,79.09068
2376529574,Bungdhar Talla,,hamlet,,Pauri Garhwal,29.91304,79.08703
7996750484,Buragarh,,hamlet,,Pauri Garhwal,29.68330,78.96245
7933898214,Burakot,,hamlet,,Pauri Garhwal,29.91384,79.07000
7934060034,Burakot,,hamlet,,Pauri Garhwal,29.91502,79.10203
8002987484,Burgaon,,hamlet,,Pauri Garhwal,29.86982,78.47358
8002994220,Burgaon,,village,,Pauri Garhwal,29.92438,78.46684
2377340966,Burānsi,,hamlet,,Pauri Garhwal,29.94014,78.67160
8079477796,Busoli Malli,,hamlet,,Pauri Garhwal,29.69563,79.06992
8079477795,Busoli Talli,,hamlet,,Pauri Garhwal,29.69561,79.07387
7998585300,Buthanagar,,village,,Pauri Garhwal,29.73895,78.91160
342111433,Byasi,,village,,Pauri Garhwal,30.02843,79.09454
342114366,Byānsghāt,,hamlet,,Pauri Garhwal,30.06409,78.60169
2377268908,Bāgi,,hamlet,,Pauri Garhwal,29.87668,78.54527
2377268909,Bāgi,,hamlet,,Pauri Garhwal,29.90191,78.50346
2377107978,Bāgon,,hamlet,,Pauri Garhwal,29.99581,78.59583
2377340967,Bājāgaon,,hamlet,,Pauri Garhwal,29.93898,78.65740
342111002,Bānghāt,,village,,Pauri Garhwal,29.95191,78.69005
2377340968,Bānsi,,hamlet,,Pauri Garhwal,29.78379,78.64732
2377268910,Bīni Jamargadi,,hamlet,,Pauri Garhwal,29.79214,78.55966
2377340969,Būchākhāl,,hamlet,,Pauri Garhwal,29.78069,78.73529
2377340970,Būnga,,hamlet,,Pauri Garhwal,29.94735,78.69651
342107473,Būngīdhār,,hamlet,,Pauri Garhwal,29.96521,79.16996
7998625164,Chaboliya,,hamlet,,Pauri Garhwal,29.69146,78.85664
7948009735,Chahagarhi,,hamlet,,Pauri Garhwal,29.91812,78.97778
7931602414,Chainoli,,hamlet,,Pauri Garhwal,29.96838,79.15855
7996750482,Chairkhola,,hamlet,,Pauri Garhwal,29.69804,78.97091
8081759604,Chaitadhar Bichli,,hamlet,,Pauri Garhwal,29.70406,79.10442
8081759606,Chaitadhar Talla,,hamlet,,Pauri Garhwal,29.70628,79.10783
7934202326,Chamalan,,hamlet,,Pauri Garhwal,29.81067,79.05393
7889169920,Chamanpuri,,hamlet,,Pauri Garhwal,30.04794,78.33749
7936495987,Chamapani,,hamlet,,Pauri Garhwal,29.88750,78.90726
7996823193,Chamara,,hamlet,,Pauri Garhwal,29.67224,78.99837
7964472210,Chameli,,hamlet,,Pauri Garhwal,29.85738,78.77178
2377340971,Chametha,,hamlet,,Pauri Garhwal,29.81589,78.72815
342112347,Chamgaon,,village,,Pauri Garhwal,30.05585,78.94501
2377268914,Chamiān,,hamlet,,Pauri Garhwal,29.84986,78.57037
4336656217,Chamnau,,village,,Pauri Garhwal,29.94767,78.88365
2377340972,Chamoligaon,,hamlet,,Pauri Garhwal,29.94435,78.68580
2377268916,Chamsūl,,hamlet,,Pauri Garhwal,29.90773,78.52039
7933864740,Chanchariya,,hamlet,,Pauri Garhwal,29.95324,79.04672
6611708693,Chandoli,,village,,Pauri Garhwal,29.85424,79.02484
8000419672,Chandpur,,hamlet,,Pauri Garhwal,29.71035,78.84420
7863752452,Changin,,hamlet,,Pauri Garhwal,30.08695,79.07748
5894154871,Chantaoa,,hamlet,,Pauri Garhwal,29.88046,78.45027
8000406236,Chaprait,,hamlet,,Pauri Garhwal,29.72643,78.79933
7985346013,Chaprait Khubani,,village,,Pauri Garhwal,29.72859,78.78427
342112299,Char Gad,,village,,Pauri Garhwal,29.95010,78.91342
2377268917,Charekh,,hamlet,,Pauri Garhwal,29.83423,78.54520
8081754307,Charnsain,,hamlet,,Pauri Garhwal,29.63603,79.00290
2377268918,Charo,,hamlet,,Pauri Garhwal,29.86711,78.50593
342112163,Chaubattakhal,,village,,Pauri Garhwal,29.95697,78.87772
342111552,Chaukhal,,village,,Pauri Garhwal,29.92801,79.08342
7998585323,Chaukham,,hamlet,,Pauri Garhwal,29.72274,78.87132
8000419664,Chaukham,,hamlet,,Pauri Garhwal,29.71772,78.87291
2377340973,Chauksera,,hamlet,,Pauri Garhwal,29.80900,78.64753
2377340974,Chaumāsu,,hamlet,,Pauri Garhwal,29.90273,78.73534
7964454621,Chauna,,hamlet,,Pauri Garhwal,29.84405,78.82124
7933927441,Chaunaliya,,hamlet,,Pauri Garhwal,29.89993,79.12075
7931602424,Chaunda,,hamlet,,Pauri Garhwal,29.98243,79.15501
7934293963,Chaundala,,hamlet,,Pauri Garhwal,29.84930,79.00586
7934202323,Chaundi,,hamlet,,Pauri Garhwal,29.81633,79.05961
7936601529,Chaundi,,hamlet,,Pauri Garhwal,29.84652,78.84837
2377268919,Chaundli,,hamlet,,Pauri Garhwal,29.84425,78.49868
7933927461,Chaundliya,,hamlet,,Pauri Garhwal,29.89861,79.04751
8000419660,Chaur Ka Danda,,hamlet,,Pauri Garhwal,29.73697,78.86523
8078446513,Chemara,,hamlet,,Pauri Garhwal,29.67489,79.00284
2377340975,Cheūla,,hamlet,,Pauri Garhwal,29.77152,78.65737
7998585313,Chhayani,,hamlet,,Pauri Garhwal,29.72846,78.88808
7998585312,Chhayani Palli,,hamlet,,Pauri Garhwal,29.73032,78.89958
8079477810,Chhikhal,,hamlet,,Pauri Garhwal,29.71226,79.04155
2377340976,Chhota Manjhola,,hamlet,,Pauri Garhwal,29.80125,78.67839
2377440459,Chhoti Bijni,,hamlet,,Pauri Garhwal,30.07004,78.40501
2377340977,Chhundbāri,,hamlet,,Pauri Garhwal,29.78374,78.69626
2377268920,Chhām,,hamlet,,Pauri Garhwal,29.91227,78.59315
2377340978,Chifaldhungi,,hamlet,,Pauri Garhwal,29.92328,78.66953
342115896,Chila,,village,,Pauri Garhwal,29.97449,78.21309
7996837987,Chilaon,,hamlet,,Pauri Garhwal,29.65759,78.96456
7996855873,Chilaon,,hamlet,,Pauri Garhwal,29.67690,78.95005
8003097767,Chiloli,,hamlet,,Pauri Garhwal,29.97858,78.37651
7934139981,Chinwali,,hamlet,,Pauri Garhwal,29.76147,79.00208
7964311524,Chinwan,,hamlet,,Pauri Garhwal,29.85045,78.82431
8003063421,Choi Damrara,,village,,Pauri Garhwal,29.96510,78.43310
342110939,Cholūsain,,hamlet,,Pauri Garhwal,29.94922,78.59788
7933591505,Choparyun,,hamlet,,Pauri Garhwal,29.91977,79.04163
342110222,Chopidyu,,village,,Pauri Garhwal,30.11765,78.85300
342110971,Chopra,,village,,Pauri Garhwal,30.02152,78.62778
2377268921,Chopra,,hamlet,,Pauri Garhwal,29.80991,78.58981
8002983086,Chopra,,village,,Pauri Garhwal,29.97886,78.49743
8002994228,Chopra,,village,,Pauri Garhwal,29.93098,78.47373
7933864737,Chopta,,village,,Pauri Garhwal,29.94943,79.07824
8079477812,Chorgadh Malla,,hamlet,,Pauri Garhwal,29.71806,79.02528
8079477811,Chorgadh Talla,,hamlet,,Pauri Garhwal,29.71435,79.03175
342112026,Chourikhal,,village,,Pauri Garhwal,30.02014,78.99720
342110723,Chowbata,,village,,Pauri Garhwal,30.16708,78.85437
7888719847,Chubyani,,hamlet,,Pauri Garhwal,30.00038,78.44386
8003063433,Chubyari,,hamlet,,Pauri Garhwal,29.99652,78.44504
342114264,Chulai,,village,,Pauri Garhwal,29.82376,78.71842
8082585268,Chulsiya,,hamlet,,Pauri Garhwal,29.66839,79.08442
8003035185,Chuna Maheda,,hamlet,,Pauri Garhwal,29.86437,78.46955
2377340979,Chundai Malli,,hamlet,,Pauri Garhwal,29.82078,78.71922
2377340980,Chundai Talli,,hamlet,,Pauri Garhwal,29.82635,78.71977
7858358309,Chunkhar,,hamlet,,Pauri Garhwal,30.11069,79.03086
2377268922,Chura,,hamlet,,Pauri Garhwal,29.92127,78.60337
8003830851,Churgadi,,hamlet,,Pauri Garhwal,29.98295,78.35160
7863854189,Churi,,hamlet,,Pauri Garhwal,30.02121,79.09914
2377062452,Churāni,,hamlet,,Pauri Garhwal,29.81931,78.90012
8006223035,Chy,,village,,Pauri Garhwal,29.77843,78.43283
7858358310,Chynoli,,hamlet,,Pauri Garhwal,30.11560,79.02701
7933898217,Chyurkot,,hamlet,,Pauri Garhwal,29.91124,79.05659
2377340981,Chāi,,hamlet,,Pauri Garhwal,29.84022,78.72321
342111014,Chāmi,,hamlet,,Pauri Garhwal,29.96755,78.74355
7998585309,Dabar,,hamlet,,Pauri Garhwal,29.71450,78.89061
8003035197,Dabra,,hamlet,,Pauri Garhwal,29.89425,78.49041
7998560665,Dabrad,,hamlet,,Pauri Garhwal,29.71581,78.93317
7998585301,Dabrad,,hamlet,,Pauri Garhwal,29.73543,78.90857
8003807452,Dabral Khat,,hamlet,,Pauri Garhwal,29.87755,78.44442
7996824527,Dabri,,hamlet,,Pauri Garhwal,29.65612,78.92518
8000406241,Dabru,,hamlet,,Pauri Garhwal,29.71415,78.79609
2377268923,Dabrāna,,hamlet,,Pauri Garhwal,29.85816,78.57841
8082585285,Dadera,,hamlet,,Pauri Garhwal,29.66928,79.10575
7931305551,Dadoli Malli,,hamlet,,Pauri Garhwal,29.96001,79.21407
7931305545,Dadoli Talli,,hamlet,,Pauri Garhwal,29.95373,79.21102
8082585301,Dadwari,,hamlet,,Pauri Garhwal,29.67539,79.05998
7864415374,Daira,,hamlet,,Pauri Garhwal,30.00982,79.17267
342107832,Daira Binsar,,village,,Pauri Garhwal,30.01740,79.16199
2377119929,Daisan,,hamlet,,Pauri Garhwal,29.97204,78.66899
7888719831,Daketa,,hamlet,,Pauri Garhwal,30.02082,78.42676
7998556631,Dala,,village,,Pauri Garhwal,29.68667,78.90473
8006205844,Dalipur,,village,,Pauri Garhwal,29.78723,78.39303
8003807420,Dalkatal,,hamlet,,Pauri Garhwal,29.92804,78.42824
7888719838,Dalmogi,,hamlet,,Pauri Garhwal,30.00868,78.38686
6611694955,Damaila Talla,,village,,Pauri Garhwal,29.84782,79.02205
7936574515,Danavkhal,,hamlet,,Pauri Garhwal,29.88051,78.86462
2377340982,Danda Malla,,hamlet,,Pauri Garhwal,29.91335,78.73797
2377340983,Danda Talla,,hamlet,,Pauri Garhwal,29.91956,78.74355
8003035207,Dandabink,,hamlet,,Pauri Garhwal,29.91421,78.45697
8003063423,Dandamra,,hamlet,,Pauri Garhwal,29.97657,78.44225
342114378,Dandapani,,village,,Pauri Garhwal,30.16983,78.69370
8003086374,Dandi,,hamlet,,Pauri Garhwal,29.96094,78.37297
7933282721,Dandkhil,,hamlet,,Pauri Garhwal,29.91765,79.14407
7933547134,Dandkhil,,village,,Pauri Garhwal,29.93100,79.11761
2383057009,Dang,,hamlet,,Pauri Garhwal,29.99273,79.17830
7933282724,Dang,,hamlet,,Pauri Garhwal,29.92105,79.16468
245769614,Dangchaura,,village,5000,Pauri Garhwal,30.21940,78.78520
7858334988,Dangi,,hamlet,,Pauri Garhwal,30.16305,79.02075
7934202329,Dangu Malla,,hamlet,,Pauri Garhwal,29.82707,79.04988
2376389413,Dangu Talla,,hamlet,,Pauri Garhwal,29.82544,79.03291
2377340984,Dangwālgaon,,hamlet,,Pauri Garhwal,29.81918,78.67004
7889219703,Danni Katal,,hamlet,,Pauri Garhwal,30.02183,78.34950
8081791432,Dansikhet,,hamlet,,Pauri Garhwal,29.74584,79.09054
8006188037,Dao,,village,,Pauri Garhwal,29.85708,78.41299
2377340985,Daratha,,hamlet,,Pauri Garhwal,29.82654,78.64467
7934143795,Dargasi,,hamlet,,Pauri Garhwal,29.75812,79.09482
7858321384,Darmoli,,hamlet,,Pauri Garhwal,30.13242,79.00970
2377268924,Dasmeri,,hamlet,,Pauri Garhwal,29.95311,78.58034
7858347791,Daula,,hamlet,,Pauri Garhwal,30.14958,79.00799
2377268925,Dauli,,hamlet,,Pauri Garhwal,29.93218,78.53279
7888719825,Daun,,hamlet,,Pauri Garhwal,30.03419,78.40198
7998585319,Daunkholi,,hamlet,,Pauri Garhwal,29.73623,78.87536
7934334068,Daur,,hamlet,,Pauri Garhwal,29.83409,79.06493
7888719828,Daurana,,hamlet,,Pauri Garhwal,30.02939,78.40952
2377107980,Davra,,hamlet,,Pauri Garhwal,29.97739,78.55646
8003830850,Dawaidi,,hamlet,,Pauri Garhwal,29.99078,78.34875
8003870267,Debiyana,,hamlet,,Pauri Garhwal,29.93270,78.40054
7936700025,Degla,,hamlet,,Pauri Garhwal,29.97667,78.93829
2377340986,Deodi,,hamlet,,Pauri Garhwal,29.79566,78.71173
7936639558,Deokandai Talli,,hamlet,,Pauri Garhwal,29.89053,78.94533
2377268926,Deorāmpur,,hamlet,,Pauri Garhwal,29.74726,78.46011
342114258,Deriyākhāl,,hamlet,,Pauri Garhwal,29.83735,78.69835
8081838504,Devadhuli,,hamlet,,Pauri Garhwal,29.63956,79.05122
8002994226,Devi Ka Danda,,hamlet,,Pauri Garhwal,29.95579,78.48169
7998585325,Devigaon,,hamlet,,Pauri Garhwal,29.72482,78.91655
342114552,Devikhal,,village,,Pauri Garhwal,30.00504,78.50830
342114230,Devikhāl,,hamlet,,Pauri Garhwal,29.85514,78.63733
342110420,Deviyokhal,,village,,Pauri Garhwal,29.78256,78.84751
8079508217,Devlad Palla,,hamlet,,Pauri Garhwal,29.73135,79.05215
8079508218,Devlad Walla,,hamlet,,Pauri Garhwal,29.73381,79.04571
7933547120,Devlau,,village,,Pauri Garhwal,29.96250,79.07107
7889169917,Devrana,,hamlet,,Pauri Garhwal,30.05483,78.34310
7931602426,Devrari,,hamlet,,Pauri Garhwal,29.98817,79.13778
342111899,Devtakhet,,hamlet,,Pauri Garhwal,29.71275,79.09674
2377268927,Devīdānda,,hamlet,,Pauri Garhwal,29.82374,78.50465
2377268928,Devīkhet,,hamlet,,Pauri Garhwal,29.90997,78.55513
7984746987,Dewaldhar,,hamlet,,Pauri Garhwal,29.74823,78.99444
342114224,Dewalkhal,,village,,Pauri Garhwal,29.86359,78.64426
2377340987,Dhaksuna,,hamlet,,Pauri Garhwal,29.80016,78.72007
7889169921,Dhamand,,village,,Pauri Garhwal,30.04335,78.32960
7998625163,Dhamdhar,,hamlet,,Pauri Garhwal,29.68753,78.85731
7996802951,Dhanddhar Malla,,hamlet,,Pauri Garhwal,29.72654,78.96531
7996802950,Dhanddhar Talla,,hamlet,,Pauri Garhwal,29.72283,78.96421
2377107983,Dhandholi,,hamlet,,Pauri Garhwal,29.99964,78.53837
2377340988,Dhaniyākot,,hamlet,,Pauri Garhwal,29.79614,78.73552
2377107986,Dhaniār,,hamlet,,Pauri Garhwal,29.99917,78.63028
7888622581,Dhanunar,,hamlet,,Pauri Garhwal,30.02433,78.49371
8003035206,Dhargal,,hamlet,,Pauri Garhwal,29.90939,78.46786
2377268929,Dhargaon,,hamlet,,Pauri Garhwal,29.85260,78.50713
2377340989,Dhargaon,,hamlet,,Pauri Garhwal,29.86907,78.65003
7998585317,Dhargaon,,hamlet,,Pauri Garhwal,29.74795,78.87424
342114547,Dhari,,village,,Pauri Garhwal,30.02026,78.49824
2377340990,Dharigaon,,hamlet,,Pauri Garhwal,29.93040,78.74350
7931305542,Dharkot,,hamlet,,Pauri Garhwal,29.94535,79.21434
8003870268,Dharkot,,hamlet,,Pauri Garhwal,29.92362,78.38035
7888622583,Dhasi,,hamlet,,Pauri Garhwal,30.01799,78.48641
7934202327,Dhaukholi,,hamlet,,Pauri Garhwal,29.81581,79.05266
2377340991,Dhaulidhār,,hamlet,,Pauri Garhwal,29.93403,78.73032
8000406230,Dhauliyan,,hamlet,,Pauri Garhwal,29.73764,78.81748
7934143791,Dhauliyana,,hamlet,,Pauri Garhwal,29.75214,79.06579
2377341000,Dhaulkhetkhāl,,hamlet,,Pauri Garhwal,29.80449,78.72354
7933864733,Dhaund,,hamlet,,Pauri Garhwal,29.93169,79.06309
2377341004,Dhaundyer,,hamlet,,Pauri Garhwal,29.91485,78.70235
2377341008,Dhaungair,,hamlet,,Pauri Garhwal,29.79862,78.69744
2377341012,Dhaunra,,hamlet,,Pauri Garhwal,29.83437,78.71664
342110558,Dhauntial,,village,,Pauri Garhwal,29.75098,78.73764
2377119930,Dhaura,,hamlet,,Pauri Garhwal,29.98535,78.70949
2377341017,Dhaura,,hamlet,,Pauri Garhwal,29.91687,78.73430
5894155568,Dhauradhand,,hamlet,,Pauri Garhwal,29.89308,78.47372
2377268930,Dhauri,,hamlet,,Pauri Garhwal,29.89920,78.55806
7889219700,Dhausain,,hamlet,,Pauri Garhwal,30.03003,78.34623
342111646,Dhikala,,village,,Pauri Garhwal,29.58618,78.86124
7933927452,Dhobhighat,,village,,Pauri Garhwal,29.87969,79.05131
8082585306,Dholpani (Moxan),,hamlet,,Pauri Garhwal,29.65284,79.02847
7998556628,Dhontiyal,,hamlet,,Pauri Garhwal,29.69573,78.89533
8006231300,Dhruvapur,,village,,Pauri Garhwal,29.75749,78.49785
6594262159,Dhulet,,village,,Pauri Garhwal,30.06751,78.99250
7860111690,Dhulet,,hamlet,,Pauri Garhwal,30.07352,78.99984
342111965,Dhumakot,धुमाकोट,town,,Pauri Garhwal,29.75015,79.01574
7886624346,Dhunargaon,,hamlet,,Pauri Garhwal,30.11886,78.38975
8002966579,Dhunga Bhichhla,,hamlet,,Pauri Garhwal,29.95794,78.46505
8002966580,Dhunga Malla,,hamlet,,Pauri Garhwal,29.96438,78.45826
8002966578,Dhunga Talla,,hamlet,,Pauri Garhwal,29.95590,78.46131
2377268931,Dhungya,,hamlet,,Pauri Garhwal,29.94917,78.54370
7998585315,Dhur,,hamlet,,Pauri Garhwal,29.73692,78.89849
7998556635,Dhura,,hamlet,,Pauri Garhwal,29.69310,78.86817
7998625171,Dhura,,hamlet,,Pauri Garhwal,29.70906,78.82746
8003035193,Dhura,,hamlet,,Pauri Garhwal,29.88130,78.46150
8006188035,Dhura Pauri,,hamlet,,Pauri Garhwal,29.85325,78.43407
2377268932,Dhurātāl,,hamlet,,Pauri Garhwal,29.81727,78.55471
7996838004,Dhyanigaon,,hamlet,,Pauri Garhwal,29.66210,78.98453
2377119931,Dhādukhāl,,hamlet,,Pauri Garhwal,29.96474,78.69540
2377119932,Dhāri,,hamlet,,Pauri Garhwal,29.99667,78.66778
2377341021,Dhāri,,hamlet,,Pauri Garhwal,29.87967,78.63630
2377268933,Dhūr,,hamlet,,Pauri Garhwal,29.84225,78.56646
2377341026,Dhūra,,hamlet,,Pauri Garhwal,29.83267,78.65902
7934143787,Dibang,,hamlet,,Pauri Garhwal,29.76672,79.02899
7933927457,Diboli,,hamlet,,Pauri Garhwal,29.89342,79.05009
342107936,Digoli,,village,,Pauri Garhwal,29.84020,79.08822
8003086372,Digoli,,hamlet,,Pauri Garhwal,29.95665,78.37359
8081791424,Digoli,,village,,Pauri Garhwal,29.72844,79.08697
342111888,Digolikhal,,village,,Pauri Garhwal,29.72883,79.09645
2377268934,Dikhet,,hamlet,,Pauri Garhwal,29.91767,78.55573
7998625157,Dikholiya,,village,,Pauri Garhwal,29.66852,78.86603
2377341030,Dimār,,hamlet,,Pauri Garhwal,29.77742,78.72078
7998585302,Dind,,hamlet,,Pauri Garhwal,29.71792,78.91022
8003807435,Dinda,,hamlet,,Pauri Garhwal,29.93431,78.45187
7934139982,Dindan,,hamlet,,Pauri Garhwal,29.75355,79.01052
2377268935,Diula,,hamlet,,Pauri Garhwal,29.89051,78.51330
342114822,Diuli,,village,,Pauri Garhwal,30.05997,78.35175
7888622580,Diwa,,hamlet,,Pauri Garhwal,30.01097,78.49706
7936639559,Diwan ka Bunga,,hamlet,,Pauri Garhwal,29.88853,78.94729
2377341034,Diyūsa,,hamlet,,Pauri Garhwal,29.90922,78.62961
2377341038,Doba,,hamlet,,Pauri Garhwal,29.82747,78.72396
2377268936,Dobar,,hamlet,,Pauri Garhwal,29.91786,78.57225
2377341042,Dobha,,hamlet,,Pauri Garhwal,29.85281,78.63501
8079477805,Dobha,,hamlet,,Pauri Garhwal,29.71638,79.05910
7850440343,Dobri,,hamlet,,Pauri Garhwal,30.20846,79.08240
7998625170,Dobriya,,hamlet,,Pauri Garhwal,29.69929,78.84521
7964277857,Doheli,,hamlet,,Pauri Garhwal,29.89686,78.82212
7858347786,Dohra,,hamlet,,Pauri Garhwal,30.14542,79.00987
342110522,Doki,,village,,Pauri Garhwal,29.66721,78.85437
8079477809,Doliya Khal,,hamlet,,Pauri Garhwal,29.70824,79.02572
8082585277,Duba Tandola,,hamlet,,Pauri Garhwal,29.68421,79.09444
7889219704,Dubra,,hamlet,,Pauri Garhwal,30.02008,78.36625
342114285,Dugadda,,village,,Pauri Garhwal,29.80701,78.60836
6611694928,Dumaila Malla,,village,,Pauri Garhwal,29.84321,79.02493
8003807458,Dumkiyata,,hamlet,,Pauri Garhwal,29.86879,78.42356
7933547135,Dumlot,,village,,Pauri Garhwal,29.93164,79.10500
7933898215,Dumlot,,hamlet,,Pauri Garhwal,29.91421,79.06335
7931305552,Dumnikot,,hamlet,,Pauri Garhwal,29.96464,79.22548
2377341045,Dundek,,hamlet,,Pauri Garhwal,29.87225,78.61742
342111933,Dungri,,village,,Pauri Garhwal,29.70703,79.07135
7863854201,Dungri Malli,,hamlet,,Pauri Garhwal,30.08053,79.09656
7863854200,Dungri Talli,,hamlet,,Pauri Garhwal,30.07466,79.09216
7996824520,Dungyal /chhaur,,village,,Pauri Garhwal,29.66535,78.87242
342111027,Dunk,,village,,Pauri Garhwal,29.96109,78.74863
8006231303,Durgapuri,,village,,Pauri Garhwal,29.75383,78.47021
7996855865,Dwari,,village,,Pauri Garhwal,29.69721,78.92718
7936697150,Dwila Malla,,hamlet,,Pauri Garhwal,29.97167,78.94282
7944529006,Dwila Talla,,hamlet,,Pauri Garhwal,29.96648,78.94355
342110961,Dwārīkhāl,,hamlet,,Pauri Garhwal,29.92961,78.63525
2377341049,Dyūdāli,,hamlet,,Pauri Garhwal,29.89376,78.68863
2377268937,Dābar,,hamlet,,Pauri Garhwal,29.90326,78.54891
2377341053,Dābar,,hamlet,,Pauri Garhwal,29.90531,78.63635
2377341056,Dābri,,hamlet,,Pauri Garhwal,29.81637,78.67691
342114244,Dādāmandi,,village,,Pauri Garhwal,29.86464,78.61092
2377268939,Dālmīsain,,hamlet,,Pauri Garhwal,29.83060,78.58806
2377341057,Dānda,,hamlet,,Pauri Garhwal,29.94496,78.70490
2377268942,Dāndri,,hamlet,,Pauri Garhwal,29.90536,78.56211
2377062456,Dāng,,hamlet,,Pauri Garhwal,30.15112,78.98737
2377119933,Dāngi,,hamlet,,Pauri Garhwal,29.99279,78.72052
2377268945,Dāngi,,hamlet,,Pauri Garhwal,29.92138,78.50929
2377268950,Dāngu,,hamlet,,Pauri Garhwal,29.88108,78.49894
342112692,Ekeshwar,,village,,Pauri Garhwal,29.94324,78.81729
11414234018,FRH,,village,,Pauri Garhwal,29.64359,78.65455
11414380812,FRH,,village,,Pauri Garhwal,29.65127,78.73734
7931305546,Falls,,hamlet,,Pauri Garhwal,29.96172,79.20211
342110734,Farkal,,village,,Pauri Garhwal,30.14923,78.85025
342111483,Farkoda,,village,,Pauri Garhwal,29.91715,78.99720
2377341060,Fatehpur,फ़तेहपुर,hamlet,,Pauri Garhwal,29.82341,78.61670
8081759601,Folla,,hamlet,,Pauri Garhwal,29.71045,79.08930
7996837988,Gadalgaon,,hamlet,,Pauri Garhwal,29.66078,78.96711
7888719819,Gadan,,hamlet,,Pauri Garhwal,30.05236,78.41650
2377119934,Gadhgaon,,hamlet,,Pauri Garhwal,29.95567,78.67378
7931557747,Gadigaon,,hamlet,,Pauri Garhwal,29.97116,79.16915
7998556638,Gadiyon,,hamlet,,Pauri Garhwal,29.68919,78.88973
7933547132,Gadkharak Malla,,village,,Pauri Garhwal,29.92388,79.11122
7933547131,Gadkharak Talla,,hamlet,,Pauri Garhwal,29.92104,79.10832
2377341063,Gadkot,,hamlet,,Pauri Garhwal,29.89726,78.70124
2376533958,Gadoli,,hamlet,,Pauri Garhwal,29.92941,79.05405
7863752453,Gadoli,,hamlet,,Pauri Garhwal,30.08482,79.08465
342111493,Gadsari,,village,,Pauri Garhwal,29.97482,79.03290
2377268956,Gahali,,hamlet,,Pauri Garhwal,29.92046,78.51767
8003063427,Gahegaon,,hamlet,,Pauri Garhwal,29.99874,78.42127
7888719822,Gaikhal,,hamlet,,Pauri Garhwal,30.02849,78.42620
342114493,Gaind,,village,,Pauri Garhwal,30.03638,78.46400
2377341067,Gairgaon,,hamlet,,Pauri Garhwal,29.90467,78.71730
7934202333,Gairi Gad,,hamlet,,Pauri Garhwal,29.82817,79.07560
7998556625,Gaja,,hamlet,,Pauri Garhwal,29.70657,78.90532
8078446502,Gajkhola,,hamlet,,Pauri Garhwal,29.64304,79.00214
2377341071,Gajwār,,hamlet,,Pauri Garhwal,29.77794,78.66080
7998556627,Galaigaon,,hamlet,,Pauri Garhwal,29.70408,78.91018
7888719837,Galigaon,,hamlet,,Pauri Garhwal,30.01524,78.40006
8006153849,Ganar,,hamlet,,Pauri Garhwal,29.85410,78.48343
342107479,Ganathkhal,,hamlet,,Pauri Garhwal,29.94727,79.19189
7858321378,Gandauri,,hamlet,,Pauri Garhwal,30.13002,79.02147
7858334990,Gandiyali,,hamlet,,Pauri Garhwal,30.16563,79.00825
7888719835,Ganeshpur,,hamlet,,Pauri Garhwal,30.01371,78.40495
7933547111,Gangaon,,hamlet,,Pauri Garhwal,29.99007,79.02513
7998625159,Ganggaon,,hamlet,,Pauri Garhwal,29.67577,78.85446
8081754302,Gangoli,,hamlet,,Pauri Garhwal,29.62085,79.02961
7888719839,Gankia Danda,,hamlet,,Pauri Garhwal,30.00920,78.39381
8000406242,Garabsaina,,hamlet,,Pauri Garhwal,29.73423,78.77385
8003129515,Garakot,,hamlet,,Pauri Garhwal,29.90559,78.37272
2377268958,Garasan,,hamlet,,Pauri Garhwal,29.75437,78.53392
2377107991,Garbareth,,hamlet,,Pauri Garhwal,29.97005,78.51773
342110484,Gardipur,,village,,Pauri Garhwal,29.68781,78.89420
2377341075,Garh,,hamlet,,Pauri Garhwal,29.90453,78.67624
8003870271,Garhikotal,,hamlet,,Pauri Garhwal,29.94614,78.41337
2377107996,Garhkat,,hamlet,,Pauri Garhwal,29.96735,78.53508
2377341078,Garhkhetu,,hamlet,,Pauri Garhwal,29.82073,78.70772
7996837994,Garhkhetu Nala,,hamlet,,Pauri Garhwal,29.64627,78.96919
7948009732,Garhkot,,hamlet,,Pauri Garhwal,29.92094,78.98400
342114405,Garudachatti,,hamlet,,Pauri Garhwal,30.12581,78.35342
2377341082,Garwāri,,hamlet,,Pauri Garhwal,29.94526,78.70059
2377268962,Gaujita,,hamlet,,Pauri Garhwal,29.79353,78.54668
2377268965,Gaula,,hamlet,,Pauri Garhwal,29.90528,78.50211
7998585322,Gaunchhena,,hamlet,,Pauri Garhwal,29.72669,78.86699
2377341085,Gaunchhīkhet,,hamlet,,Pauri Garhwal,29.92317,78.73972
7933547109,Gauni Chhira,,hamlet,,Pauri Garhwal,29.96530,79.01510
2377268968,Gauntiāli,,hamlet,,Pauri Garhwal,29.83538,78.60317
342111665,Gauzpani FRH,,village,,Pauri Garhwal,29.50970,78.88307
342111085,Gawana,,village,,Pauri Garhwal,29.86908,78.76648
7996855867,Gawana,,hamlet,,Pauri Garhwal,29.69042,78.93224
7964360916,Gawana Malla,,hamlet,,Pauri Garhwal,29.87965,78.84660
7964360917,Gawana Talla,,hamlet,,Pauri Garhwal,29.87315,78.83714
342112307,Gawani,,village,,Pauri Garhwal,29.96124,78.91566
7936485332,Gawapani,,hamlet,,Pauri Garhwal,29.87022,78.88926
8003807436,Gawari,,hamlet,,Pauri Garhwal,29.93135,78.45433
2377268972,Gawālgaon,,hamlet,,Pauri Garhwal,29.95242,78.61868
8081846120,Geola Bichla,,hamlet,,Pauri Garhwal,29.62492,79.05323
8081846121,Geola Malla,,hamlet,,Pauri Garhwal,29.62313,79.05621
8081846119,Geola Talla,,hamlet,,Pauri Garhwal,29.62852,79.05291
7996750483,Ghaibara,,hamlet,,Pauri Garhwal,29.69148,78.96601
8006231304,Ghamandpur,,village,,Pauri Garhwal,29.76039,78.46978
342110281,Ghandiyal,,village,,Pauri Garhwal,30.02152,78.69095
7936495990,Ghandiyal,,hamlet,,Pauri Garhwal,29.88276,78.89917
7933547122,Ghandiyalsen,,hamlet,,Pauri Garhwal,29.97367,79.05233
7934202316,Ghanshiyal,,hamlet,,Pauri Garhwal,29.82013,79.03646
2377107997,Ghansāli,,hamlet,,Pauri Garhwal,29.97806,78.54259
8000406234,Ghatasari,,hamlet,,Pauri Garhwal,29.73360,78.80240
1413096207,Ghattu ghat,,village,,Pauri Garhwal,30.08666,78.38042
342112096,Ghera,,village,,Pauri Garhwal,29.86084,78.83240
2377341089,Ghildiālgaon,,hamlet,,Pauri Garhwal,29.78389,78.66953
7889219701,Ghorkatal,,hamlet,,Pauri Garhwal,30.02584,78.34550
2377268975,Ghota Malla,,hamlet,,Pauri Garhwal,29.84890,78.58706
7863781559,Ghulek,,hamlet,,Pauri Garhwal,30.09674,79.11427
7934202330,Ghuriyana,,hamlet,,Pauri Garhwal,29.83192,79.05456
2377268978,Ghursinghi,,hamlet,,Pauri Garhwal,29.94476,78.61925
2377341093,Ghāghsi,,hamlet,,Pauri Garhwal,29.84901,78.73025
2377341096,Ghūra ki Dhār,,hamlet,,Pauri Garhwal,29.77845,78.72645
2377119935,Ginduriya,,hamlet,,Pauri Garhwal,29.98420,78.69588
2377268980,Ginthla,,hamlet,,Pauri Garhwal,29.80277,78.53456
2377341100,Ginthāli,,hamlet,,Pauri Garhwal,29.92787,78.69181
2377341103,Ginwāli,,hamlet,,Pauri Garhwal,29.85232,78.71662
7998625169,Githana,,hamlet,,Pauri Garhwal,29.70194,78.84748
8003807426,Giyakhaja,,hamlet,,Pauri Garhwal,29.94519,78.42470
7888622577,Godi,,hamlet,,Pauri Garhwal,30.00294,78.48251
2377341107,Godi Bari,,hamlet,,Pauri Garhwal,29.81906,78.61037
2377268981,Godi Chhoti,,hamlet,,Pauri Garhwal,29.80514,78.61472
6604442792,Godigad,,hamlet,,Pauri Garhwal,29.95740,79.02876
2377341110,Godiyālgaon,,hamlet,,Pauri Garhwal,29.87664,78.69943
2377341114,Godla,,hamlet,,Pauri Garhwal,29.81814,78.74129
7888719793,Godyara,,hamlet,,Pauri Garhwal,30.04265,78.39284
6611735935,Goganpani,,village,,Pauri Garhwal,29.71730,79.01518
342111910,Golikhal,,village,,Pauri Garhwal,29.67944,79.10703
2377341117,Golikhet,,hamlet,,Pauri Garhwal,29.79393,78.64737
7936574511,Gorinoa,,hamlet,,Pauri Garhwal,29.88235,78.85463
7996838001,Gorkhand,,hamlet,,Pauri Garhwal,29.65515,78.99025
2377119936,Gorli,,hamlet,,Pauri Garhwal,29.97310,78.68300
2377341121,Gorīgaon,,hamlet,,Pauri Garhwal,29.81879,78.67679
8002983088,Gouiyon,,hamlet,,Pauri Garhwal,29.99224,78.48773
2377341125,Goyūn,,hamlet,,Pauri Garhwal,29.82659,78.69169
7889169929,Gudanugaon,,hamlet,,Pauri Garhwal,30.10610,78.33117
6611704680,Gudinda,,village,,Pauri Garhwal,29.85894,79.02758
7933591503,Gudiyalkal,,hamlet,,Pauri Garhwal,29.91715,79.01768
7936674873,Gudiyalkhal,,hamlet,,Pauri Garhwal,29.93246,78.96870
7934202320,Guin Malla,,hamlet,,Pauri Garhwal,29.81618,79.07483
2376765029,Guin Talla,,hamlet,,Pauri Garhwal,29.82135,79.07185
7888719821,Gujrara,,hamlet,,Pauri Garhwal,30.04031,78.42777
8000419666,Gujri,,hamlet,,Pauri Garhwal,29.72322,78.86184
7858273637,Guliyari,,hamlet,,Pauri Garhwal,30.11304,79.04299
2377268982,Gulāsugād,,hamlet,,Pauri Garhwal,29.85791,78.50019
7888719846,Gumalgaon,,hamlet,,Pauri Garhwal,30.00285,78.43668
8003063434,Gumalgaon,,hamlet,,Pauri Garhwal,29.99878,78.44308
8003870274,Gundi Malli,,hamlet,,Pauri Garhwal,29.95486,78.40575
8003870273,Gundi Talli,,hamlet,,Pauri Garhwal,29.95228,78.40554
8000419657,Gunedi,,hamlet,,Pauri Garhwal,29.74126,78.85598
8000419661,Gunedi Malli,,hamlet,,Pauri Garhwal,29.73653,78.86156
2377341128,Gunetha,,hamlet,,Pauri Garhwal,29.78815,78.67311
8082585304,Guniya,,hamlet,,Pauri Garhwal,29.66035,79.02904
2377341132,Guniyāl,,hamlet,,Pauri Garhwal,29.81479,78.70807
2377341136,Gunkhila,,hamlet,,Pauri Garhwal,29.82325,78.71244
7964360921,Guretha,,hamlet,,Pauri Garhwal,29.87008,78.81424
7933864736,Gurphali,,village,,Pauri Garhwal,29.93826,79.08227
7933291103,Gwalkhil,,hamlet,,Pauri Garhwal,29.93119,79.13976
7933898230,Gwalkuri,,hamlet,,Pauri Garhwal,29.93515,79.08641
7931557742,Gwalthi,,hamlet,,Pauri Garhwal,29.96073,79.18040
7936674876,Gwari Malla,,hamlet,,Pauri Garhwal,29.99967,78.99612
7936674878,Gwari Talla,,hamlet,,Pauri Garhwal,29.98849,78.98816
7936639561,Gwarigaon,,hamlet,,Pauri Garhwal,29.86847,78.92879
7858334994,Gwarigarh,,hamlet,,Pauri Garhwal,30.17807,79.01156
7964470046,Gwilani,,hamlet,,Pauri Garhwal,29.85047,78.79553
7860080781,Gwinthgaon,,hamlet,,Pauri Garhwal,30.10648,79.01588
7889169910,Gyuntha,,hamlet,,Pauri Garhwal,30.07000,78.35816
2377341139,Gājāsera,,hamlet,,Pauri Garhwal,29.80286,78.65469
2377341143,Gīnthīpākha,,hamlet,,Pauri Garhwal,29.94563,78.65744
2377341147,Gūin,,hamlet,,Pauri Garhwal,29.93292,78.64551
2377268983,Gūm,,hamlet,,Pauri Garhwal,29.88286,78.51506
2377341151,Gūm,,hamlet,,Pauri Garhwal,29.89267,78.67036
342114217,Gūmkhāl,,hamlet,,Pauri Garhwal,29.88763,78.67348
2377341155,Hairākholi,,hamlet,,Pauri Garhwal,29.95215,78.72130
7889169923,Haldogi,,hamlet,,Pauri Garhwal,30.10805,78.35779
342111744,Haldukhal,,village,,Pauri Garhwal,29.65060,78.99570
7888719832,Haldukhal,,hamlet,,Pauri Garhwal,30.01895,78.43760
8003129513,Haldun,,hamlet,,Pauri Garhwal,29.88975,78.40951
8003870265,Halgao,,hamlet,,Pauri Garhwal,29.94376,78.39970
7964277855,Haluni,,hamlet,,Pauri Garhwal,29.89433,78.82941
8003097761,Hanali,,hamlet,,Pauri Garhwal,29.99713,78.39721
7860024483,Hansuri,,hamlet,,Pauri Garhwal,30.00826,79.02599
342114251,Hanumanti,,village,,Pauri Garhwal,29.83426,78.59774
7996855861,Harpal,,hamlet,,Pauri Garhwal,29.70632,78.95073
8003807423,Harsoli,,hamlet,,Pauri Garhwal,29.93448,78.42689
8003807445,Harsu,,hamlet,,Pauri Garhwal,29.90074,78.45635
8003870263,Hathitham,,hamlet,,Pauri Garhwal,29.95339,78.39870
2377268984,Hathnūr,,hamlet,,Pauri Garhwal,29.87572,78.58045
342110493,Heragward,,village,,Pauri Garhwal,29.65485,78.90244
2377268985,Hilogi,,hamlet,,Pauri Garhwal,29.90869,78.57446
7934202343,Hindalgair,,hamlet,,Pauri Garhwal,29.81955,79.11042
2377119937,Hitoli,,hamlet,,Pauri Garhwal,29.99387,78.74350
2377268986,Hiyūnlāg,,hamlet,,Pauri Garhwal,29.92842,78.51494
2377341160,Holi,,hamlet,,Pauri Garhwal,29.86215,78.67517
2377107998,Hyūnlāgi,,hamlet,,Pauri Garhwal,29.95840,78.52955
2377341165,Hāndul,,hamlet,,Pauri Garhwal,29.89952,78.72199
2377341170,Igārah,,hamlet,,Pauri Garhwal,29.83658,78.74643
2377341173,Ilmora,,hamlet,,Pauri Garhwal,29.80551,78.70875
8003035188,Imli Ka Thapta,,hamlet,,Pauri Garhwal,29.86763,78.48691
7998585310,Indargaon,,hamlet,,Pauri Garhwal,29.71957,78.88894
7860111685,Ira,,hamlet,,Pauri Garhwal,30.09245,79.03427
7933864730,Ira,,hamlet,,Pauri Garhwal,29.93417,79.03861
8006181005,Ira,,hamlet,,Pauri Garhwal,29.81920,78.47620
7889169912,Iriya,,hamlet,,Pauri Garhwal,30.06757,78.35252
2377341174,Jadla,,hamlet,,Pauri Garhwal,29.82522,78.68306
342107959,Jagatpuri,,village,,Pauri Garhwal,29.97208,79.15512
8006205838,Jaidevpur,,village,,Pauri Garhwal,29.78878,78.40485
2377341175,Jaiharīgaon,,hamlet,,Pauri Garhwal,29.85936,78.68688
342112683,Jaiharīkhāl,जयहरिखाल,town,,Pauri Garhwal,29.86118,78.68153
8006153851,Jainankhet,,hamlet,,Pauri Garhwal,29.85855,78.48957
2435756776,Jainti,,hamlet,,Pauri Garhwal,29.99213,79.17107
7888665199,Jair Bhara,,hamlet,,Pauri Garhwal,30.04904,78.48326
7888665198,Jair Chhota,,hamlet,,Pauri Garhwal,30.05619,78.49365
7936574508,Jajari,,hamlet,,Pauri Garhwal,29.84621,78.88623
7934202332,Jakhni,,hamlet,,Pauri Garhwal,29.83123,79.06983
7863744594,Jakhola,,hamlet,,Pauri Garhwal,30.00530,79.05936
342114559,Jakhrikhal,,village,,Pauri Garhwal,30.01740,78.52616
2377341176,Jaletha,,hamlet,,Pauri Garhwal,29.82840,78.71343
2377107999,Jali,,hamlet,,Pauri Garhwal,29.98503,78.54893
7863757771,Jallu,,hamlet,,Pauri Garhwal,30.04729,79.04575
7931557737,Jalotiya,,hamlet,,Pauri Garhwal,29.94672,79.19608
2377268987,Jaltha,,hamlet,,Pauri Garhwal,29.91300,78.52744
8003097764,Jamal,,hamlet,,Pauri Garhwal,29.99098,78.40399
7934143789,Jamandhar,,hamlet,,Pauri Garhwal,29.75635,79.05354
2377268988,Jamargadi,,hamlet,,Pauri Garhwal,29.77083,78.57892
7933864741,Jamargair,,hamlet,,Pauri Garhwal,29.95542,79.04215
2363728374,Jamariya,,hamlet,,Pauri Garhwal,29.79673,79.10105
2377341179,Jameli,,hamlet,,Pauri Garhwal,29.89071,78.64272
8003097773,Jamkeshwar,,hamlet,,Pauri Garhwal,29.97611,78.40702
8003063426,Jamligaon,,hamlet,,Pauri Garhwal,29.99410,78.43078
7888719792,Jamnie,,hamlet,,Pauri Garhwal,30.01636,78.44401
7934202310,Jamri,,hamlet,,Pauri Garhwal,29.82579,79.01809
8000406228,Jamri,,hamlet,,Pauri Garhwal,29.73450,78.80991
8081791430,Jamriya Malla,,hamlet,,Pauri Garhwal,29.73305,79.09705
8081791431,Jamriya Talla,,hamlet,,Pauri Garhwal,29.73416,79.10197
7933547123,Jamroli,,hamlet,,Pauri Garhwal,29.97621,79.04677
2377341188,Jamtola,,hamlet,,Pauri Garhwal,29.90922,78.68740
342112476,Jamunagwar,,village,,Pauri Garhwal,29.48756,78.95494
7931602418,Jandariya,,hamlet,,Pauri Garhwal,29.97196,79.13999
8006205834,Jandichaur Purbi,,village,,Pauri Garhwal,29.76898,78.40917
8006205833,Jandichaur Umraopur,,village,,Pauri Garhwal,29.77324,78.41378
342112183,Jantadevi,,village,,Pauri Garhwal,29.96246,78.85575
7998585318,Japakhet,,hamlet,,Pauri Garhwal,29.74635,78.87606
8082585299,Jarao,,hamlet,,Pauri Garhwal,29.66251,79.07206
2377341192,Jaryāna,,hamlet,,Pauri Garhwal,29.82506,78.70104
7888665185,Jaskot,,hamlet,,Pauri Garhwal,30.01869,78.45985
7998585308,Jaskot,,hamlet,,Pauri Garhwal,29.71197,78.89239
8003129514,Jaspalgarh,,hamlet,,Pauri Garhwal,29.88203,78.41380
6604439941,Jaspur,,village,,Pauri Garhwal,29.96524,79.05791
6604439940,Jaspur Khal,,village,,Pauri Garhwal,29.96541,79.05371
8000406233,Jauliyamag,,hamlet,,Pauri Garhwal,29.73735,78.79633
8003807453,Jaurasi Malli,,village,,Pauri Garhwal,29.88058,78.42633
5894155950,Jaurasi Talli,,hamlet,,Pauri Garhwal,29.88587,78.42924
7998625155,Jawala Ki Chaur,,hamlet,,Pauri Garhwal,29.67278,78.86909
7933898232,Jawarigad,,hamlet,,Pauri Garhwal,29.94672,79.08701
2377268989,Jawār,,hamlet,,Pauri Garhwal,29.89123,78.58651
8003035200,Jaygaon,,hamlet,,Pauri Garhwal,29.90502,78.49390
7998585304,Jethano,,hamlet,,Pauri Garhwal,29.71739,78.89199
8000419659,Jethongaon,,hamlet,,Pauri Garhwal,29.74204,78.87443
7934202344,Jhalan,,hamlet,,Pauri Garhwal,29.81980,79.09993
7936700028,Jhalpari,,hamlet,,Pauri Garhwal,29.95542,78.95183
2377341197,Jhampa,,hamlet,,Pauri Garhwal,29.80375,78.69432
8006205836,Jhandichaur,,village,,Pauri Garhwal,29.77950,78.40708
7998625158,Jhart,,village,,Pauri Garhwal,29.67099,78.85843
2377119938,Jhatkandi,,hamlet,,Pauri Garhwal,29.99559,78.72350
2377268990,Jhatri,,hamlet,,Pauri Garhwal,29.86279,78.59283
2377268992,Jhawānu,,hamlet,,Pauri Garhwal,29.77926,78.59621
2377268991,Jhawānu Sāri,,hamlet,,Pauri Garhwal,29.77352,78.59433
342111730,JhirnaFRH,,village,,Pauri Garhwal,29.44698,78.89478
7998625166,Jhundai,,hamlet,,Pauri Garhwal,29.70720,78.86194
7998625168,Jhundai Ka Sar,,hamlet,,Pauri Garhwal,29.70474,78.85016
6400730599,Jhurangu,,hamlet,,Pauri Garhwal,29.61734,79.00764
7996823199,Jingal,,hamlet,,Pauri Garhwal,29.70039,78.99588
7888719786,Jinguikhal,,hamlet,,Pauri Garhwal,30.04781,78.45785
8081791433,Jirdhari Bakhal,,hamlet,,Pauri Garhwal,29.74773,79.10155
6604442789,Jiwai,,village,,Pauri Garhwal,29.94509,79.02347
8003063422,Jiya Damrara,,village,,Pauri Garhwal,29.97141,78.43566
8003807425,Jiyakatal,,hamlet,,Pauri Garhwal,29.94161,78.42300
2377268993,Jiyālgaon,,hamlet,,Pauri Garhwal,29.92832,78.56227
2377341200,Jogarsain,,hamlet,,Pauri Garhwal,29.83694,78.62768
7996750476,Jogidhar,,hamlet,,Pauri Garhwal,29.70205,78.98668
8003807454,Jogidhar,,hamlet,,Pauri Garhwal,29.86981,78.45428
342107924,Jogimandi,,village,,Pauri Garhwal,29.89517,79.07273
8081767303,Jogira,,hamlet,,Pauri Garhwal,29.69477,79.02420
8081767302,Jogira Palla,,hamlet,,Pauri Garhwal,29.69157,79.02401
7964311523,Jogiyana,,hamlet,,Pauri Garhwal,29.85295,78.81952
8003097759,Jogiyana,,village,,Pauri Garhwal,29.99614,78.37874
8003830846,Jogiyana,,village,,Pauri Garhwal,29.95090,78.35509
8078446507,Jogiyana,,hamlet,,Pauri Garhwal,29.65306,79.00618
2377341205,Jogiyāna,,hamlet,,Pauri Garhwal,29.79335,78.73621
2377341208,Jogta,,hamlet,,Pauri Garhwal,29.79988,78.65334
7888719803,Jogyana,,hamlet,,Pauri Garhwal,30.07506,78.40056
2377341212,Jogyāna,,hamlet,,Pauri Garhwal,29.79466,78.65150
2377341216,Joli,,hamlet,,Pauri Garhwal,29.88593,78.61717
2377062457,Joshiana,,hamlet,,Pauri Garhwal,30.07759,78.78216
2377268994,Jua,,hamlet,,Pauri Garhwal,29.81775,78.59137
2377268995,Jud,,hamlet,,Pauri Garhwal,29.91885,78.56438
7889169907,Judda,,hamlet,,Pauri Garhwal,30.07925,78.35887
2377341220,Jui,,hamlet,,Pauri Garhwal,29.83827,78.72554
7933864734,Jui,,hamlet,,Pauri Garhwal,29.92550,79.06742
7996824518,Jui,,hamlet,,Pauri Garhwal,29.66458,78.90892
7888719788,Jukala,,hamlet,,Pauri Garhwal,30.03192,78.43898
8000419668,Jukniya Palla,,hamlet,,Pauri Garhwal,29.72253,78.84956
8000419667,Jukniya Walla,,hamlet,,Pauri Garhwal,29.71970,78.85267
7998556632,Julamgarh,,hamlet,,Pauri Garhwal,29.68533,78.91311
7889169919,Juledi,,hamlet,,Pauri Garhwal,30.05110,78.35308
2377341223,Juyālgaon,,hamlet,,Pauri Garhwal,29.87383,78.69162
8082585278,Jyundalyun,,hamlet,,Pauri Garhwal,29.68311,79.09989
2377341227,Jākh Malla,,hamlet,,Pauri Garhwal,29.78442,78.74353
2377341230,Jākh Talla,,hamlet,,Pauri Garhwal,29.78154,78.73943
2377268996,Jāmal,,hamlet,,Pauri Garhwal,29.89940,78.54220
2377341234,Jībalkhāl,,hamlet,,Pauri Garhwal,29.81528,78.70118
2377119939,Jītugaon,,hamlet,,Pauri Garhwal,29.96569,78.60404
7858334987,Kailakhur,,hamlet,,Pauri Garhwal,30.16197,79.03401
2377268997,Kainthogi,,hamlet,,Pauri Garhwal,29.80927,78.56458
7863744596,Kainyur,,village,,Pauri Garhwal,30.01868,79.05966
342112064,Kainūr,,hamlet,,Pauri Garhwal,30.01602,79.05899
7933547137,Kaitoli,,village,,Pauri Garhwal,29.94876,79.09974
2377119940,Kakarwāni,,hamlet,,Pauri Garhwal,29.95919,78.69304
8081759608,Kakon Malla,,hamlet,,Pauri Garhwal,29.71461,79.10450
8081759609,Kakon Talla,,hamlet,,Pauri Garhwal,29.71432,79.10752
6611701919,Kakroda,,village,,Pauri Garhwal,29.87506,79.02740
11416633751,Kalagarh FRH,,village,,Pauri Garhwal,29.49679,78.75877
8006223030,Kalamgang,,village,,Pauri Garhwal,29.78260,78.44438
7933282723,Kalan,,hamlet,,Pauri Garhwal,29.91762,79.15748
2377268998,Kalauri,,hamlet,,Pauri Garhwal,29.92250,78.62722
2377341238,Kaldhunga,,hamlet,,Pauri Garhwal,29.82855,78.66881
2377341242,Kaleta,,hamlet,,Pauri Garhwal,29.76466,78.70996
2377119941,Kaleth,,hamlet,,Pauri Garhwal,29.97957,78.69274
8006188034,Kalhpani,,hamlet,,Pauri Garhwal,29.86064,78.44738
7996824531,Kalilangu,,hamlet,,Pauri Garhwal,29.65190,78.95632
342110300,Kaljikhal,,village,,Pauri Garhwal,30.05035,78.73215
342112662,Kalkati,,village,,Pauri Garhwal,30.11215,78.90656
7934143792,Kalkhobiya,,hamlet,,Pauri Garhwal,29.76006,79.06822
2377268999,Kalsi,,hamlet,,Pauri Garhwal,29.96059,78.57765
342110888,Kalusayed,,village,,Pauri Garhwal,29.56284,78.66486
7837769517,Kalyasaur,,village,,Pauri Garhwal,30.25795,78.88007
7934202309,Kamadai,,hamlet,,Pauri Garhwal,29.82244,79.00286
7934082322,Kamaliya Bara,,hamlet,,Pauri Garhwal,29.90863,79.09678
7934082321,Kamaliya Chhota,,hamlet,,Pauri Garhwal,29.90476,79.09487
8081754304,Kamand Palla,,hamlet,,Pauri Garhwal,29.62844,79.02453
8081754303,Kamand Walla,,hamlet,,Pauri Garhwal,29.63264,79.02286
2377341246,Kamanda Naugaon,,hamlet,,Pauri Garhwal,29.92764,78.71145
8081754300,Kamera,,hamlet,,Pauri Garhwal,29.62979,79.03410
8003870269,Kanchunda,,hamlet,,Pauri Garhwal,29.92217,78.39854
7858334993,Kanda,,hamlet,,Pauri Garhwal,30.17018,79.00320
8003097765,Kanda,,hamlet,,Pauri Garhwal,29.98151,78.39837
7996824534,Kanda Ki Sai,,village,,Pauri Garhwal,29.64073,78.92874
7858358315,Kandai,,hamlet,,Pauri Garhwal,30.12256,79.00642
7931602416,Kandai,,village,,Pauri Garhwal,29.97148,79.14943
8006181007,Kandal,,hamlet,,Pauri Garhwal,29.82547,78.49437
8003807421,Kandara,,hamlet,,Pauri Garhwal,29.92550,78.42474
7964217962,Kandaya,,hamlet,,Pauri Garhwal,29.87701,78.80508
8003870270,Kandei,,hamlet,,Pauri Garhwal,29.92079,78.41442
8078446512,Kandi Malli,,hamlet,,Pauri Garhwal,29.67674,79.00792
8002987483,Kandiyalgaon,,hamlet,,Pauri Garhwal,29.87373,78.46622
7934202334,Kandli,,hamlet,,Pauri Garhwal,29.83318,79.08060
2377341250,Kandoli,,hamlet,,Pauri Garhwal,29.82316,78.73113
2377341254,Kandrora,,hamlet,,Pauri Garhwal,29.94012,78.68703
7888719801,Kandwalgaon,,hamlet,,Pauri Garhwal,30.04042,78.37280
2377269000,Kandwān,,hamlet,,Pauri Garhwal,29.90444,78.54222
2377269001,Kandākhani,,hamlet,,Pauri Garhwal,29.93573,78.56532
2377119942,Kandāra,,hamlet,,Pauri Garhwal,29.97112,78.73468
342111543,Kanera,,village,,Pauri Garhwal,29.92401,79.05625
2376533828,Kanera,,hamlet,,Pauri Garhwal,29.92652,79.05618
8000406240,Kanlai,,hamlet,,Pauri Garhwal,29.71935,78.80508
342110292,Kanskhet,,village,,Pauri Garhwal,30.04349,78.71155
8003870262,Kanur,,hamlet,,Pauri Garhwal,29.95282,78.37949
342112045,Kaparaoli,,village,,Pauri Garhwal,30.04074,79.03977
7860024478,Kaphald,,village,,Pauri Garhwal,30.02338,79.02056
2377269002,Kaphaldi,,hamlet,,Pauri Garhwal,29.84972,78.53063
2377341258,Kaphaldi,,hamlet,,Pauri Garhwal,29.86104,78.73559
2377341262,Kaphaldi,,hamlet,,Pauri Garhwal,29.91261,78.65633
7933898216,Kaphalgair,,hamlet,,Pauri Garhwal,29.91432,79.05957
7933282719,Kaphalgaon,,hamlet,,Pauri Garhwal,29.92319,79.12849
7936697151,Kaphalkhand,,hamlet,,Pauri Garhwal,29.97205,78.93803
7933686998,Kaphalsar,,hamlet,,Pauri Garhwal,29.88795,79.01783
8079477792,Kaphaltanda,,hamlet,,Pauri Garhwal,29.68120,79.04269
7931602425,Kaphlekh,,hamlet,,Pauri Garhwal,29.98771,79.14456
7888719850,Kaprana,,hamlet,,Pauri Garhwal,29.99959,78.46297
7860024473,Kaproli,,hamlet,,Pauri Garhwal,30.04066,79.03799
7888719813,Kapurkata,,hamlet,,Pauri Garhwal,30.06108,78.40388
2377108000,Karti,,hamlet,,Pauri Garhwal,29.98775,78.56424
7996824521,Kartiyan,,village,,Pauri Garhwal,29.66184,78.88656
8079508228,Kasana Palla,,hamlet,,Pauri Garhwal,29.75403,79.01861
7934139983,Kasana Walla,,hamlet,,Pauri Garhwal,29.75328,79.02225
7933687000,Kasani,,hamlet,,Pauri Garhwal,29.88839,79.00202
8003830853,Kasani,,hamlet,,Pauri Garhwal,29.95981,78.33460
7934293960,Kasartakhet,,hamlet,,Pauri Garhwal,29.85896,78.99983
342114541,Kasiali,,village,,Pauri Garhwal,29.92401,78.47260
2377341266,Kathela,,hamlet,,Pauri Garhwal,29.84905,78.65252
8081759611,Kathetgaon,,hamlet,,Pauri Garhwal,29.71794,79.11901
7933547121,Kathrau,,village,,Pauri Garhwal,29.96549,79.04296
2377108001,Kathur,,hamlet,,Pauri Garhwal,30.00029,78.51138
2377269003,Kathūr,,hamlet,,Pauri Garhwal,29.87894,78.53036
2377269004,Kathūr,,hamlet,,Pauri Garhwal,29.90282,78.52635
2377341270,Katula,,hamlet,,Pauri Garhwal,29.78987,78.73141
8081754308,Kauddhar,,hamlet,,Pauri Garhwal,29.62805,79.01659
8079477799,Kaula Malla,,hamlet,,Pauri Garhwal,29.69392,79.04210
8079477800,Kaula Talla,,village,,Pauri Garhwal,29.69805,79.04318
8079477804,Kavli,,hamlet,,Pauri Garhwal,29.71023,79.06092
8078446510,Keldhar,,hamlet,,Pauri Garhwal,29.66308,79.00729
8006188036,Keshta,,hamlet,,Pauri Garhwal,29.85676,78.43032
7889219714,Keshubari,,hamlet,,Pauri Garhwal,30.02907,78.33291
2377341274,Keshādhūra,,hamlet,,Pauri Garhwal,29.83926,78.61416
2377341277,Ketūkhāl,,hamlet,,Pauri Garhwal,29.91083,78.66287
7934293961,Khadila,,hamlet,,Pauri Garhwal,29.85605,79.00419
7996824535,Khadrasi,,village,,Pauri Garhwal,29.63978,78.94844
2377269005,Khagoli,,hamlet,,Pauri Garhwal,29.80391,78.57872
8003830857,Khaijana Tok,,village,,Pauri Garhwal,29.97533,78.35318
342111072,Khaira,,village,,Pauri Garhwal,29.89182,78.73265
7888665202,Khaira,,hamlet,,Pauri Garhwal,30.04161,78.47530
7934139974,Khairar,,hamlet,,Pauri Garhwal,29.78729,79.10178
10809898962,Khairgal,,hamlet,,Pauri Garhwal,30.10569,78.34162
2377341281,Khairāsain,,hamlet,,Pauri Garhwal,29.89367,78.74214
2377269006,Khajri,,hamlet,,Pauri Garhwal,29.91517,78.61743
7998585305,Khal Malla,,hamlet,,Pauri Garhwal,29.71778,78.89950
7998585306,Khal Talla,,hamlet,,Pauri Garhwal,29.71920,78.89405
7933687007,Khaldhar,,hamlet,,Pauri Garhwal,29.90188,79.01447
8003129512,Khalekha,,hamlet,,Pauri Garhwal,29.86519,78.41805
7996855864,Khalion,,hamlet,,Pauri Garhwal,29.69793,78.93529
2377269007,Khalpāri,,hamlet,,Pauri Garhwal,29.86832,78.53250
7985346017,Khalyu Tok,,hamlet,,Pauri Garhwal,29.74536,78.78428
2377269008,Khamana,,hamlet,,Pauri Garhwal,29.94713,78.52769
7850440338,Khand Malla,,hamlet,,Pauri Garhwal,30.17205,79.10102
7850440342,Khand Talla,,hamlet,,Pauri Garhwal,30.16909,79.08556
342110127,Khanda,,village,,Pauri Garhwal,30.19730,78.77610
342110211,Khandiyal,,village,,Pauri Garhwal,30.10254,78.82553
8002994222,Khandiyalgaon,,hamlet,,Pauri Garhwal,29.91670,78.49811
7936697153,Khandori,,hamlet,,Pauri Garhwal,29.97870,78.92887
342110078,Khandusain,,village,,Pauri Garhwal,30.15747,78.73078
2377108002,Khandūri,,hamlet,,Pauri Garhwal,29.98358,78.53402
8000419655,Khansuli Danda,,hamlet,,Pauri Garhwal,29.74022,78.85903
7933547124,Kharal,,hamlet,,Pauri Garhwal,29.98338,79.04200
7887543641,Kharangaon,,hamlet,,Pauri Garhwal,30.09153,78.37990
7888719834,Kharduna,,hamlet,,Pauri Garhwal,30.01188,78.41769
342111921,Kharedikhal,,village,,Pauri Garhwal,29.68264,79.08175
8082585275,Khareri Malli,,hamlet,,Pauri Garhwal,29.67689,79.08139
7996823196,Kharet,,hamlet,,Pauri Garhwal,29.68451,78.99391
2377341285,Khareti,,hamlet,,Pauri Garhwal,29.89152,78.65769
8000419663,Kharka,,hamlet,,Pauri Garhwal,29.72995,78.83463
7964472209,Kharkholi,,hamlet,,Pauri Garhwal,29.86164,78.76014
7934143799,Kharkoli,,hamlet,,Pauri Garhwal,29.75307,79.09648
7887543643,Kharodi,,hamlet,,Pauri Garhwal,30.09912,78.37996
7889169915,Kharosha,,hamlet,,Pauri Garhwal,30.06376,78.34048
2377269009,Kharāsu,,hamlet,,Pauri Garhwal,29.86825,78.55935
7998560662,Khata,,hamlet,,Pauri Garhwal,29.72343,78.94019
8000419671,Khatakhal,,hamlet,,Pauri Garhwal,29.71274,78.84496
8062232889,Khatta .,,hamlet,,Pauri Garhwal,29.77401,78.94787
7996802952,Khaul,,hamlet,,Pauri Garhwal,29.73118,78.95988
342111773,Khawasi,,village,,Pauri Garhwal,29.82239,79.06449
2377108003,Kheni Kātal,,hamlet,,Pauri Garhwal,29.98222,78.61819
2377269010,Khera,,hamlet,,Pauri Garhwal,29.93736,78.54878
7888719795,Khera Malla,,hamlet,,Pauri Garhwal,30.01988,78.38323
7888719794,Khera Talla,,hamlet,,Pauri Garhwal,30.01558,78.38168
2377269011,Khetariya,,hamlet,,Pauri Garhwal,29.93526,78.59265
7964439206,Khetarpal,,hamlet,,Pauri Garhwal,29.98745,78.88761
7996837986,Khetiyon,,hamlet,,Pauri Garhwal,29.62542,78.97528
7933687002,Khetu,,hamlet,,Pauri Garhwal,29.89451,79.00464
7933816578,Khetu,,hamlet,,Pauri Garhwal,29.87600,79.01732
7934334070,Khetu,,hamlet,,Pauri Garhwal,29.84653,79.06017
7985346016,Khetu,,hamlet,,Pauri Garhwal,29.74111,78.77545
11409146842,Khinnanavli FRH,,village,,Pauri Garhwal,29.57038,78.90370
8082585272,Khireri Malli,,hamlet,,Pauri Garhwal,29.68081,79.08647
342110714,Khirsu,,village,,Pauri Garhwal,30.17141,78.86837
7934202325,Khitota,,hamlet,,Pauri Garhwal,29.80585,79.05532
2377269012,Khoba,,hamlet,,Pauri Garhwal,29.91342,78.59930
8002994230,Khohra,,village,,Pauri Garhwal,29.93828,78.47502
342110117,Khola,,village,,Pauri Garhwal,30.21378,78.78845
342114372,Kholachori,,village,,Pauri Garhwal,30.15747,78.67859
2377341288,Kholi,,hamlet,,Pauri Garhwal,29.80878,78.68941
8003035195,Kholkand,,hamlet,,Pauri Garhwal,29.88274,78.48865
7931305548,Khor,,hamlet,,Pauri Garhwal,29.97336,79.20192
2377269013,Khudila,,hamlet,,Pauri Garhwal,29.91045,78.60611
2377119943,Khugsa,,hamlet,,Pauri Garhwal,29.97601,78.73083
2377269014,Khundkholi,,hamlet,,Pauri Garhwal,29.90796,78.59987
2377341292,Khundoli,,hamlet,,Pauri Garhwal,29.87087,78.66293
8003807455,Khundra,,hamlet,,Pauri Garhwal,29.86415,78.45009
8078395487,Khutera Bichla,,hamlet,,Pauri Garhwal,29.74342,79.00217
7996802961,Khutera Malla,,hamlet,,Pauri Garhwal,29.73960,78.99294
7996802960,Khutera Talla,,hamlet,,Pauri Garhwal,29.73681,78.98859
8078395486,Khutera Talla,,hamlet,,Pauri Garhwal,29.74225,79.01221
2377269015,Khāla,,hamlet,,Pauri Garhwal,29.79971,78.52387
8000419656,Kimar,,hamlet,,Pauri Garhwal,29.74249,78.84952
8081754306,Kimkhet,,hamlet,,Pauri Garhwal,29.64469,79.00764
7933282722,Kimoj,,hamlet,,Pauri Garhwal,29.92137,79.15040
7933816583,Kimoli,,hamlet,,Pauri Garhwal,29.88852,79.02607
8003086370,Kimsari,,hamlet,,Pauri Garhwal,29.94960,78.37046
7998585299,Kimsera Tok,,hamlet,,Pauri Garhwal,29.75012,78.89445
7931557749,Kimwari,,hamlet,,Pauri Garhwal,29.97977,79.16585
2377341296,Kimār,,hamlet,,Pauri Garhwal,29.87872,78.72047
2364512865,Kinat,,hamlet,,Pauri Garhwal,29.75233,79.07277
8082585300,Kinath,,hamlet,,Pauri Garhwal,29.67055,79.06923
8079477815,Kinathi,,hamlet,,Pauri Garhwal,29.72108,79.05079
7888665205,Kind,,hamlet,,Pauri Garhwal,30.05734,78.45324
342111878,Kinghorikhal,,village,,Pauri Garhwal,29.74960,79.09333
2377119944,Kingori,,hamlet,,Pauri Garhwal,29.97901,78.73390
7931602411,Kirmoli,,hamlet,,Pauri Garhwal,29.94625,79.13420
7863781562,Kirsali,,hamlet,,Pauri Garhwal,30.09820,79.07029
342114210,Kirthikhal,,village,,Pauri Garhwal,29.91440,78.65937
8006205841,Kishandevpur,,village,,Pauri Garhwal,29.79233,78.40717
8006223034,Kishanpur,,village,,Pauri Garhwal,29.77529,78.42882
2377269016,Kiyār,,hamlet,,Pauri Garhwal,29.95632,78.59291
7888719802,Kkretidhar,,hamlet,,Pauri Garhwal,30.04411,78.37756
7934143786,Kochiyar,,hamlet,,Pauri Garhwal,29.76151,79.03511
7863757766,Kokali,,hamlet,,Pauri Garhwal,30.08139,79.07345
7933591504,Kola,,hamlet,,Pauri Garhwal,29.91544,79.02502
7933816576,Koligaon,,hamlet,,Pauri Garhwal,29.87237,79.00766
7964278184,Koligaon,,hamlet,,Pauri Garhwal,29.89702,78.84079
6604442794,Kolinda,,village,,Pauri Garhwal,29.96759,79.03111
7934202315,Kolri,,village,,Pauri Garhwal,29.81866,79.02865
8003807433,Kolsi,,village,,Pauri Garhwal,29.94151,78.45753
2377341299,Kolārdānda,,hamlet,,Pauri Garhwal,29.92529,78.68553
2377341303,Kolārgaon,,hamlet,,Pauri Garhwal,29.91980,78.69278
7863854195,Koram,,hamlet,,Pauri Garhwal,30.06780,79.08686
2377108004,Kota,,hamlet,,Pauri Garhwal,29.95536,78.54319
2377341306,Kota,,hamlet,,Pauri Garhwal,29.82595,78.67136
2377341310,Kota,,hamlet,,Pauri Garhwal,29.84873,78.70864
7886624344,Kota,,hamlet,,Pauri Garhwal,30.12232,78.41024
7933547115,Kota,,hamlet,,Pauri Garhwal,29.99100,79.03569
7934143797,Kota,,hamlet,,Pauri Garhwal,29.75691,79.10667
8003086375,Kota,,hamlet,,Pauri Garhwal,29.97410,78.36797
8081759610,Kota Ki Pinjoli,,hamlet,,Pauri Garhwal,29.71636,79.10967
8003097766,Kota Talla,,hamlet,,Pauri Garhwal,29.98118,78.39176
2377341313,Kotal,,hamlet,,Pauri Garhwal,29.91444,78.68410
2377341316,Kotalmanda,,hamlet,,Pauri Garhwal,29.90328,78.67228
342114073,Kotdwar,कोटद्वार,city,,Pauri Garhwal,29.74598,78.52014
7934334064,Kotha,,hamlet,,Pauri Garhwal,29.84997,79.07820
342111785,Kothila,,village,,Pauri Garhwal,29.82239,79.04526
8081791425,Kothiyalgaon,,hamlet,,Pauri Garhwal,29.72831,79.07090
342110695,Kothsi,,village,,Pauri Garhwal,30.17944,78.85712
7858273640,Kothyur,,hamlet,,Pauri Garhwal,30.11019,79.06591
7858321382,Kotigaon,,hamlet,,Pauri Garhwal,30.12954,79.00132
2377341320,Kotla,,hamlet,,Pauri Garhwal,29.86609,78.70433
342111985,Kotli,,hamlet,,Pauri Garhwal,30.07507,78.95737
7933816571,Kotli,,hamlet,,Pauri Garhwal,29.86817,79.02294
7998585307,Kotri,,hamlet,,Pauri Garhwal,29.71392,78.88424
342110474,Kotrisain,,village,,Pauri Garhwal,29.71665,78.88596
7863781560,Kucholi,,hamlet,,Pauri Garhwal,30.10463,79.09972
2377341325,Kugadda,,hamlet,,Pauri Garhwal,29.76024,78.71260
8025154139,Kui,,village,,Pauri Garhwal,30.10575,78.92442
7998625160,Kuinaldi,,village,,Pauri Garhwal,29.67735,78.84774
7996855868,Kuirali,,hamlet,,Pauri Garhwal,29.68007,78.92479
7998625172,Kuirali,,hamlet,,Pauri Garhwal,29.70091,78.82753
8003097762,Kujeth,,hamlet,,Pauri Garhwal,29.99517,78.39673
7934082319,Kukarnaula,,hamlet,,Pauri Garhwal,29.90685,79.12403
8003807437,Kukarpani Sot,,hamlet,,Pauri Garhwal,29.92849,78.44316
2377269017,Kukāni,,hamlet,,Pauri Garhwal,29.92620,78.61856
7888665201,Kula,,hamlet,,Pauri Garhwal,30.04163,78.49077
7964217963,Kulaau,,hamlet,,Pauri Garhwal,29.88315,78.81279
7998585314,Kulai Khatta,,hamlet,,Pauri Garhwal,29.73464,78.89881
8081759592,Kulaikhand,,hamlet,,Pauri Garhwal,29.69435,79.08523
7933547108,Kuliyani,,village,,Pauri Garhwal,29.98637,79.00880
2377341329,Kulāni,,hamlet,,Pauri Garhwal,29.80324,78.70347
7888719814,Kumartha,,hamlet,,Pauri Garhwal,30.05643,78.40233
8006205846,Kumbhikhal,,hamlet,,Pauri Garhwal,29.78747,78.37192
7889219697,Kumrana,,hamlet,,Pauri Garhwal,30.03893,78.35825
2377119945,Kund,,hamlet,,Pauri Garhwal,29.97615,78.69868
7933591508,Kund,,hamlet,,Pauri Garhwal,29.92955,79.03232
7934139979,Kundaliya,,hamlet,,Pauri Garhwal,29.77673,79.00852
2377341332,Kundiyon,,hamlet,,Pauri Garhwal,29.80583,78.69750
7846801045,Kuneth,,hamlet,,Pauri Garhwal,30.03880,79.09937
7863854192,Kuneth,,hamlet,,Pauri Garhwal,30.03876,79.09917
8000406227,Kungalgadi,,hamlet,,Pauri Garhwal,29.73751,78.82472
7933687013,Kunjholi,,hamlet,,Pauri Garhwal,29.91502,79.01112
2377341337,Kunjoli,,hamlet,,Pauri Garhwal,29.84859,78.71423
8003035203,Kunkunta,,village,,Pauri Garhwal,29.91501,78.47483
2377269018,Kunti,,hamlet,,Pauri Garhwal,29.91949,78.58768
2377269019,Kuntni,,hamlet,,Pauri Garhwal,29.93147,78.52466
2377341340,Kunākholi,,hamlet,,Pauri Garhwal,29.78787,78.66804
7933864726,Kurkandar,,hamlet,,Pauri Garhwal,29.92040,79.05721
7964277856,Kurkhiya,,hamlet,,Pauri Garhwal,29.89433,78.81866
2377341344,Kurīgaon,,hamlet,,Pauri Garhwal,29.94451,78.72411
7863781558,Kuth,,hamlet,,Pauri Garhwal,30.09383,79.09813
7889169913,Kuthar,,hamlet,,Pauri Garhwal,30.06843,78.34821
2377108005,Kuthār,,hamlet,,Pauri Garhwal,29.96442,78.56466
7858321377,Kutkandal,,hamlet,,Pauri Garhwal,30.12510,79.02101
2377119946,Kutli,,hamlet,,Pauri Garhwal,29.97028,78.65653
7858334998,Kuwakharak,,hamlet,,Pauri Garhwal,30.17921,79.02972
8006163655,Kyark,,hamlet,,Pauri Garhwal,29.83692,78.47813
8081838508,Kyarki Bichli,,hamlet,,Pauri Garhwal,29.63055,79.07614
8081838506,Kyarki Malli,,hamlet,,Pauri Garhwal,29.63383,79.06897
8081838507,Kyarki Talli,,hamlet,,Pauri Garhwal,29.63258,79.07881
2377269020,Kyārd,,hamlet,,Pauri Garhwal,29.95545,78.63051
2377341349,Kāna Katul,,hamlet,,Pauri Garhwal,29.79045,78.71429
2377269021,Kānda,,hamlet,,Pauri Garhwal,29.85190,78.59553
2377269022,Kānda,,hamlet,,Pauri Garhwal,29.87740,78.57580
2377341352,Kānda,,hamlet,,Pauri Garhwal,29.87336,78.72419
2377341356,Kānda,,hamlet,,Pauri Garhwal,29.94398,78.74113
342110579,Kānda FRH,,hamlet,,Pauri Garhwal,29.63425,78.91317
342114528,Kāndi,,hamlet,,Pauri Garhwal,29.94397,78.45427
342110950,Kāndākhāl,,hamlet,,Pauri Garhwal,29.88075,78.57186
2377341361,Kāndākhāl,,hamlet,,Pauri Garhwal,29.87521,78.72770
2377269023,Kātal,,hamlet,,Pauri Garhwal,29.81743,78.52536
2377269024,Kīch,,hamlet,,Pauri Garhwal,29.92985,78.61885
2377341364,Kūra,,hamlet,,Pauri Garhwal,29.85722,78.66535
2377341370,Kūrdhār,,hamlet,,Pauri Garhwal,29.91993,78.69986
2377269025,Kūrikhāl,,hamlet,,Pauri Garhwal,29.84985,78.51717
7933898222,Lachi,,hamlet,,Pauri Garhwal,29.90391,79.04056
2377269026,Ladeshu,,hamlet,,Pauri Garhwal,29.89953,78.51115
2377269027,Ladokhi,,hamlet,,Pauri Garhwal,29.85770,78.51894
7998556633,Ladwasain,,hamlet,,Pauri Garhwal,29.67918,78.90624
7933816584,Lajkhil,,hamlet,,Pauri Garhwal,29.89759,79.03003
7933816580,Lakhchaur,,hamlet,,Pauri Garhwal,29.88530,79.01505
8003035202,Lakhwar,,village,,Pauri Garhwal,29.91425,78.48088
7934082323,Lakshmeshwar,,hamlet,,Pauri Garhwal,29.90935,79.08770
7934334061,Lalitpur,,hamlet,,Pauri Garhwal,29.83458,79.10058
7933898231,Lalnagri,,hamlet,,Pauri Garhwal,29.94058,79.08577
7998556630,Lamdhar,,hamlet,,Pauri Garhwal,29.69392,78.91207
8003807440,Lamkhet,,hamlet,,Pauri Garhwal,29.92222,78.45097
2377341379,Lamrāra,,hamlet,,Pauri Garhwal,29.84584,78.71043
7934202311,Lang,,hamlet,,Pauri Garhwal,29.82916,79.01599
7931602412,Langran,,hamlet,,Pauri Garhwal,29.95432,79.15669
7933864742,Langura,,hamlet,,Pauri Garhwal,29.95363,79.05966
2377341383,Langūri,,hamlet,,Pauri Garhwal,29.90054,78.64051
342110029,Lansdowne,लैंसडाउन,town,,Pauri Garhwal,29.83784,78.68176
2377119947,Layera,,hamlet,,Pauri Garhwal,29.98193,78.73740
8006231301,Limbachaur,,village,,Pauri Garhwal,29.76138,78.47873
7931557732,Linguriya,,hamlet,,Pauri Garhwal,29.91399,79.17031
7934139978,Listkot,,hamlet,,Pauri Garhwal,29.77771,79.03299
342112142,Lithakhal,,village,,Pauri Garhwal,29.92951,78.90518
342107879,Lodli,,village,,Pauri Garhwal,29.87320,78.99857
342112445,Lohachaur,,hamlet,,Pauri Garhwal,29.60541,78.99445
2377341387,Lohātal,,hamlet,,Pauri Garhwal,29.79803,78.70624
8006205837,Lokinanpur,,village,,Pauri Garhwal,29.78554,78.40762
2377341408,Loshan,,hamlet,,Pauri Garhwal,29.86065,78.62443
2377341413,Luintha,,hamlet,,Pauri Garhwal,29.81909,78.70976
7996837995,Luintha,,village,,Pauri Garhwal,29.64194,78.97080
8000419674,Luintha,,village,,Pauri Garhwal,29.70835,78.83976
2377341417,Lāngbāri,,hamlet,,Pauri Garhwal,29.79255,78.69295
8003807450,Mabadhar,,hamlet,,Pauri Garhwal,29.88216,78.45169
8003807448,Mabagarh,,hamlet,,Pauri Garhwal,29.87768,78.45562
2377341420,Madanpur,,hamlet,,Pauri Garhwal,29.88861,78.59794
7888719829,Magatha,,hamlet,,Pauri Garhwal,30.02673,78.40702
7931557744,Magraun,,hamlet,,Pauri Garhwal,29.96743,79.18619
7933816577,Magron Talla,,hamlet,,Pauri Garhwal,29.87810,79.02412
8002966575,Magtha Ragala,,hamlet,,Pauri Garhwal,29.98832,78.48365
7888665197,Mahadev Dhar,,hamlet,,Pauri Garhwal,30.05563,78.49993
7888719830,Mahadevpuri,,hamlet,,Pauri Garhwal,30.02435,78.40361
7888719807,Mahadevsen,,hamlet,,Pauri Garhwal,30.06867,78.38172
2377341425,Mahargaon,,hamlet,,Pauri Garhwal,29.80440,78.73772
7936574519,Mahargaon Malla,,hamlet,,Pauri Garhwal,29.87600,78.87016
7996823194,Maheli,,hamlet,,Pauri Garhwal,29.68971,78.98533
2377119948,Mahār,,hamlet,,Pauri Garhwal,29.97656,78.71851
342110588,Maidavan,,village,,Pauri Garhwal,29.63974,78.95325
8006163660,Maihklal,,hamlet,,Pauri Garhwal,29.84723,78.48723
342111562,Mailghar,,village,,Pauri Garhwal,29.92813,79.09195
2377341429,Maindoli,,hamlet,,Pauri Garhwal,29.85870,78.70174
7934143796,Maindoli,,hamlet,,Pauri Garhwal,29.75825,79.10373
2382756949,Maintdola,,hamlet,,Pauri Garhwal,29.94241,79.20238
7863757776,Maira,,hamlet,,Pauri Garhwal,30.00918,79.07112
7996802954,Maira,,hamlet,,Pauri Garhwal,29.74539,78.95460
7858321370,Mairali,,hamlet,,Pauri Garhwal,30.11881,79.02508
342111763,Maitana,,village,,Pauri Garhwal,29.82376,79.06586
7858273638,Maithana,,hamlet,,Pauri Garhwal,30.10978,79.04670
7889219698,Majendi,,hamlet,,Pauri Garhwal,30.03908,78.35393
8003063418,Majhera,,village,,Pauri Garhwal,29.96490,78.41511
8081759594,Majhera Malla,,hamlet,,Pauri Garhwal,29.69668,79.08995
8081759593,Majhera Talla,,hamlet,,Pauri Garhwal,29.69433,79.08834
7858273632,Majholi,,hamlet,,Pauri Garhwal,30.13342,79.07389
342111454,Majhwagaon,,village,,Pauri Garhwal,29.99458,79.03072
2377341433,Majīna,,hamlet,,Pauri Garhwal,29.87142,78.67217
7931602427,Makholi,,hamlet,,Pauri Garhwal,29.98839,79.13014
7888665217,Mala,,hamlet,,Pauri Garhwal,30.08938,78.40980
8003870272,Mala,,village,,Pauri Garhwal,29.95138,78.41475
7964311525,Malan,,hamlet,,Pauri Garhwal,29.85256,78.83512
7964397378,Malara,,hamlet,,Pauri Garhwal,29.84667,78.75824
8081759595,Malbuta,,hamlet,,Pauri Garhwal,29.70030,79.09257
8003807428,Malekh,,hamlet,,Pauri Garhwal,29.95521,78.43818
2377341438,Maletha,,hamlet,,Pauri Garhwal,29.86774,78.62370
2377341442,Malethi,,hamlet,,Pauri Garhwal,29.88553,78.74337
2377341446,Maleti,,hamlet,,Pauri Garhwal,29.92409,78.73694
2377108006,Mall,,hamlet,,Pauri Garhwal,29.96989,78.56035
7996750479,Malla Khola,,hamlet,,Pauri Garhwal,29.70362,78.96315
8006163657,Malla Mathana,,hamlet,,Pauri Garhwal,29.83549,78.48764
7998585321,Mallagaon,,hamlet,,Pauri Garhwal,29.73261,78.87529
7996823190,Malli Khiyunal,,hamlet,,Pauri Garhwal,29.67032,78.99067
7998625165,Malwasa,,hamlet,,Pauri Garhwal,29.69758,78.85217
7931305541,Managaon,,hamlet,,Pauri Garhwal,29.94839,79.22460
342110311,Mandaneshwar,,village,,Pauri Garhwal,30.01838,78.73792
7996837993,Mandau,,hamlet,,Pauri Garhwal,29.65093,78.97990
7996823195,Mandergaon,,hamlet,,Pauri Garhwal,29.67953,78.99672
8006205843,Mandevpur,,village,,Pauri Garhwal,29.78812,78.39871
7888719824,Mangaliyagaon,,hamlet,,Pauri Garhwal,30.03904,78.40548
8006223037,Manganpuri,,village,,Pauri Garhwal,29.78071,78.43065
8081754305,Mangeri Palli,,hamlet,,Pauri Garhwal,29.64491,79.01962
8078446506,Mangeri Walli,,hamlet,,Pauri Garhwal,29.65248,79.01419
2377119949,Mangolīgaon,,hamlet,,Pauri Garhwal,29.97663,78.65728
7933898209,Mangraun,,hamlet,,Pauri Garhwal,29.89526,79.06755
7996823198,Mangronnath,,hamlet,,Pauri Garhwal,29.69612,78.99198
7934202339,Mangroun,,hamlet,,Pauri Garhwal,29.82527,79.11057
7933291102,Maniyargaon,,hamlet,,Pauri Garhwal,29.93063,79.14628
2377119950,Manjgaon,,hamlet,,Pauri Garhwal,29.95894,78.71778
2377341449,Manjhola,,hamlet,,Pauri Garhwal,29.79814,78.67336
2377269028,Manjiāri,,hamlet,,Pauri Garhwal,29.85606,78.52706
2377341451,Manjkat,,hamlet,,Pauri Garhwal,29.88362,78.71394
7996750480,Manjkhola,,hamlet,,Pauri Garhwal,29.70160,78.96528
7996823189,Mannapani,,hamlet,,Pauri Garhwal,29.67424,78.97591
7933547126,Manoli,,hamlet,,Pauri Garhwal,29.99607,79.04652
2377341455,Manpur,,hamlet,,Pauri Garhwal,29.91807,78.74579
342107968,Mansari,,village,,Pauri Garhwal,29.96521,79.15787
2377341459,Manthal,,hamlet,,Pauri Garhwal,29.80768,78.71471
7889169926,Marai,,hamlet,,Pauri Garhwal,30.09282,78.35286
2377269029,Margaon,,hamlet,,Pauri Garhwal,29.80341,78.59222
2377269034,Margaon,,hamlet,,Pauri Garhwal,29.95550,78.62707
7858358314,Markhola,,hamlet,,Pauri Garhwal,30.12048,79.00226
342110068,Markola,,village,,Pauri Garhwal,30.18906,78.85163
7863854185,Maroda,,hamlet,,Pauri Garhwal,30.03901,79.11881
7985346018,Marora,,village,,Pauri Garhwal,29.74856,78.77528
2377119951,Marora Palla,,hamlet,,Pauri Garhwal,29.98639,78.64278
342110982,Marora Walla,,hamlet,,Pauri Garhwal,29.98343,78.64723
7931602421,Masaun,,village,,Pauri Garhwal,29.98295,79.12899
7933864735,Masaun,,village,,Pauri Garhwal,29.92165,79.07347
8000419654,Mashmoli,,hamlet,,Pauri Garhwal,29.74838,78.85710
2377269036,Masht,,hamlet,,Pauri Garhwal,29.96348,78.57803
7933687001,Masi,,hamlet,,Pauri Garhwal,29.89412,79.00910
2377269039,Masogi,,hamlet,,Pauri Garhwal,29.94320,78.51597
342107947,Masoun,,village,,Pauri Garhwal,29.97894,79.13590
7964470048,Matara,,hamlet,,Pauri Garhwal,29.84334,78.81182
7933591506,Matela,,hamlet,,Pauri Garhwal,29.92520,79.04079
7933898225,Matela,,hamlet,,Pauri Garhwal,29.90919,79.03391
2377108007,Mathargaon,,hamlet,,Pauri Garhwal,29.98815,78.52953
2377341463,Mathelna,,hamlet,,Pauri Garhwal,29.79236,78.66430
2377341468,Mathgaon,,hamlet,,Pauri Garhwal,29.89976,78.65398
2377341472,Mathāli,,hamlet,,Pauri Garhwal,29.84587,78.71973
2377269043,Mathāra,,hamlet,,Pauri Garhwal,29.90116,78.57509
342114238,Matiyāli,,hamlet,,Pauri Garhwal,29.85598,78.60207
2377269049,Matiāl,,hamlet,,Pauri Garhwal,29.81595,78.50453
342111530,Matkunda,,village,,Pauri Garhwal,29.90753,79.05487
7934202338,Matkunda,,hamlet,,Pauri Garhwal,29.82765,79.10706
7931557745,Matoli,,hamlet,,Pauri Garhwal,29.96886,79.18926
8003830856,Mauja Saijad,,hamlet,,Pauri Garhwal,29.97196,78.35518
8003807451,Maula Tandoli,,hamlet,,Pauri Garhwal,29.87650,78.44858
7889169911,Maun,,hamlet,,Pauri Garhwal,30.07462,78.35603
8006223032,Maupur,,village,,Pauri Garhwal,29.77641,78.44380
7934334065,Mawanbakhil,,village,,Pauri Garhwal,29.85308,79.07270
5894155501,Mawas,,hamlet,,Pauri Garhwal,29.88402,78.46689
7998556629,Meldhar,,hamlet,,Pauri Garhwal,29.69463,78.90621
7888719842,Melopani,,hamlet,,Pauri Garhwal,30.00413,78.39901
2377341477,Merwa,,hamlet,,Pauri Garhwal,29.84433,78.63855
7996838002,Merwarhi,,hamlet,,Pauri Garhwal,29.65777,78.99472
2377108008,Mewār,,hamlet,,Pauri Garhwal,29.98110,78.60776
7863781557,Mijgaon,,hamlet,,Pauri Garhwal,30.09008,79.10218
7888719806,Mohanchatti,,hamlet,,Pauri Garhwal,30.06302,78.38713
7850440332,Molkha Khal,,hamlet,,Pauri Garhwal,30.19559,79.03524
8082585302,Morgarh,,hamlet,,Pauri Garhwal,29.67664,79.05532
342110876,Morghatti FRH,,village,,Pauri Garhwal,29.54643,78.65173
342113909,Motadhang,,village,,Pauri Garhwal,29.74960,78.44925
7998556624,Muchhalgaon,,hamlet,,Pauri Garhwal,29.70936,78.90312
2377341481,Muhāra,,hamlet,,Pauri Garhwal,29.83857,78.64894
2377269056,Mundala,,hamlet,,Pauri Garhwal,29.80687,78.51283
8000406231,Mundena,,hamlet,,Pauri Garhwal,29.73751,78.80809
8003807444,Mungaon,,hamlet,,Pauri Garhwal,29.90513,78.43364
8003063420,Munjra,,village,,Pauri Garhwal,29.96006,78.43485
342112037,Museti,,village,,Pauri Garhwal,30.03388,79.02054
7860024477,Museti,,hamlet,,Pauri Garhwal,30.03380,79.02337
7888719818,Musrali,,hamlet,,Pauri Garhwal,30.05193,78.41078
342110930,Musthakhal,,village,,Pauri Garhwal,29.96109,78.59619
7858321380,Myolti,,hamlet,,Pauri Garhwal,30.13030,79.01757
2377341485,Mālkot,,hamlet,,Pauri Garhwal,29.82909,78.62765
2377269062,Māndai,,hamlet,,Pauri Garhwal,29.85412,78.55635
2377341490,Mānpur,,hamlet,,Pauri Garhwal,29.80460,78.65354
2377269070,Mūni Rāwat,,hamlet,,Pauri Garhwal,29.89467,78.51631
2377269077,Mūni Sakri,,hamlet,,Pauri Garhwal,29.87799,78.53909
2377269085,Nadda,,hamlet,,Pauri Garhwal,29.86823,78.58367
7858347788,Nag,,hamlet,,Pauri Garhwal,30.14464,79.00681
7964154917,Nagat,,hamlet,,Pauri Garhwal,29.98445,78.93771
7934202348,Nagri,,hamlet,,Pauri Garhwal,29.81473,79.10847
8003129516,Nahkhet,,hamlet,,Pauri Garhwal,29.91124,78.37000
2377341494,Naikhāna Bara,,hamlet,,Pauri Garhwal,29.89183,78.61072
2377341497,Naikhāna Chhota,,hamlet,,Pauri Garhwal,29.90233,78.61937
2377108009,Nail,,hamlet,,Pauri Garhwal,29.97560,78.57914
2377108010,Nail,,hamlet,,Pauri Garhwal,29.98173,78.58156
7888719798,Nail,,hamlet,,Pauri Garhwal,30.03204,78.38524
7888719820,Nail,,hamlet,,Pauri Garhwal,30.04351,78.42591
2377119952,Naini,,hamlet,,Pauri Garhwal,29.97632,78.64752
7863744602,Naini,,hamlet,,Pauri Garhwal,30.04098,79.04955
342112425,Nainidanda,नैनिडांडा,town,,Pauri Garhwal,29.68049,79.02907
2376291407,Nakuri,,hamlet,,Pauri Garhwal,29.82966,79.04046
7888665214,Nakurohi,,hamlet,,Pauri Garhwal,30.06850,78.44056
8081791420,Nalal Bichli,,hamlet,,Pauri Garhwal,29.71869,79.07431
8081791422,Nalal Malli,,hamlet,,Pauri Garhwal,29.72078,79.07191
8081791423,Nalal Palli,,hamlet,,Pauri Garhwal,29.72358,79.07453
8081791421,Nalal Talli,,hamlet,,Pauri Garhwal,29.71827,79.07813
7889219713,Nalani,,hamlet,,Pauri Garhwal,30.00205,78.32357
8078446514,Nalkhana,,hamlet,,Pauri Garhwal,29.68481,79.00440
8079508227,Nalla,,village,,Pauri Garhwal,29.74417,79.02749
7933687008,Nanadakhet,,hamlet,,Pauri Garhwal,29.90621,79.01498
7888665204,Nand Malla,,hamlet,,Pauri Garhwal,30.05236,78.46386
7888665203,Nand Talla,,hamlet,,Pauri Garhwal,30.05557,78.47015
2377119953,Nandoli,,hamlet,,Pauri Garhwal,29.95926,78.69833
8006231306,Nandpur,,village,,Pauri Garhwal,29.76509,78.46215
6604442793,Nansyun,,hamlet,,Pauri Garhwal,29.97062,79.00858
13660601552,Narad Moxan,,hamlet,,Pauri Garhwal,29.66209,79.02051
8003807456,Narai,,hamlet,,Pauri Garhwal,29.86603,78.43906
7933898213,Narsing,,hamlet,,Pauri Garhwal,29.91323,79.08126
7933864739,Naruwa,,hamlet,,Pauri Garhwal,29.94854,79.04710
7933927442,Naruwajhal,,hamlet,,Pauri Garhwal,29.89777,79.11521
7888719799,Natura,,hamlet,,Pauri Garhwal,30.03249,78.37355
342107898,Naugaon,,village,,Pauri Garhwal,29.89655,79.02466
2377341502,Naugaon,,hamlet,,Pauri Garhwal,29.78843,78.73968
2377341506,Naugaon,,hamlet,,Pauri Garhwal,29.84498,78.64929
2377341510,Naugaon,,hamlet,,Pauri Garhwal,29.92296,78.71526
7860080784,Naugaon,,village,,Pauri Garhwal,30.09703,79.03690
8002966584,Naugaon,,hamlet,,Pauri Garhwal,29.97062,78.49486
342112173,Naugaonkhal,,village,,Pauri Garhwal,29.96246,78.86399
7858335001,Naula,,hamlet,,Pauri Garhwal,30.19944,79.03736
7934334069,Naulapur,,hamlet,,Pauri Garhwal,29.84303,79.06534
7936700026,Nauli,,hamlet,,Pauri Garhwal,29.98007,78.93562
7996824523,Naundano,,village,,Pauri Garhwal,29.65901,78.89321
7846858585,Nauri,,village,,Pauri Garhwal,30.11872,79.05337
7858273635,Nauri,,hamlet,,Pauri Garhwal,30.12721,79.04868
2377269094,Nauri FRH,,village,,Pauri Garhwal,29.78493,78.62552
8079477807,Nauriyan Khet,,hamlet,,Pauri Garhwal,29.70224,79.03399
342114477,Naurkhal,,village,,Pauri Garhwal,30.06134,78.43827
7933898210,Nausain,,hamlet,,Pauri Garhwal,29.90564,79.06753
2377341516,Nausīn,,hamlet,,Pauri Garhwal,29.87286,78.63576
342112015,Nauta,,village,,Pauri Garhwal,30.07370,78.98072
7934202347,Nauwon,,hamlet,,Pauri Garhwal,29.81388,79.10502
7933927459,Nawasu,,hamlet,,Pauri Garhwal,29.89453,79.04543
7996855863,Nawe Malli,,hamlet,,Pauri Garhwal,29.69970,78.93780
7996855866,Nawe Talli,,hamlet,,Pauri Garhwal,29.69195,78.93823
1193913111,Neelkanth Mahadev,,hamlet,,Pauri Garhwal,30.08155,78.34060
2377341521,Nigāna,,hamlet,,Pauri Garhwal,29.77454,78.73987
7933898224,Nira,,hamlet,,Pauri Garhwal,29.90099,79.04105
8003807443,Nisni,,hamlet,,Pauri Garhwal,29.91521,78.43938
8082585287,Niwara,,hamlet,,Pauri Garhwal,29.66697,79.10864
2377269102,Nāgdeogarhi,,hamlet,,Pauri Garhwal,29.93839,78.58538
2377269109,Nāra,,hamlet,,Pauri Garhwal,29.91437,78.51774
2377269116,Nāthūpur,,hamlet,,Pauri Garhwal,29.79145,78.63492
2377119954,Nāun,,hamlet,,Pauri Garhwal,29.96074,78.73221
2377341530,Nāv,,hamlet,,Pauri Garhwal,29.82925,78.71664
2377341538,Nāyūnsāri,,hamlet,,Pauri Garhwal,29.87738,78.70883
2377269125,Odal,,hamlet,,Pauri Garhwal,29.88374,78.56335
2377341544,Odalgaon,,hamlet,,Pauri Garhwal,29.87439,78.66825
7860092787,Odati,,hamlet,,Pauri Garhwal,30.00601,79.00528
7931602423,Odki Gad,,hamlet,,Pauri Garhwal,29.98020,79.14579
7933898220,Okhalyun,,hamlet,,Pauri Garhwal,29.91561,79.04457
2377108011,Otind,,hamlet,,Pauri Garhwal,29.99061,78.60957
342110231,Pabau,,village,,Pauri Garhwal,30.09979,78.88184
2377269132,Pabekh,,hamlet,,Pauri Garhwal,29.91057,78.56589
2377269137,Pachheīn,,hamlet,,Pauri Garhwal,29.94673,78.55757
6618125833,Padal,,hamlet,,Pauri Garhwal,30.13899,79.00784
8006231305,Padanpur,,village,,Pauri Garhwal,29.75987,78.46223
2377341547,Paderāgaon,,hamlet,,Pauri Garhwal,29.79578,78.73267
7998556640,Padyarpani,,hamlet,,Pauri Garhwal,29.67752,78.89980
2377108012,Pagāri,,hamlet,,Pauri Garhwal,29.98211,78.59804
7858321383,Pailar,,hamlet,,Pauri Garhwal,30.13069,79.00747
7998556634,Paingari,,hamlet,,Pauri Garhwal,29.70717,78.88810
7889169918,Paiyan,,hamlet,,Pauri Garhwal,30.04519,78.36087
8078446503,Pajai Moxan,,hamlet,,Pauri Garhwal,29.66169,79.02299
11416683003,Pakhro FRH,,village,,Pauri Garhwal,29.59302,78.57650
8079477802,Palasi,,village,,Pauri Garhwal,29.70817,79.07654
2377269141,Paleta Thok,,hamlet,,Pauri Garhwal,29.76839,78.60541
7936700027,Pali,,hamlet,,Pauri Garhwal,29.95692,78.94827
7996802942,Pali,,hamlet,,Pauri Garhwal,29.74074,78.97063
2377269146,Palla,,hamlet,,Pauri Garhwal,29.88169,78.58605
2377341551,Palla Dhaura,,hamlet,,Pauri Garhwal,29.78552,78.72154
7858347785,Palli,,hamlet,,Pauri Garhwal,30.13652,79.01268
2377341555,Pallīgaon,,hamlet,,Pauri Garhwal,29.82568,78.67670
7996824536,Palpur Ki Dhar,,village,,Pauri Garhwal,29.62433,78.94123
7887543645,Palyalgaon,,hamlet,,Pauri Garhwal,30.10348,78.40342
2377341561,Palāns,,hamlet,,Pauri Garhwal,29.88983,78.63217
7888719841,Pamba,,hamlet,,Pauri Garhwal,29.99985,78.39102
7934202312,Panas,,hamlet,,Pauri Garhwal,29.83104,79.00908
6604476905,Panaun,,village,,Pauri Garhwal,29.97529,79.04020
7933687012,Panchrad,,hamlet,,Pauri Garhwal,29.91327,79.00264
7931305544,Panchtora,,hamlet,,Pauri Garhwal,29.95341,79.21494
2377119955,Panchāli,,hamlet,,Pauri Garhwal,29.99209,78.68654
7996752484,Pand,,hamlet,,Pauri Garhwal,29.61207,78.97076
342110461,Pani-Ka-Sain,,village,,Pauri Garhwal,29.74411,78.87635
2377341564,Paniya,,hamlet,,Pauri Garhwal,29.92424,78.74527
8082585270,Panjiara,,hamlet,,Pauri Garhwal,29.67231,79.08620
8082585269,Panjiara Bichla,,hamlet,,Pauri Garhwal,29.67304,79.08885
8082585271,Panjiara Chhota,,hamlet,,Pauri Garhwal,29.67556,79.08927
7936674879,Panjyana,,hamlet,,Pauri Garhwal,29.96217,78.99290
7998560663,Pansikhal,,hamlet,,Pauri Garhwal,29.71963,78.95149
7863893904,Panyalyun,,hamlet,,Pauri Garhwal,30.02072,79.20335
7998556642,Papri,,hamlet,,Pauri Garhwal,29.67113,78.89825
7860024481,Papriyan,,village,,Pauri Garhwal,30.01113,79.03515
7858321374,Paral,,hamlet,,Pauri Garhwal,30.13944,79.00762
2377269152,Paranda,,hamlet,,Pauri Garhwal,29.93117,78.50366
2377341570,Parinda,,hamlet,,Pauri Garhwal,29.85753,78.69373
6611701921,Parinda,,village,,Pauri Garhwal,29.86706,79.02972
8081759586,Parsaoli Palli,,hamlet,,Pauri Garhwal,29.68719,79.10191
7948017202,Parsari,,hamlet,,Pauri Garhwal,29.92222,78.99712
342110919,Parshulikhal,,village,,Pauri Garhwal,29.98169,78.59345
8081759589,Parsoli Malli,,hamlet,,Pauri Garhwal,29.69098,79.09882
8081759590,Parsoli Talli,,hamlet,,Pauri Garhwal,29.69415,79.09989
2377341577,Parwari,,hamlet,,Pauri Garhwal,29.81804,78.69803
8006205835,Paschimi,,village,,Pauri Garhwal,29.77691,78.40005
7934060033,Paspl,,hamlet,,Pauri Garhwal,29.91415,79.09617
7964470044,Pasta Malla,,hamlet,,Pauri Garhwal,29.84412,78.77283
7964470045,Pasta Talla,,hamlet,,Pauri Garhwal,29.84937,78.77311
7887543644,Pastora,,hamlet,,Pauri Garhwal,30.09639,78.38622
8003063429,Pata,,village,,Pauri Garhwal,29.98940,78.43522
7998556626,Patal,,hamlet,,Pauri Garhwal,29.70489,78.91702
8082585284,Patal,,hamlet,,Pauri Garhwal,29.67465,79.10310
7933864732,Patali,,hamlet,,Pauri Garhwal,29.93301,79.05571
7934139980,Pateliya,,hamlet,,Pauri Garhwal,29.77244,79.00616
342111674,Paterpani FRH,,village,,Pauri Garhwal,29.52778,78.82127
8081791440,Patgaon Talla,,hamlet,,Pauri Garhwal,29.74444,79.06793
7931557738,Pathaun,,village,,Pauri Garhwal,29.95653,79.19329
8002994224,Pathola,,village,,Pauri Garhwal,29.93961,78.49459
7998585311,Patholgaon,,hamlet,,Pauri Garhwal,29.72270,78.89531
2377269159,Pathur,,hamlet,,Pauri Garhwal,29.87934,78.50421
342112204,Patisain,,village,,Pauri Garhwal,29.98169,78.78022
2377341585,Patkhali,,hamlet,,Pauri Garhwal,29.87226,78.73111
7888719797,Patli,,hamlet,,Pauri Garhwal,30.02707,78.38794
7889169922,Patna,,hamlet,,Pauri Garhwal,30.11172,78.36335
342112434,Patotiadanda,,village,,Pauri Garhwal,29.72488,79.01917
8078362504,Patotiya,,hamlet,,Pauri Garhwal,29.71690,79.00502
8006181008,Patraria,,hamlet,,Pauri Garhwal,29.83020,78.49638
2377341590,Patāguni,,hamlet,,Pauri Garhwal,29.82669,78.66485
2377269167,Paukhāl,,hamlet,,Pauri Garhwal,29.87799,78.51078
2377341593,Paukhāl,,hamlet,,Pauri Garhwal,29.87085,78.68196
342110039,Pauri,पौड़ी,town,,Pauri Garhwal,30.14799,78.77595
342107977,Pawtoli,,village,,Pauri Garhwal,29.94461,79.14963
7933687014,Payangairi,,hamlet,,Pauri Garhwal,29.91363,79.01329
2377108013,Payānkhet,,hamlet,,Pauri Garhwal,29.98191,78.52763
7934082320,Phairyungad,,hamlet,,Pauri Garhwal,29.90612,79.10461
8006153853,Phalandikhet,,hamlet,,Pauri Garhwal,29.85991,78.49197
7888719800,Phaldakot,,hamlet,,Pauri Garhwal,30.03669,78.37460
2377341598,Pharsūla,,hamlet,,Pauri Garhwal,29.82388,78.66384
2377108014,Pharsūli,,hamlet,,Pauri Garhwal,29.98084,78.58860
8003807418,Phedua,,hamlet,,Pauri Garhwal,29.93378,78.44028
1413099772,Phool Chatti,,village,,Pauri Garhwal,30.11575,78.37536
7886624345,Phulari,,hamlet,,Pauri Garhwal,30.12306,78.40575
8003063430,Pilkheri,,village,,Pauri Garhwal,29.97669,78.45260
7858334992,Pinakot,,hamlet,,Pauri Garhwal,30.17082,79.02668
8081759607,Pinjoli Walli,,hamlet,,Pauri Garhwal,29.71117,79.11060
7996802959,Pipaldhar,,hamlet,,Pauri Garhwal,29.74830,78.97914
342110379,Pipalpani,,hamlet,,Pauri Garhwal,30.01877,78.80631
8003063419,Piproli,,hamlet,,Pauri Garhwal,29.96042,78.42286
7933547114,Pitarsain,,hamlet,,Pauri Garhwal,29.98661,79.03461
342111473,Pithsain,,village,,Pauri Garhwal,29.98645,79.10839
342112281,Pokhada,,village,,Pauri Garhwal,29.91607,78.91705
7998560658,Pokhar,,hamlet,,Pauri Garhwal,29.74154,78.93627
7931602413,Pokhari,,hamlet,,Pauri Garhwal,29.96704,79.16564
7933927458,Pokharsain,,hamlet,,Pauri Garhwal,29.89135,79.04176
2377062461,Pokhra,,hamlet,,Pauri Garhwal,29.91363,78.92044
7888719827,Pokhral,,hamlet,,Pauri Garhwal,30.03253,78.39415
2377269175,Pokhri,,hamlet,,Pauri Garhwal,29.81963,78.50718
2377341601,Pokhri,पोखरी,hamlet,,Pauri Garhwal,29.93724,78.68136
7860024484,Pokhri,,hamlet,,Pauri Garhwal,30.00130,79.02897
8003063428,Pokhri,,village,,Pauri Garhwal,29.99644,78.42062
8003807438,Pudiyana,,hamlet,,Pauri Garhwal,29.92398,78.44039
7931557748,Pukalkot,,hamlet,,Pauri Garhwal,29.97486,79.16984
8006163654,Pukhnadhar,,hamlet,,Pauri Garhwal,29.84035,78.46886
7887543646,Pulani,,hamlet,,Pauri Garhwal,30.11593,78.40958
2377269181,Pulinda,,hamlet,,Pauri Garhwal,29.80575,78.54460
8079477793,Pultanda,,hamlet,,Pauri Garhwal,29.68658,79.05399
2377108015,Pulyāsu,,hamlet,,Pauri Garhwal,29.97752,78.61386
2377341605,Pundiyārgaon,,hamlet,,Pauri Garhwal,29.88628,78.71148
2377108016,Pundoli,,hamlet,,Pauri Garhwal,29.95549,78.54901
2377119956,Pundori,,hamlet,,Pauri Garhwal,29.98657,78.69084
7889169928,Pundrasu,,hamlet,,Pauri Garhwal,30.08755,78.33280
7996824532,Punori,,hamlet,,Pauri Garhwal,29.64959,78.95134
7858386522,Purali,,hamlet,,Pauri Garhwal,30.12290,79.08524
2377341610,Purangarhi,,hamlet,,Pauri Garhwal,29.92093,78.64262
7933927455,Puriyakhil,,hamlet,,Pauri Garhwal,29.88889,79.05088
2377269187,Purwāna,,hamlet,,Pauri Garhwal,29.87867,78.52206
2377269191,Purānkot,,hamlet,,Pauri Garhwal,29.83473,78.57546
2377269195,Pāli,,hamlet,,Pauri Garhwal,29.85005,78.54324
2377269199,Pāli,,hamlet,,Pauri Garhwal,29.95999,78.58797
2377341622,Pāli,,hamlet,,Pauri Garhwal,29.88365,78.64326
2377341613,Pāli Malli,,hamlet,,Pauri Garhwal,29.86579,78.65849
2377341617,Pāli Talli,,hamlet,,Pauri Garhwal,29.86321,78.65901
2377341625,Pālkot,,hamlet,,Pauri Garhwal,29.82594,78.68799
2377269203,Pāt,,hamlet,,Pauri Garhwal,29.95998,78.62019
2377119957,Pātli,,hamlet,,Pauri Garhwal,29.96394,78.66323
2377341629,Pīpalkoti,,hamlet,,Pauri Garhwal,29.82096,78.68000
2377119960,Pīpli,,hamlet,,Pauri Garhwal,29.99314,78.66943
2377341634,Pīra,,hamlet,,Pauri Garhwal,29.82878,78.72648
2377119964,Pītha,,hamlet,,Pauri Garhwal,29.98566,78.65395
7934293955,Ragrigad,,hamlet,,Pauri Garhwal,29.83660,79.03346
2377108017,Rains,,hamlet,,Pauri Garhwal,29.97055,78.56958
2377341638,Raitpur,,hamlet,,Pauri Garhwal,29.90245,78.69673
7998556637,Rajbaun Malla,,hamlet,,Pauri Garhwal,29.69678,78.87999
7998556636,Rajbaun Talla,,hamlet,,Pauri Garhwal,29.70559,78.88875
8006205839,Ramdayalpur,,village,,Pauri Garhwal,29.78701,78.41148
2377119968,Rameshpur,,hamlet,,Pauri Garhwal,29.97141,78.67662
342111445,Ranagaon,,village,,Pauri Garhwal,30.00778,79.09195
7888665200,Ranagarh,,hamlet,,Pauri Garhwal,30.05260,78.48930
8003097768,Ranchula,,hamlet,,Pauri Garhwal,29.97351,78.39157
8003807430,Ranchur,,hamlet,,Pauri Garhwal,29.94893,78.44296
7863744595,Randola,,hamlet,,Pauri Garhwal,30.00677,79.04908
2377108018,Raneth,,hamlet,,Pauri Garhwal,29.99729,78.53221
7863854187,Rangaon,,hamlet,,Pauri Garhwal,30.01031,79.09101
7996802944,Rangaon,,hamlet,,Pauri Garhwal,29.72755,78.99709
7933898221,Ranghera,,hamlet,,Pauri Garhwal,29.91150,79.03680
2363426698,Ranihat,,hamlet,,Pauri Garhwal,29.81615,79.09387
8081759596,Ranihat,,hamlet,,Pauri Garhwal,29.69924,79.07753
7931602422,Raniyas,,hamlet,,Pauri Garhwal,29.98293,79.14259
8078446505,Ranjeet Moxan (Moxan Bara),,village,60,Pauri Garhwal,29.65324,79.02280
8003086369,Ranjwala,,hamlet,,Pauri Garhwal,29.94331,78.36623
8002994223,Rankota,,village,,Pauri Garhwal,29.92093,78.49783
8003807427,Ransara,,hamlet,,Pauri Garhwal,29.95218,78.42893
2377341642,Ranākot,,hamlet,,Pauri Garhwal,29.79741,78.73998
342108304,Rasia Mahadev,,village,,Pauri Garhwal,29.81246,79.10178
2377269207,Ratanpur,,hamlet,,Pauri Garhwal,29.79685,78.55678
245768858,Rathwadhab,,village,,Pauri Garhwal,29.77583,78.88021
7933687003,Ratkot,,hamlet,,Pauri Garhwal,29.89790,79.01610
1413099825,Ratta Pani,,village,,Pauri Garhwal,30.10515,78.38142
7860080782,Raukhara,,hamlet,,Pauri Garhwal,30.10269,79.01733
7863757773,Raull,,hamlet,,Pauri Garhwal,30.02964,79.07654
7996824528,Raunderi Bari,,hamlet,,Pauri Garhwal,29.65520,78.93883
7996824526,Raunderi Chhoti,,hamlet,,Pauri Garhwal,29.66039,78.93400
2377119972,Raur,,hamlet,,Pauri Garhwal,29.99052,78.73964
8002966582,Raur palla,,hamlet,,Pauri Garhwal,29.97264,78.47182
8002966583,Raurgaon,,hamlet,,Pauri Garhwal,29.96536,78.48895
2377269211,Rauriyāl Judda,,hamlet,,Pauri Garhwal,29.86373,78.50059
7933547112,Rauta,,hamlet,,Pauri Garhwal,29.97795,79.03650
2377341646,Rautela,,hamlet,,Pauri Garhwal,29.93226,78.72182
2377269212,Rauthia,,hamlet,,Pauri Garhwal,29.90208,78.56531
8006163659,Rawara,,hamlet,,Pauri Garhwal,29.83389,78.49543
7964472211,Rera,,hamlet,,Pauri Garhwal,29.85583,78.76618
7934334072,Rikhad,,hamlet,,Pauri Garhwal,29.86020,79.04573
8002994225,Rikhera,,village,,Pauri Garhwal,29.94807,78.48895
8000406232,Rikhera Talla,,hamlet,,Pauri Garhwal,29.74253,78.79560
7863781561,Rikholi,,hamlet,,Pauri Garhwal,30.09724,79.08794
7931557739,Riksal,,village,,Pauri Garhwal,29.95153,79.17883
8082585298,Ringalta Malla,,hamlet,,Pauri Garhwal,29.66033,79.05592
8082585297,Ringalta Talla,,hamlet,,Pauri Garhwal,29.65858,79.06551
8078395485,Ringalti,,hamlet,,Pauri Garhwal,29.73181,79.00760
7863781556,Risti,,hamlet,,Pauri Garhwal,30.08465,79.10920
7933687005,Rithaldhar,,hamlet,,Pauri Garhwal,29.90528,79.02567
2377269213,Ritur,,hamlet,,Pauri Garhwal,29.89313,78.52926
2377341651,Rohni,,hamlet,,Pauri Garhwal,29.84857,78.63685
7858273645,Rorana Tok,,hamlet,,Pauri Garhwal,30.11069,79.11781
8082585288,Rundli,,hamlet,,Pauri Garhwal,29.66389,79.10680
2377341656,Rājkhil,,hamlet,,Pauri Garhwal,29.93066,78.67526
2377341661,Rāmgaon,,hamlet,,Pauri Garhwal,29.87495,78.65568
2377269214,Rāmri,,hamlet,,Pauri Garhwal,29.82058,78.53859
7934202352,Sabguri,,hamlet,,Pauri Garhwal,29.79686,79.11221
2377341665,Sagwāri,,hamlet,,Pauri Garhwal,29.86970,78.71865
2377119975,Saili,,hamlet,,Pauri Garhwal,29.98544,78.67097
7933898223,Saingaon,,hamlet,,Pauri Garhwal,29.90553,79.03927
8003807457,Saini,,village,,Pauri Garhwal,29.87422,78.43000
2377341670,Sainj,,hamlet,,Pauri Garhwal,29.87879,78.62316
2377119982,Sainār,,hamlet,,Pauri Garhwal,29.98441,78.67959
8003830849,Sairaki,,hamlet,,Pauri Garhwal,29.99949,78.33821
7931602410,Sakalyani,,hamlet,,Pauri Garhwal,29.93917,79.14053
2377341675,Sakanyāni,,hamlet,,Pauri Garhwal,29.82103,78.65785
8003086373,Sakle Ki Bari,,hamlet,,Pauri Garhwal,29.96081,78.38348
2377341681,Sakmunda,,hamlet,,Pauri Garhwal,29.86712,78.67323
7936674872,Salana,,hamlet,,Pauri Garhwal,29.95302,78.93619
7996802956,Salana Malla,,hamlet,,Pauri Garhwal,29.74834,78.96363
7996802958,Salana Talla,,hamlet,,Pauri Garhwal,29.74513,78.97809
7888719789,Salani,,hamlet,,Pauri Garhwal,30.03042,78.44790
7863757768,Salauri,,hamlet,,Pauri Garhwal,30.07799,79.06320
7936574516,Sald,,hamlet,,Pauri Garhwal,29.87444,78.86413
7933898226,Salkhil,,hamlet,,Pauri Garhwal,29.90467,79.03167
342109403,Saltmahadev,,village,,Pauri Garhwal,29.65340,79.08187
7858334989,Sama,,hamlet,,Pauri Garhwal,30.16086,79.00767
7931557735,Samaya,,hamlet,,Pauri Garhwal,29.92652,79.18379
2377341686,Samkhāl,,hamlet,,Pauri Garhwal,29.87668,78.68307
8081791426,Sandana,,hamlet,,Pauri Garhwal,29.73112,79.07433
7934143800,Sandola,,hamlet,,Pauri Garhwal,29.75027,79.10588
2377341691,Sandāniyān,,hamlet,,Pauri Garhwal,29.95050,78.65664
342114064,Saneh,,village,,Pauri Garhwal,29.69467,78.52281
2377269215,Sanet,,hamlet,,Pauri Garhwal,29.90277,78.59316
342112114,Sanglakoti,,village,,Pauri Garhwal,29.89929,78.85575
7934143790,Sangliya,,hamlet,,Pauri Garhwal,29.74889,79.05785
8079508226,Sangliya Malla,,hamlet,,Pauri Garhwal,29.74637,79.03952
8079508225,Sangliya Palla,,hamlet,,Pauri Garhwal,29.74141,79.03728
8079508224,Sangliya Talla,,hamlet,,Pauri Garhwal,29.74502,79.04637
2377269216,Sanogi,,hamlet,,Pauri Garhwal,29.88683,78.55621
8003830848,Sanspun,,hamlet,,Pauri Garhwal,29.99414,78.33366
7888719812,Santankatal,,hamlet,,Pauri Garhwal,30.05873,78.39423
11409139540,Sapdull FRH,,village,,Pauri Garhwal,29.54176,78.96415
2377108019,Sar,,hamlet,,Pauri Garhwal,29.95561,78.50424
2377119987,Sarora,,hamlet,,Pauri Garhwal,29.99028,78.64278
2377269217,Sarra,,hamlet,,Pauri Garhwal,29.83756,78.59418
8002966581,Sarwat Raur,,hamlet,,Pauri Garhwal,29.96998,78.46721
342107911,Saryusi,,village,,Pauri Garhwal,29.89243,79.02466
7931602419,Sasaun,,village,,Pauri Garhwal,29.97352,79.13197
7996855869,Satgharya,,hamlet,,Pauri Garhwal,29.67441,78.92273
8006231302,Satichaur,,village,,Pauri Garhwal,29.76490,78.47944
8082587618,Satkholi,,hamlet,,Pauri Garhwal,29.64894,79.06116
342111058,Satpuli,सतपुली,town,,Pauri Garhwal,29.91727,78.71044
2377341696,Satpuli Malli,,hamlet,,Pauri Garhwal,29.91027,78.70370
7889219712,Satrak,,hamlet,,Pauri Garhwal,30.00506,78.33002
342107888,Sattukhal,,village,,Pauri Garhwal,29.85809,78.99308
7936674874,Satyanagal,,hamlet,,Pauri Garhwal,29.93201,78.97887
2377341700,Sauli,,hamlet,,Pauri Garhwal,29.83634,78.71690
8081759600,Saundali Malli,,hamlet,,Pauri Garhwal,29.71092,79.09558
7996823185,Saunp Khal,,hamlet,,Pauri Garhwal,29.66712,78.95960
7858273649,Saunt,,village,,Pauri Garhwal,30.13061,79.08167
7863781564,Saunthi,,hamlet,,Pauri Garhwal,30.09713,79.04648
2377269218,Saur,,hamlet,,Pauri Garhwal,29.86233,78.53919
2377269219,Saur,,hamlet,,Pauri Garhwal,29.92042,78.59722
7888719791,Saur,,hamlet,,Pauri Garhwal,30.02132,78.44820
7888719845,Saur,,hamlet,,Pauri Garhwal,30.00558,78.42798
2377269220,Saurkhet,,hamlet,,Pauri Garhwal,29.90863,78.58709
8003807447,Sayalkandi,,hamlet,,Pauri Garhwal,29.88605,78.44414
342112127,Sediyakhal,,village,,Pauri Garhwal,29.92127,78.90381
8003097774,Seldi,,hamlet,,Pauri Garhwal,29.97999,78.41011
2377341711,Sendhi,,hamlet,,Pauri Garhwal,29.79223,78.66859
342110570,Sendhīkhāl,,hamlet,,Pauri Garhwal,29.79470,78.66711
7933547119,Sera,,village,,Pauri Garhwal,29.95834,79.06468
7933816573,Sera Malla,,hamlet,,Pauri Garhwal,29.86992,79.02580
7933816572,Sera Talla,,hamlet,,Pauri Garhwal,29.86508,79.02809
7888665215,Serainala,,hamlet,,Pauri Garhwal,30.08542,78.43097
342109393,Shankarpur,,village,,Pauri Garhwal,29.62875,79.06586
7996855860,Sherongad,,hamlet,,Pauri Garhwal,29.70831,78.92327
2377341715,Shimalya,,hamlet,,Pauri Garhwal,29.90700,78.64978
8000406235,Shimli,,hamlet,,Pauri Garhwal,29.72961,78.80334
7888665186,Shirkot,,hamlet,,Pauri Garhwal,30.02158,78.46953
8006223027,Shivrajpur,,village,,Pauri Garhwal,29.75551,78.45637
7933591509,Shyanala,,hamlet,,Pauri Garhwal,29.95332,79.00774
2377269221,Shālinga,,hamlet,,Pauri Garhwal,29.80944,78.52184
7964360915,Sialni,,hamlet,,Pauri Garhwal,29.86500,78.83579
2377341719,Sidhpur,,hamlet,,Pauri Garhwal,29.75825,78.73975
2377269222,Sidpur,,hamlet,,Pauri Garhwal,29.78444,78.60333
7888719833,Sigeddi,,hamlet,,Pauri Garhwal,30.01861,78.42349
8003807419,Sila,,hamlet,,Pauri Garhwal,29.93361,78.43337
7933927453,Sila Malla,,hamlet,,Pauri Garhwal,29.88166,79.06569
8078446516,Sila Malla,,hamlet,,Pauri Garhwal,29.69020,79.02054
7933927456,Sila Talla,,hamlet,,Pauri Garhwal,29.89236,79.05680
8078453617,Sila Talla,,hamlet,,Pauri Garhwal,29.69493,79.01588
8003035191,Siladdi,,hamlet,,Pauri Garhwal,29.88955,78.46493
8003807424,Silakatal,,hamlet,,Pauri Garhwal,29.94065,78.41992
2377341723,Silangaon,,hamlet,,Pauri Garhwal,29.95053,78.70385
2377341727,Silet,,hamlet,,Pauri Garhwal,29.84521,78.61865
7996855872,Silgaon,,village,,Pauri Garhwal,29.67871,78.94155
342108295,Sili,,village,,Pauri Garhwal,29.80062,79.10518
7889219708,Silkoli,,hamlet,,Pauri Garhwal,30.01656,78.33752
2377119993,Silni,,hamlet,,Pauri Garhwal,29.97663,78.64171
342110251,Silogi,,hamlet,,Pauri Garhwal,29.99925,78.57991
7933864727,Siloli,,hamlet,,Pauri Garhwal,29.92330,79.04945
8003086376,Silori,,village,,Pauri Garhwal,29.98912,78.36741
2377119998,Silun,,hamlet,,Pauri Garhwal,29.98029,78.73847
7888719843,Silwar,,hamlet,,Pauri Garhwal,30.00603,78.40837
2377341731,Simaldhār,,hamlet,,Pauri Garhwal,29.78296,78.73296
8000419658,Simalgaon,,hamlet,,Pauri Garhwal,29.74372,78.86986
342112194,Simalkhal,,village,,Pauri Garhwal,29.96384,78.83515
7887543642,Simalkhat,,hamlet,,Pauri Garhwal,30.10123,78.37153
8003830852,Simalkhet,,hamlet,,Pauri Garhwal,29.96765,78.33688
2377269223,Simalkhāl,,hamlet,,Pauri Garhwal,29.94004,78.53591
2377341735,Simalsera,,hamlet,,Pauri Garhwal,29.75426,78.73497
2377269224,Simalya,,hamlet,,Pauri Garhwal,29.92538,78.59001
8006163653,Simana Bichla,,hamlet,,Pauri Garhwal,29.84608,78.46448
8006163652,Simana Malla,,hamlet,,Pauri Garhwal,29.85479,78.45167
7858358313,Simari,,hamlet,,Pauri Garhwal,30.11090,79.01045
7931305543,Simgaon,,hamlet,,Pauri Garhwal,29.94621,79.21355
7933898229,Simkhet,,hamlet,,Pauri Garhwal,29.93448,79.09603
7933547128,Simkholi,,hamlet,,Pauri Garhwal,29.93067,79.08302
7933864731,Simkholi,,hamlet,,Pauri Garhwal,29.93536,79.04382
8003807449,Simla,,hamlet,,Pauri Garhwal,29.88530,78.44891
7996837997,Simli,,village,,Pauri Garhwal,29.64414,78.98247
7996838003,Simli,,hamlet,,Pauri Garhwal,29.66035,78.99217
7888719790,Sind,,hamlet,,Pauri Garhwal,30.01970,78.45142
7888719816,Sinduri,,hamlet,,Pauri Garhwal,30.05041,78.39174
7934334071,Sinduri Malli,,village,,Pauri Garhwal,29.84265,79.05204
7934202331,Sinduri Talli,,hamlet,,Pauri Garhwal,29.83100,79.05904
342114353,Siralakhal,,village,,Pauri Garhwal,30.12314,78.61542
7887543650,Sirasu,,hamlet,,Pauri Garhwal,30.10873,78.42979
8081791428,Sirkhet,,hamlet,,Pauri Garhwal,29.73377,79.08513
7936674877,Sirmaliya,,hamlet,,Pauri Garhwal,29.99423,78.99721
7934202322,Siroli,,hamlet,,Pauri Garhwal,29.82102,79.05929
2377341744,Sirsu,,hamlet,,Pauri Garhwal,29.82328,78.62222
8000419662,Sirswari,,hamlet,,Pauri Garhwal,29.73250,78.84701
2377341747,Sirswālgaon,,hamlet,,Pauri Garhwal,29.85568,78.62262
7858347787,Sirtoli,,hamlet,,Pauri Garhwal,30.14621,79.01566
2377341752,Sirāin,,hamlet,,Pauri Garhwal,29.87720,78.61465
2377341755,Sirūbāri,,hamlet,,Pauri Garhwal,29.78737,78.68922
7934202313,Sisal,,hamlet,,Pauri Garhwal,29.83165,79.03674
342114270,Sisaldi,,hamlet,,Pauri Garhwal,29.80867,78.73963
8079477801,Siyabhol,,hamlet,,Pauri Garhwal,29.70398,79.05104
2377269225,Siālna,,hamlet,,Pauri Garhwal,29.90166,78.53066
2377120002,Siālni,,hamlet,,Pauri Garhwal,29.96782,78.63191
7933547125,Sohra,,hamlet,,Pauri Garhwal,29.98683,79.04616
342112711,Srikotkhal,,village,,Pauri Garhwal,29.91577,78.78159
342110107,Srinagar,श्रीनगर,city,50000,Pauri Garhwal,30.22313,78.78995
8006205840,Srirampur,,village,,Pauri Garhwal,29.78930,78.40934
8081759613,Subrahma Malla,,hamlet,,Pauri Garhwal,29.72328,79.10536
8081759614,Subrahma Talla,,hamlet,,Pauri Garhwal,29.72470,79.11195
6604501537,Sukhai,,village,,Pauri Garhwal,29.93348,79.02607
7996750481,Sukildhar,,hamlet,,Pauri Garhwal,29.70032,78.96737
2377341759,Sukoli Malli,,hamlet,,Pauri Garhwal,29.77465,78.74476
2377341764,Sukoli Talli,,hamlet,,Pauri Garhwal,29.76368,78.74598
7996802953,Sukrau,,hamlet,,Pauri Garhwal,29.73532,78.96443
342110322,Sula,,village,,Pauri Garhwal,30.01053,78.74863
8081759616,Sumalkhal,,hamlet,,Pauri Garhwal,29.72638,79.10611
7863781563,Sunargaon,,hamlet,,Pauri Garhwal,30.09940,79.05065
2377269226,Sundal,,hamlet,,Pauri Garhwal,29.89119,78.57219
7933547138,Sundar,,village,,Pauri Garhwal,29.99598,79.08753
2435756721,Sundargaon,,hamlet,,Pauri Garhwal,29.99078,79.15796
342112257,Sundarkhal,,village,,Pauri Garhwal,29.87869,78.91754
7996838000,Sundoli,,hamlet,,Pauri Garhwal,29.65190,78.98809
2377269227,Sundri Thak,,hamlet,,Pauri Garhwal,29.80344,78.52113
2377341771,Sundriyālgaon,,hamlet,,Pauri Garhwal,29.87537,78.69665
2363425954,Sungariya,,hamlet,,Pauri Garhwal,29.80885,79.10211
7934202337,Sungariya,,hamlet,,Pauri Garhwal,29.83089,79.09315
7934202350,Sungarkhal,,hamlet,,Pauri Garhwal,29.80334,79.09594
2377269228,Sungriya,,hamlet,,Pauri Garhwal,29.93879,78.56338
2377341775,Sunkatal,,hamlet,,Pauri Garhwal,29.79908,78.72881
2377341779,Sunārgaon,,hamlet,,Pauri Garhwal,29.82315,78.60959
342112416,Supguna,,village,,Pauri Garhwal,29.66583,79.00818
2377341783,Suraīkhet,,hamlet,,Pauri Garhwal,29.77174,78.73920
2377120006,Surmāri,,hamlet,,Pauri Garhwal,29.99972,78.69167
2377341787,Surmāri Malli,,hamlet,,Pauri Garhwal,29.86926,78.68809
2377341792,Surmāri Talli,,hamlet,,Pauri Garhwal,29.86541,78.69789
2377120007,Surālgaon,,hamlet,,Pauri Garhwal,29.96669,78.61879
2377269229,Surāri,,hamlet,,Pauri Garhwal,29.92866,78.60934
8003035192,Syalkandi,,hamlet,,Pauri Garhwal,29.88386,78.45841
8078446515,Syalkhani,,hamlet,,Pauri Garhwal,29.69108,79.01020
7850440333,Syoli Malli,,hamlet,,Pauri Garhwal,30.19318,79.04494
7858272561,Syoli Talli,,village,,Pauri Garhwal,30.17114,79.05016
2377341797,Syulia,,hamlet,,Pauri Garhwal,29.89875,78.67660
7931557746,Syunsal,,hamlet,,Pauri Garhwal,29.97598,79.18308
2377269230,Syālam,,hamlet,,Pauri Garhwal,29.94209,78.56110
2377341801,Syālgaon,,hamlet,,Pauri Garhwal,29.88194,78.65127
2377269231,Sāja ka Sain,,hamlet,,Pauri Garhwal,29.79626,78.63385
2377269232,Sājura Bhel,,hamlet,,Pauri Garhwal,29.80160,78.56536
2377341806,Sāri,,hamlet,,Pauri Garhwal,29.87988,78.69227
2377120011,Sīla,,hamlet,,Pauri Garhwal,29.96758,78.59966
2377269233,Sīla,,hamlet,,Pauri Garhwal,29.94872,78.53650
2377341814,Sīla,,hamlet,,Pauri Garhwal,29.81606,78.66918
2377341819,Sīla,,hamlet,,Pauri Garhwal,29.94743,78.68288
2377341810,Sīla Kātli,,hamlet,,Pauri Garhwal,29.82447,78.63969
2377341823,Sīm,,hamlet,,Pauri Garhwal,29.87107,78.62603
2377120015,Sīraun,,hamlet,,Pauri Garhwal,29.96008,78.73605
8003807459,Tacchla,,hamlet,,Pauri Garhwal,29.90132,78.40912
7934202317,Tachhikhal,,hamlet,,Pauri Garhwal,29.81479,79.03558
2377269234,Tachhyāli,,hamlet,,Pauri Garhwal,29.80950,78.53612
7858321379,Tadauri,,hamlet,,Pauri Garhwal,30.13192,79.02153
2377269235,Tail,,hamlet,,Pauri Garhwal,29.90754,78.50959
2377341827,Tairi,,hamlet,,Pauri Garhwal,29.88058,78.59252
7996824537,Tairiya,,hamlet,,Pauri Garhwal,29.62053,78.93963
342111752,Takulsari,,village,,Pauri Garhwal,29.82239,79.08371
7996837989,Tal,,hamlet,,Pauri Garhwal,29.66469,78.96812
7934202314,Talai,,hamlet,,Pauri Garhwal,29.82248,79.03253
8003830858,Talai,,village,,Pauri Garhwal,29.97745,78.34962
7889169908,Talain,,hamlet,,Pauri Garhwal,30.08309,78.36767
7964360919,Talgal,,hamlet,,Pauri Garhwal,29.88036,78.83461
7964229772,Tali,,hamlet,,Pauri Garhwal,29.97626,78.92265
8006163658,Talla Mathana,,hamlet,,Pauri Garhwal,29.83500,78.47970
7888719840,Talla Naugaon,,hamlet,,Pauri Garhwal,30.00197,78.37739
7996823188,Talli Khiyunal,,hamlet,,Pauri Garhwal,29.67849,78.98331
7985346012,Tamolidhar,,hamlet,,Pauri Garhwal,29.72467,78.78019
8079477814,Tandiyan,,hamlet,,Pauri Garhwal,29.72738,79.02820
7996855862,Tandiyon,,hamlet,,Pauri Garhwal,29.69847,78.94256
7936674880,Tandola,,hamlet,,Pauri Garhwal,29.97067,78.99806
7996802943,Tandoli,,village,,Pauri Garhwal,29.73444,78.97586
13660601553,Tandyu SC basti (Moxan ),,hamlet,,Pauri Garhwal,29.64841,79.03001
7933898219,Tankila,,hamlet,,Pauri Garhwal,29.91492,79.04969
6604397342,Tarkeshwar,,hamlet,,Pauri Garhwal,29.95185,79.01781
7863757765,Tarpalisain,,village,,Pauri Garhwal,30.08130,79.07808
7964360914,Tasila Talla,,hamlet,,Pauri Garhwal,29.86324,78.83909
8082585307,Tatgaon,,hamlet,,Pauri Garhwal,29.66360,79.01524
8006223036,Telwara,,village,,Pauri Garhwal,29.78570,78.43054
7934334067,Thabariya,,hamlet,,Pauri Garhwal,29.83642,79.07062
342112054,Thalisain,,village,,Pauri Garhwal,30.02033,79.04986
7931602415,Than,,hamlet,,Pauri Garhwal,29.97360,79.16089
7933687010,Thanga Bichla,,hamlet,,Pauri Garhwal,29.90755,79.00305
7933687009,Thanga Malla,,hamlet,,Pauri Garhwal,29.90287,79.00017
7933687011,Thanga Talla,,hamlet,,Pauri Garhwal,29.91079,79.00539
8003807431,Thangar,,village,,Pauri Garhwal,29.94991,78.44852
2377108020,Thantoli,,hamlet,,Pauri Garhwal,29.99828,78.52668
2377341832,Thapla,,hamlet,,Pauri Garhwal,29.78472,78.67547
7933864738,Thapla,,village,,Pauri Garhwal,29.95627,79.07590
7934202308,Thapla,,hamlet,,Pauri Garhwal,29.81659,79.00376
8002983087,Thatelgaon,,hamlet,,Pauri Garhwal,29.98253,78.48824
7996750477,Thawara,,hamlet,,Pauri Garhwal,29.70755,78.97760
7996802948,Thepgaon,,hamlet,,Pauri Garhwal,29.71396,78.97654
7931602417,Thewaliya,,hamlet,,Pauri Garhwal,29.97416,79.14302
8003807429,Thingabani,,hamlet,,Pauri Garhwal,29.94114,78.43644
7863744600,Thora,,hamlet,,Pauri Garhwal,30.04300,79.05848
8003097770,Thunda,,village,,Pauri Garhwal,29.96315,78.40601
2377120020,Thāpla,,hamlet,,Pauri Garhwal,29.97249,78.58522
8003035198,Tida,,village,,Pauri Garhwal,29.90350,78.48365
7850440335,Tila,,hamlet,,Pauri Garhwal,30.19445,79.07416
7936574514,Tilkholi,,hamlet,,Pauri Garhwal,29.87804,78.85534
2377269236,Tilphariya,,hamlet,,Pauri Garhwal,29.94395,78.55028
2377341838,Tilsia,,hamlet,,Pauri Garhwal,29.88585,78.69257
7888719804,Tilwaigaon,,hamlet,,Pauri Garhwal,30.07977,78.39065
2376293414,Timaldhar,,hamlet,,Pauri Garhwal,29.85430,79.04506
2377341842,Timaldhār,,hamlet,,Pauri Garhwal,29.81639,78.68920
2377341847,Timaldhār,,hamlet,,Pauri Garhwal,29.94278,78.68721
8006188032,Timaliyal,,hamlet,,Pauri Garhwal,29.84269,78.44200
7934334066,Timalkholi,,hamlet,,Pauri Garhwal,29.85520,79.06875
8003807422,Timalkyani,,hamlet,,Pauri Garhwal,29.92167,78.41964
7936697152,Timalpal,,hamlet,,Pauri Garhwal,29.97525,78.93170
2377341850,Timalpāni,,hamlet,,Pauri Garhwal,29.78782,78.66388
8000406226,Timalsain,,hamlet,,Pauri Garhwal,29.72421,78.82793
2377341852,Timalwār,,hamlet,,Pauri Garhwal,29.80045,78.70820
8079508220,Timlakholi,,hamlet,,Pauri Garhwal,29.73487,79.03112
2377269237,Timli,,hamlet,,Pauri Garhwal,29.90969,78.54667
8003063431,Timli Dalli,,village,,Pauri Garhwal,29.98505,78.44899
8003063432,Timli Walli,,village,,Pauri Garhwal,29.98756,78.44625
7931557733,Timlikhet,,hamlet,,Pauri Garhwal,29.91650,79.18126
8006223031,Tmokour,,village,,Pauri Garhwal,29.78144,78.43796
2377108021,Toli,,hamlet,,Pauri Garhwal,29.99540,78.63275
2377341855,Toli,,hamlet,,Pauri Garhwal,29.89903,78.63261
7889169927,Toli,,hamlet,,Pauri Garhwal,30.08523,78.34160
8003097760,Toli,,hamlet,,Pauri Garhwal,29.99878,78.37421
7996855871,Toliyon,,hamlet,,Pauri Garhwal,29.67299,78.92990
2435756880,Toliyun,,hamlet,,Pauri Garhwal,29.99575,79.17334
6604442848,Tolyun,,village,,Pauri Garhwal,29.95563,79.02128
7933591507,Tolyun,,hamlet,,Pauri Garhwal,29.92567,79.03650
7998560660,Tolyundanda,,hamlet,,Pauri Garhwal,29.72958,78.94235
7998560661,Tolyuri,,hamlet,,Pauri Garhwal,29.72608,78.93782
2377269238,Tolīyon,,hamlet,,Pauri Garhwal,29.91755,78.61331
3820748010,Totla,,hamlet,,Pauri Garhwal,30.12698,78.34051
8003807441,Tuna,,hamlet,,Pauri Garhwal,29.92038,78.44261
8079508223,Tunaldhura,,hamlet,,Pauri Garhwal,29.74145,79.04994
7888719844,Tungkhal,,hamlet,,Pauri Garhwal,30.00166,78.41515
7996824525,Tuniyon,,hamlet,,Pauri Garhwal,29.66296,78.92997
342114053,Tuno,,village,,Pauri Garhwal,29.57597,78.68289
2377120030,Tīr,,hamlet,,Pauri Garhwal,29.98327,78.72673
2377341859,Ubāni,,hamlet,,Pauri Garhwal,29.83354,78.61931
7888665206,Uchchakot,,hamlet,,Pauri Garhwal,30.05136,78.45361
7888622582,Uchchar,,hamlet,,Pauri Garhwal,30.01549,78.49420
8006223029,Udairampur,,village,,Pauri Garhwal,29.78870,78.44590
8079477803,Udakhal Malli,,hamlet,,Pauri Garhwal,29.71174,79.06755
2377341864,Udal Palla,,hamlet,,Pauri Garhwal,29.93186,78.70062
2377341870,Udal Walla,,hamlet,,Pauri Garhwal,29.92804,78.70105
8003086377,Uddha,,village,,Pauri Garhwal,29.99696,78.36807
342111581,Ufrainkhal,,village,,Pauri Garhwal,29.92582,79.12336
8081767301,Ugliyatanda,,hamlet,,Pauri Garhwal,29.68986,79.02807
8006188033,Ujiyal,,hamlet,,Pauri Garhwal,29.84619,78.44228
2377341876,Ukhlet,,hamlet,,Pauri Garhwal,29.90880,78.72447
7888719811,Ukhli,,hamlet,,Pauri Garhwal,30.05756,78.38635
7933291101,Ukhliyun,,hamlet,,Pauri Garhwal,29.93106,79.13081
2377269239,Ukhriyālgaon,,hamlet,,Pauri Garhwal,29.86197,78.57906
8003830845,Uliyal,,hamlet,,Pauri Garhwal,29.94491,78.34473
2377120031,Ulna,,hamlet,,Pauri Garhwal,29.99750,78.65222
7933547136,Ulyaril,,village,,Pauri Garhwal,29.93947,79.10521
7889219695,Umara,,hamlet,,Pauri Garhwal,30.03451,78.36750
7998560659,Umedu Bakhal,,hamlet,,Pauri Garhwal,29.73041,78.93576
342114346,Umrasu,,village,,Pauri Garhwal,30.10803,78.58933
2377269240,Umrela,,hamlet,,Pauri Garhwal,29.80881,78.57913
2377341882,Umrīkhāl,,hamlet,,Pauri Garhwal,29.82397,78.65413
7996823191,Umta,,hamlet,,Pauri Garhwal,29.66478,78.98909
8003063425,Unirauli,,village,,Pauri Garhwal,29.98760,78.41669
6400731269,Uniyal Moxan,,hamlet,,Pauri Garhwal,29.66438,79.02342
8006153850,Unkri,,hamlet,,Pauri Garhwal,29.86039,78.47298
7996824529,Upgaon Malla,,hamlet,,Pauri Garhwal,29.65860,78.94449
7996824530,Upgaon Talla,,hamlet,,Pauri Garhwal,29.65462,78.95119
8082585303,Uthida Gaon,,hamlet,,Pauri Garhwal,29.67234,79.04586
8081791419,Utinra Malla,,hamlet,,Pauri Garhwal,29.72339,79.09289
8081791418,Utinra Talla,,hamlet,,Pauri Garhwal,29.72149,79.08940
2377269241,Utīrcha,,hamlet,,Pauri Garhwal,29.82481,78.52563
2377120035,Varāli,,hamlet,,Pauri Garhwal,29.95898,78.67020
7996824533,Vasu Sera,,village,,Pauri Garhwal,29.64700,78.92361
2377341886,Verkhāl,,hamlet,,Pauri Garhwal,29.91421,78.73003
8003035186,Vijaypuri,,hamlet,,Pauri Garhwal,29.86185,78.48677
7985346015,Vini Khubani,,hamlet,,Pauri Garhwal,29.73526,78.78326
2377341891,Walla Dhaura,,hamlet,,Pauri Garhwal,29.78782,78.71316
2377108022,Wargadi,,hamlet,,Pauri Garhwal,29.98882,78.60192
7092850808,Yamkeshwar,,village,,Pauri Garhwal,29.97626,78.41828
8062127665,aaopur,,hamlet,,Pauri Garhwal,29.97232,78.89832
8062127666,aaopur,,hamlet,,Pauri Garhwal,29.97347,78.91561
8061436648,agnora,,hamlet,,Pauri Garhwal,29.81423,78.77259
8061436654,agnora,,hamlet,,Pauri Garhwal,29.83799,78.78217
8062251114,agrena,,hamlet,,Pauri Garhwal,29.88928,78.98670
8062232897,agrora,,hamlet,,Pauri Garhwal,29.79073,78.94554
8024930017,agrorah,,hamlet,,Pauri Garhwal,30.05336,78.79274
8062136185,airoli,,hamlet,,Pauri Garhwal,29.93173,78.91355
8024929999,aiyal,,hamlet,,Pauri Garhwal,30.07218,78.79289
8025253725,aizar,,hamlet,,Pauri Garhwal,30.16192,78.99796
8025004034,ali,,hamlet,,Pauri Garhwal,30.08662,78.77738
8024981475,amkoti,,hamlet,,Pauri Garhwal,30.18046,78.78023
8061386153,amoli,,hamlet,,Pauri Garhwal,29.97629,78.83079
8061436641,amtola malla,,hamlet,,Pauri Garhwal,29.78822,78.76948
8061436640,amtola talla,,hamlet,,Pauri Garhwal,29.78453,78.76592
8061948866,andason,,hamlet,,Pauri Garhwal,29.80174,78.84057
8061422607,andkil,,hamlet,,Pauri Garhwal,29.94716,78.83562
8061897492,angni,,hamlet,,Pauri Garhwal,29.82668,78.80180
8062251156,aru,,hamlet,,Pauri Garhwal,29.80240,78.97180
8062127682,asarkot,,hamlet,,Pauri Garhwal,29.94060,78.90925
8025253748,asgswara,,hamlet,,Pauri Garhwal,30.11636,78.98294
8025003990,asingi,,hamlet,,Pauri Garhwal,30.18385,78.83401
8062136204,aslot,,hamlet,,Pauri Garhwal,29.90999,78.91201
8024981472,asnauli,,hamlet,,Pauri Garhwal,30.18992,78.77026
8062232929,asurkhat,,hamlet,,Pauri Garhwal,29.84708,78.94574
8062136209,baayur,,hamlet,,Pauri Garhwal,29.91016,78.87862
8061386105,babina,,hamlet,,Pauri Garhwal,29.86830,78.80613
8059733353,bachcheli,,hamlet,,Pauri Garhwal,29.94298,78.78285
8025154135,bachwar,,village,,Pauri Garhwal,30.07276,78.93319
8061436635,badagaon,,hamlet,,Pauri Garhwal,29.77257,78.76506
8061436637,badgaon,,hamlet,,Pauri Garhwal,29.77375,78.75717
8059733369,badiyar,,hamlet,,Pauri Garhwal,29.97462,78.76359
8059733374,badiyargaon,,hamlet,,Pauri Garhwal,29.98016,78.75700
8061386130,badoli,,hamlet,,Pauri Garhwal,29.93312,78.80658
8061948863,bagar,,hamlet,,Pauri Garhwal,29.79791,78.86913
8025253749,bagar malla,,hamlet,,Pauri Garhwal,30.11432,78.96994
8025091684,baghwanu,,hamlet,,Pauri Garhwal,30.24439,78.87763
8062232924,bagota,,hamlet,,Pauri Garhwal,29.83399,78.92433
8062136221,bagra,,hamlet,,Pauri Garhwal,29.86608,78.90418
8025075793,bagwanu,,hamlet,,Pauri Garhwal,30.19859,78.78274
8061386147,bagyali,,hamlet,,Pauri Garhwal,29.95648,78.79631
8062251126,bahukhand,,hamlet,,Pauri Garhwal,29.85685,78.97383
8025004019,baialgaon,,hamlet,,Pauri Garhwal,30.13136,78.79734
8024930007,baili,,hamlet,,Pauri Garhwal,30.06646,78.82390
8024981479,baili,,hamlet,,Pauri Garhwal,30.17761,78.75094
8062136202,bailori,,hamlet,,Pauri Garhwal,29.90599,78.91001
8025004013,bairagarh,,hamlet,,Pauri Garhwal,30.15646,78.78155
8061386123,bairoli,,hamlet,,Pauri Garhwal,29.92217,78.81491
8025253727,bajiana,,hamlet,,Pauri Garhwal,30.15129,78.97350
8062136263,bali3,,hamlet,,Pauri Garhwal,29.76811,78.87854
8025154130,balibaon,,hamlet,,Pauri Garhwal,30.06011,78.88819
8024236905,balod,,hamlet,,Pauri Garhwal,30.00330,78.77405
8025004023,balori,,hamlet,,Pauri Garhwal,30.12881,78.75157
8025075796,balori,,hamlet,,Pauri Garhwal,30.20736,78.82871
8059733340,balyuli,,hamlet,,Pauri Garhwal,29.93206,78.79162
8061948848,bamau,,hamlet,,Pauri Garhwal,29.76190,78.84894
8061386161,bamoli,,hamlet,,Pauri Garhwal,29.97546,78.80364
8061422601,bamoli,,hamlet,,Pauri Garhwal,29.97473,78.85111
8024981477,bamti,,hamlet,,Pauri Garhwal,30.17780,78.75835
8025253753,banaik,,hamlet,,Pauri Garhwal,30.09355,78.94069
8062251139,banav,,hamlet,,Pauri Garhwal,29.82981,78.97239
8059733334,bandhangaon,,hamlet,,Pauri Garhwal,29.91905,78.76118
8025131445,bangalan,,hamlet,,Pauri Garhwal,30.00183,78.93239
8025004037,bangargaon,,hamlet,,Pauri Garhwal,30.10721,78.76702
8025004015,banjwari,,village,,Pauri Garhwal,30.15889,78.76257
8059733333,bantholi,,hamlet,,Pauri Garhwal,29.91704,78.76363
8062251144,bara,,hamlet,,Pauri Garhwal,29.82624,78.98964
8062251154,baradanda,,hamlet,,Pauri Garhwal,29.80956,78.97335
8062251165,baragad,,hamlet,,Pauri Garhwal,29.76333,78.97543
8025109470,bareri,,hamlet,,Pauri Garhwal,30.19887,78.89115
8024216781,baret,,hamlet,,Pauri Garhwal,30.00716,78.82744
8059733311,bareti,,hamlet,,Pauri Garhwal,29.86331,78.76938
8025253736,barik,,hamlet,,Pauri Garhwal,30.13727,78.98019
8025131454,barion,,hamlet,,Pauri Garhwal,30.05565,78.93520
8062251142,bariyon,,hamlet,,Pauri Garhwal,29.83110,78.98252
8062251140,barjaria,,hamlet,,Pauri Garhwal,29.83391,78.97312
8062232905,barsa,,hamlet,,Pauri Garhwal,29.80174,78.93947
8025131468,barsu,,hamlet,,Pauri Garhwal,30.01978,78.85422
8062232903,barsu,,hamlet,,Pauri Garhwal,29.79792,78.93806
8061422657,basar,,hamlet,,Pauri Garhwal,29.85501,78.84703
8025019878,basoli,,hamlet,,Pauri Garhwal,30.22290,78.83521
8061948882,basoti,,hamlet,,Pauri Garhwal,29.84081,78.85610
8062136231,bastang,,hamlet,,Pauri Garhwal,29.83405,78.90303
8059733335,basyur,,hamlet,,Pauri Garhwal,29.92065,78.77365
8061422649,basyur,,hamlet,,Pauri Garhwal,29.91501,78.87445
8061581600,batadhar,,hamlet,,Pauri Garhwal,29.78305,78.80393
8061422621,baundar,,hamlet,,Pauri Garhwal,29.92820,78.84553
8059733378,baunsar,,hamlet,,Pauri Garhwal,29.98540,78.78865
8025004022,baunsri,,hamlet,,Pauri Garhwal,30.12726,78.75621
8062136262,bawala talla,,hamlet,,Pauri Garhwal,29.76771,78.86868
8061948855,bayala malla,,hamlet,,Pauri Garhwal,29.78099,78.87147
8062232910,bayat,,hamlet,,Pauri Garhwal,29.81073,78.94454
8025004032,bengwari,,hamlet,,Pauri Garhwal,30.13442,78.81244
8061422619,bhadmoli,,hamlet,,Pauri Garhwal,29.92623,78.83682
8062136213,bhadoli,,hamlet,,Pauri Garhwal,29.89617,78.91098
8061386114,bhainoorg,,hamlet,,Pauri Garhwal,29.91892,78.79470
8025091655,bhainskot,,hamlet,,Pauri Garhwal,30.20488,78.84916
7936639557,bhainswara,,hamlet,,Pauri Garhwal,29.88687,78.93943
8025004044,bhainswara,,hamlet,,Pauri Garhwal,30.09847,78.82944
8025154134,bhairgadi,,hamlet,,Pauri Garhwal,30.06215,78.93184
8062232936,bhalkandai,,hamlet,,Pauri Garhwal,29.85978,78.95508
8024981484,bhalkhanda,,hamlet,,Pauri Garhwal,30.17381,78.80401
8025131450,bhandali,,hamlet,,Pauri Garhwal,29.99566,78.84469
8061948879,bhangatwan,,hamlet,,Pauri Garhwal,29.82962,78.86830
8062232960,bhangiwan,,hamlet,,Pauri Garhwal,29.99549,78.92960
8061386167,bharpur,,hamlet,,Pauri Garhwal,29.98784,78.80809
8062232935,bharpur,,hamlet,,Pauri Garhwal,29.85617,78.94934
8025154156,bhatigaon,,hamlet,,Pauri Garhwal,30.13240,78.84896
8025091653,bhatkola,,hamlet,,Pauri Garhwal,30.20988,78.89683
8062232933,bhatkot,,hamlet,,Pauri Garhwal,29.85367,78.91988
8025091657,bhatoli,,hamlet,,Pauri Garhwal,30.22099,78.85143
8025091683,bhattisera,,hamlet,,Pauri Garhwal,30.23964,78.88574
8062127676,bhatwara,,hamlet,,Pauri Garhwal,29.95945,78.89132
8061948868,bhayansu,,hamlet,,Pauri Garhwal,29.80542,78.86128
8061422615,bheti,,hamlet,,Pauri Garhwal,29.94517,78.85587
8061948880,bhilari,,hamlet,,Pauri Garhwal,29.83817,78.87178
8025003985,bhilgarh,,hamlet,,Pauri Garhwal,30.17767,78.81115
8025004040,bhimli malla,,hamlet,,Pauri Garhwal,30.10222,78.78335
8024929992,bhimli talla,,hamlet,,Pauri Garhwal,30.09542,78.77867
8025004006,bhitai malli,,hamlet,,Pauri Garhwal,30.16891,78.77759
8025004005,bhitai talli,,hamlet,,Pauri Garhwal,30.17121,78.78543
8025154160,bhitkunj,,hamlet,,Pauri Garhwal,30.13917,78.91299
8061386154,bhugaon,,hamlet,,Pauri Garhwal,29.97655,78.82296
7934139975,bhujkhet,,hamlet,,Pauri Garhwal,29.78114,79.10802
8025075792,bichili,,hamlet,,Pauri Garhwal,30.20174,78.78862
8062127658,bichkoli,,hamlet,,Pauri Garhwal,29.99410,78.87559
8024216779,bidalah,,hamlet,,Pauri Garhwal,30.00187,78.83483
8025131467,bidoli,,hamlet,,Pauri Garhwal,30.02364,78.84645
8025154158,bidoli,,hamlet,,Pauri Garhwal,30.12955,78.89466
8061436647,bidurgaon,,hamlet,,Pauri Garhwal,29.80166,78.78223
8062232893,bindwal,,hamlet,,Pauri Garhwal,29.78181,78.93657
8061386117,binjoli,,hamlet,,Pauri Garhwal,29.90833,78.82369
8061386120,binjoli,,hamlet,,Pauri Garhwal,29.91438,78.82107
8061436650,binswara,,hamlet,,Pauri Garhwal,29.81398,78.75692
8059733351,biron malla,,hamlet,,Pauri Garhwal,29.94082,78.76423
8059733350,biron talla,,hamlet,,Pauri Garhwal,29.94266,78.76159
8025154151,bishald,,hamlet,,Pauri Garhwal,30.11245,78.87797
8025253760,boransi,,village,,Pauri Garhwal,30.07695,78.98335
8025109456,budeni,,hamlet,,Pauri Garhwal,30.15931,78.89249
8025109466,budesu,,hamlet,,Pauri Garhwal,30.18763,78.88207
8061581610,budhgaon,,hamlet,,Pauri Garhwal,29.75695,78.79766
8025004025,budholi,,hamlet,,Pauri Garhwal,30.13583,78.75736
8025131479,budoli,,hamlet,,Pauri Garhwal,30.04577,78.85413
8025091659,bugani,,hamlet,,Pauri Garhwal,30.21162,78.85383
8061897491,bulakha,,hamlet,,Pauri Garhwal,29.83921,78.82969
8025154143,bunga,,hamlet,,Pauri Garhwal,30.11996,78.93587
8061581605,bunga malla,,hamlet,,Pauri Garhwal,29.77125,78.82924
8061581606,bunga talla,,hamlet,,Pauri Garhwal,29.75454,78.83107
8025253733,bungkhal,,hamlet,,Pauri Garhwal,30.14891,78.95181
8024981476,burhakot,,hamlet,,Pauri Garhwal,30.18205,78.76959
8059733322,byali,,hamlet,,Pauri Garhwal,29.88746,78.76918
8025154125,chair malla,,hamlet,,Pauri Garhwal,30.08646,78.85770
8025154126,chair talla,,hamlet,,Pauri Garhwal,30.08490,78.86722
8025121989,chakwali,,hamlet,,Pauri Garhwal,30.22978,78.85561
8062232948,chalkuriya,,hamlet,,Pauri Garhwal,29.90130,78.91855
8062136216,chamapani,,hamlet,,Pauri Garhwal,29.88743,78.91383
8059733328,chamdal,,hamlet,,Pauri Garhwal,29.90487,78.76727
8061386124,chameli,,hamlet,,Pauri Garhwal,29.91830,78.81257
8025003989,chamera,,hamlet,,Pauri Garhwal,30.18459,78.82111
8061386150,chamma,,hamlet,,Pauri Garhwal,29.96055,78.82999
8061436646,chandli,,hamlet,,Pauri Garhwal,29.79939,78.77124
8062251136,chandoli,,hamlet,,Pauri Garhwal,29.83921,78.99681
342112369,chaproli,,hamlet,,Pauri Garhwal,30.08194,78.94638
8025131462,chaproli,,hamlet,,Pauri Garhwal,30.02002,78.91555
8025075794,chargaon,,hamlet,,Pauri Garhwal,30.19599,78.78965
8062136233,chaukri,,hamlet,,Pauri Garhwal,29.82994,78.87825
8061386118,chauldhari,,hamlet,,Pauri Garhwal,29.91183,78.82124
8062251146,chaundi,,hamlet,,Pauri Garhwal,29.82218,78.96934
8024216778,chaunra,,hamlet,,Pauri Garhwal,30.00865,78.83890
8025253757,chauri,,hamlet,,Pauri Garhwal,30.08699,78.96243
8061386112,chauthi,,hamlet,,Pauri Garhwal,29.91079,78.79352
8062232956,chayadhar,,hamlet,,Pauri Garhwal,29.99821,78.92938
8061386142,chhamakhal,,hamlet,,Pauri Garhwal,29.95749,78.82734
8025004033,chhanion,,hamlet,,Pauri Garhwal,30.12408,78.84207
8062251112,chharkandai,,hamlet,,Pauri Garhwal,29.89189,78.95488
8062136218,chihwari,,hamlet,,Pauri Garhwal,29.87544,78.89675
8024236895,chiloli,,hamlet,,Pauri Garhwal,30.04346,78.75360
8062232895,chimna,,hamlet,,Pauri Garhwal,29.78907,78.93962
8061436651,chinbau,,hamlet,,Pauri Garhwal,29.81831,78.74972
8024216763,chindalu,,hamlet,,Pauri Garhwal,30.04358,78.79358
8025109458,choiah,,hamlet,,Pauri Garhwal,30.16098,78.93626
8025004027,chopra,,village,,Pauri Garhwal,30.13991,78.78517
8025131453,chopra,,hamlet,,Pauri Garhwal,30.09643,78.88540
8062127672,chopra,,village,,Pauri Garhwal,29.95220,78.91072
8025154121,choprion,,hamlet,,Pauri Garhwal,30.08833,78.88752
8024930008,chorkandi,,hamlet,,Pauri Garhwal,30.06148,78.82899
8025109459,chupra,,hamlet,,Pauri Garhwal,30.15975,78.93013
8025091652,churakandi,,hamlet,,Pauri Garhwal,30.20517,78.89767
8062136247,churani,,hamlet,,Pauri Garhwal,29.80661,78.89561
8025253722,churion,,hamlet,,Pauri Garhwal,30.16904,78.97211
8025253723,chuthani,,hamlet,,Pauri Garhwal,30.17025,78.98312
8061581602,dabargarh,,hamlet,,Pauri Garhwal,29.77752,78.81869
8025253721,dabra,,hamlet,,Pauri Garhwal,30.17787,78.98568
8062127680,dabra,,hamlet,,Pauri Garhwal,29.94952,78.89128
8061948860,dabri palli,,hamlet,,Pauri Garhwal,29.78818,78.83656
8061948859,dabri walli,,hamlet,,Pauri Garhwal,29.78527,78.83862
8061948858,dabrisain,,hamlet,,Pauri Garhwal,29.78659,78.84436
8059733310,dadun,,hamlet,,Pauri Garhwal,29.85434,78.78335
8061422611,dalbaur,,hamlet,,Pauri Garhwal,29.95187,78.86645
8061422633,dalmiyana,,hamlet,,Pauri Garhwal,29.92083,78.85603
8024930026,dalmota,,hamlet,,Pauri Garhwal,30.04848,78.75628
8025131446,damdeon,,hamlet,,Pauri Garhwal,30.00375,78.92883
8025121986,damka,,hamlet,,Pauri Garhwal,30.24732,78.87448
8025003991,dandani,,hamlet,,Pauri Garhwal,30.18080,78.82695
8024930018,dang,,hamlet,,Pauri Garhwal,30.05600,78.78935
8061386121,dang,,hamlet,,Pauri Garhwal,29.91728,78.82422
8062127667,dantha,,hamlet,,Pauri Garhwal,29.96665,78.90557
8061422641,darkhol,,hamlet,,Pauri Garhwal,29.91376,78.85252
8061422632,dashmani,,hamlet,,Pauri Garhwal,29.92730,78.85622
8062232959,dauidhar,,hamlet,,Pauri Garhwal,29.99207,78.92595
8062251169,dawaldhar,,hamlet,,Pauri Garhwal,29.75237,78.99507
8061386159,dedhar,,hamlet,,Pauri Garhwal,29.96587,78.80418
8062232908,deodhar,,hamlet,,Pauri Garhwal,29.80736,78.94142
8062232937,deokandai,,hamlet,,Pauri Garhwal,29.89662,78.95050
8061386156,deul,,hamlet,,Pauri Garhwal,29.97098,78.81031
342112406,dhaboliya,,village,,Pauri Garhwal,29.79971,78.81765
8024236904,dhamoli,,hamlet,,Pauri Garhwal,30.00986,78.77268
8025004008,dhanak,,hamlet,,Pauri Garhwal,30.15411,78.79165
8059733312,dhandholi,,hamlet,,Pauri Garhwal,29.87635,78.77590
8025004014,dhandri,,hamlet,,Pauri Garhwal,30.15529,78.78758
8062232886,dhangalgaon,,hamlet,,Pauri Garhwal,29.75679,78.94608
8061422603,dhangsoi,,hamlet,,Pauri Garhwal,29.97542,78.87066
8062136197,dhar ki bina,,hamlet,,Pauri Garhwal,29.91756,78.90926
8061422604,dharau,,village,,Pauri Garhwal,29.98297,78.86531
8025003995,dhargaon,,hamlet,,Pauri Garhwal,30.16110,78.83165
8025075785,dhargaon,,hamlet,,Pauri Garhwal,30.21018,78.79892
8024236894,dharkot,,hamlet,,Pauri Garhwal,30.03158,78.77371
8025154132,dharkot,,hamlet,,Pauri Garhwal,30.06895,78.89241
8062136237,dharkot,,hamlet,,Pauri Garhwal,29.82309,78.89115
8061422594,dharmpur,,hamlet,,Pauri Garhwal,29.97828,78.84583
8059733382,dhatgaon,,hamlet,,Pauri Garhwal,29.99544,78.76547
8062232928,dhilwari,,hamlet,,Pauri Garhwal,29.85066,78.94158
8062136261,dhimla,,hamlet,,Pauri Garhwal,29.77752,78.90802
8025131471,dhiuld,,hamlet,,Pauri Garhwal,30.01853,78.87493
8062127683,dhodhuti bina,,hamlet,,Pauri Garhwal,29.92626,78.91323
8025131477,dhokandi,,hamlet,,Pauri Garhwal,30.04097,78.85330
8061422653,dhunga,,hamlet,,Pauri Garhwal,29.90685,78.86690
8061422635,dhungbari,,hamlet,,Pauri Garhwal,29.92074,78.85068
8061386131,dhur,,hamlet,,Pauri Garhwal,29.92984,78.81878
8059733336,dib,,hamlet,,Pauri Garhwal,29.91698,78.77757
8025019884,dikhwalgaon,,hamlet,,Pauri Garhwal,30.20603,78.80298
8025154119,dikoli,,hamlet,,Pauri Garhwal,30.10318,78.89096
8025004009,dob,,hamlet,,Pauri Garhwal,30.15095,78.80437
8059733359,dobal,,hamlet,,Pauri Garhwal,29.95789,78.77152
8025004041,dobela,,hamlet,,Pauri Garhwal,30.09711,78.79551
8024216783,dolinda,,hamlet,,Pauri Garhwal,30.01690,78.81000
8062251122,dublan,,hamlet,,Pauri Garhwal,29.85899,78.98706
8062127662,dudarakoti,,hamlet,,Pauri Garhwal,29.97561,78.87855
8061386106,dudarkhal,,hamlet,,Pauri Garhwal,29.87115,78.79781
8062251171,dudra,,hamlet,,Pauri Garhwal,29.75190,78.97093
8025154137,dumlot,,hamlet,,Pauri Garhwal,30.09159,78.92520
8025004028,dundalgaon,,hamlet,,Pauri Garhwal,30.13929,78.79315
8025121985,dunfri panth,,hamlet,,Pauri Garhwal,30.24448,78.86900
8062232907,dungahar,,hamlet,,Pauri Garhwal,29.80138,78.94621
8024929988,dungari,,hamlet,,Pauri Garhwal,30.08282,78.79086
8025253740,dungri,,hamlet,,Pauri Garhwal,30.13793,78.94810
8025003986,durgakot,,hamlet,,Pauri Garhwal,30.18064,78.79845
8059733320,duur,,hamlet,,Pauri Garhwal,29.88964,78.75584
8024929995,dwarkhil,,hamlet,,Pauri Garhwal,30.08881,78.76322
8062232901,fatehpur,,hamlet,,Pauri Garhwal,29.79650,78.92080
8061436649,forest chauki,,hamlet,,Pauri Garhwal,29.80881,78.76590
8024930010,gad,,hamlet,,Pauri Garhwal,30.05631,78.84407
8062136194,gad ka dina,,hamlet,,Pauri Garhwal,29.91698,78.91357
8062232947,gad ki bagri,,hamlet,,Pauri Garhwal,29.90249,78.94473
8059733327,gadai,,hamlet,,Pauri Garhwal,29.90621,78.75590
8025131458,gadigaon,,hamlet,,Pauri Garhwal,30.04012,78.90450
8024236899,gadlenda,,hamlet,,Pauri Garhwal,30.02797,78.75777
8025004020,gadoli,,hamlet,,Pauri Garhwal,30.12390,78.79279
8062136224,gadri,,hamlet,,Pauri Garhwal,29.86192,78.90456
8024930009,gadria,,hamlet,,Pauri Garhwal,30.05793,78.83776
8061422618,gadrikhera,,hamlet,,Pauri Garhwal,29.92592,78.82974
8059733354,gaduli,,hamlet,,Pauri Garhwal,29.94737,78.78163
8062136186,gaduli,,hamlet,,Pauri Garhwal,29.93556,78.88188
8024236887,gahar,,hamlet,,Pauri Garhwal,30.01114,78.79474
8025091665,gairu,,hamlet,,Pauri Garhwal,30.21506,78.86310
8025091669,gajeli,,hamlet,,Pauri Garhwal,30.22329,78.89023
8061422600,gajera,,hamlet,,Pauri Garhwal,29.96860,78.85864
8061436653,gamatagaon,,hamlet,,Pauri Garhwal,29.83478,78.78017
8025253728,ganakot,,hamlet,,Pauri Garhwal,30.15531,78.97732
8062136243,gangora,,hamlet,,Pauri Garhwal,29.80420,78.91073
8025004042,gar,,hamlet,,Pauri Garhwal,30.10677,78.80083
8062136192,garhtoli,,hamlet,,Pauri Garhwal,29.93074,78.88372
8025091667,gawana,,hamlet,,Pauri Garhwal,30.21919,78.87939
8059733316,gawana,,hamlet,,Pauri Garhwal,29.87262,78.75760
8062251118,gehunlad,,hamlet,,Pauri Garhwal,29.87413,78.97123
8059733357,ghal gad,,hamlet,,Pauri Garhwal,29.95717,78.76644
8025131463,ghalla,,hamlet,,Pauri Garhwal,30.01004,78.87409
8062232938,ghaniyakhal,,hamlet,,Pauri Garhwal,29.88497,78.95538
8025131444,ghekandhai,,hamlet,,Pauri Garhwal,29.99845,78.93498
8061581592,gheri,,hamlet,,Pauri Garhwal,29.80812,78.82339
8061386102,gherua malla,,hamlet,,Pauri Garhwal,29.86204,78.82236
8061386101,gherua talla,,hamlet,,Pauri Garhwal,29.86364,78.82899
8061581598,ghetulgaon,,hamlet,,Pauri Garhwal,29.78491,78.80541
8024216764,ghiri,,hamlet,,Pauri Garhwal,30.03954,78.79638
8062136240,ghiroli,,hamlet,,Pauri Garhwal,29.81136,78.90791
8062251113,ghorkhanda malla,,hamlet,,Pauri Garhwal,29.88778,78.97584
8062251117,ghorkhanda talla,,village,,Pauri Garhwal,29.88676,78.98518
8062232911,ghorpala malla,,hamlet,,Pauri Garhwal,29.81175,78.95259
8062251153,ghorpala talla,,hamlet,,Pauri Garhwal,29.81430,78.95928
8061897493,ghotla,,hamlet,,Pauri Garhwal,29.82382,78.79609
8025154147,ghuna,,hamlet,,Pauri Garhwal,30.12561,78.90770
342112246,gilet,,village,,Pauri Garhwal,29.89655,78.94364
8024216770,ginthali,,hamlet,,Pauri Garhwal,30.04767,78.83253
8061422614,ginwali,,hamlet,,Pauri Garhwal,29.94815,78.85860
8025075788,girgaon,,hamlet,,Pauri Garhwal,30.20105,78.74918
8059733342,giyonli,,hamlet,,Pauri Garhwal,29.93533,78.77961
8024236889,god khal,,hamlet,,Pauri Garhwal,30.00265,78.80186
8062251138,godiya,,hamlet,,Pauri Garhwal,29.83123,78.96548
8062136223,godiyan,,hamlet,,Pauri Garhwal,29.86229,78.91340
8062232961,godri,,village,,Pauri Garhwal,29.99285,78.93810
8061422658,gojar khanu,,hamlet,,Pauri Garhwal,29.85516,78.83933
8062136225,gokhand,,hamlet,,Pauri Garhwal,29.85328,78.91170
8061386155,gomtigaon,,hamlet,,Pauri Garhwal,29.97451,78.82051
8059733329,gorli,,hamlet,,Pauri Garhwal,29.90670,78.77905
8025091682,gostu,,hamlet,,Pauri Garhwal,30.23111,78.89920
8025253758,gowalkurah,,hamlet,,Pauri Garhwal,30.07556,78.96331
8025253734,guddah,,hamlet,,Pauri Garhwal,30.15311,78.94702
8062136211,gudiyakhil,,hamlet,,Pauri Garhwal,29.89970,78.87664
8061436652,gundal khet,,hamlet,,Pauri Garhwal,29.83098,78.78427
8061386135,gurad malla,,hamlet,,Pauri Garhwal,29.94159,78.83042
8061422623,gurad talla,,hamlet,,Pauri Garhwal,29.93995,78.83699
8024216772,gurinidi,,hamlet,,Pauri Garhwal,30.03550,78.82152
8061948852,gutherta,,hamlet,,Pauri Garhwal,29.77620,78.84460
8025004031,gwar,,hamlet,,Pauri Garhwal,30.13757,78.84366
8025109463,gwar,,hamlet,,Pauri Garhwal,30.17904,78.86669
8024236897,hachoi,,hamlet,,Pauri Garhwal,30.03584,78.75218
8025091676,hairi,,hamlet,,Pauri Garhwal,30.24971,78.89550
8062251125,halad,,hamlet,,Pauri Garhwal,29.86205,78.97975
8061422608,halai,,hamlet,,Pauri Garhwal,29.95683,78.83905
8025075797,harkandi,,hamlet,,Pauri Garhwal,30.20634,78.82021
8061422645,harkot,,hamlet,,Pauri Garhwal,29.90703,78.85969
8062136190,haroli,,hamlet,,Pauri Garhwal,29.92254,78.88005
8062232934,hindoi,,hamlet,,Pauri Garhwal,29.85640,78.93344
8061948854,hitoli,,hamlet,,Pauri Garhwal,29.76887,78.85345
8025131448,ira,,hamlet,,Pauri Garhwal,29.99566,78.86074
8059733325,ira,,hamlet,,Pauri Garhwal,29.90145,78.78708
8025154131,ithur,,hamlet,,Pauri Garhwal,30.06536,78.88598
8025131447,itosi,,hamlet,,Pauri Garhwal,30.00586,78.87218
8062232953,jadiudhar,,hamlet,,Pauri Garhwal,29.98065,78.91947
8025004012,jaikholi,,hamlet,,Pauri Garhwal,30.15155,78.78598
8061386151,jaintoli,,hamlet,,Pauri Garhwal,29.96126,78.81763
8061386149,jairala,,hamlet,,Pauri Garhwal,29.96118,78.79759
8024216766,jakh,,hamlet,,Pauri Garhwal,30.03122,78.78946
8025253735,jakh,,hamlet,,Pauri Garhwal,30.13325,78.99346
8061386158,jakhali,,hamlet,,Pauri Garhwal,29.97046,78.80500
8025075795,jaletha,,hamlet,,Pauri Garhwal,30.20601,78.83744
8061422626,jallu,,hamlet,,Pauri Garhwal,29.93084,78.87319
8025121987,jamsali,,hamlet,,Pauri Garhwal,30.23021,78.88701
8024930015,jaspur,,hamlet,,Pauri Garhwal,30.06272,78.80809
8061422654,jhal,,hamlet,,Pauri Garhwal,29.84787,78.86487
8025109464,jhalan,,hamlet,,Pauri Garhwal,30.18512,78.86203
8025131484,jhangarbau,,hamlet,,Pauri Garhwal,30.05429,78.90160
8059749466,jhangoriya,,hamlet,,Pauri Garhwal,29.84094,78.76457
8061581596,jintha,,hamlet,,Pauri Garhwal,29.78768,78.79849
8025253738,jitoli,,hamlet,,Pauri Garhwal,30.13505,78.96108
8025109467,jogdi,,hamlet,,Pauri Garhwal,30.19937,78.86817
8061386111,kabra,,hamlet,,Pauri Garhwal,29.90443,78.80025
8062232954,kachriadhar,,hamlet,,Pauri Garhwal,29.98356,78.91651
8025091668,kagdi,,hamlet,,Pauri Garhwal,30.21903,78.88604
8062232939,kaintherkhola,,hamlet,,Pauri Garhwal,29.89027,78.91958
8025004007,kaldhung,,hamlet,,Pauri Garhwal,30.15521,78.79903
8061948875,kaligao malla,,hamlet,,Pauri Garhwal,29.82631,78.83182
8025253765,kaloli,,hamlet,,Pauri Garhwal,30.06100,78.94625
8062136238,kalwari,,hamlet,,Pauri Garhwal,29.81749,78.88849
8025004010,kamand,,hamlet,,Pauri Garhwal,30.15003,78.79257
8025003999,kamerah,,hamlet,,Pauri Garhwal,30.16620,78.80534
8061422592,kameri,,hamlet,,Pauri Garhwal,29.98694,78.83901
8062136196,kameri,,hamlet,,Pauri Garhwal,29.92370,78.90402
8025019876,kamraneon,,hamlet,,Pauri Garhwal,30.22607,78.84361
8025091643,kanda,,hamlet,,Pauri Garhwal,30.22474,78.87061
8061386103,kandai,,hamlet,,Pauri Garhwal,29.86692,78.82339
8061422640,kandai,,hamlet,,Pauri Garhwal,29.91282,78.84298
8061422642,kandai manji,,hamlet,,Pauri Garhwal,29.90739,78.84785
8025253741,kandaoli,,hamlet,,Pauri Garhwal,30.13010,78.95149
8062232917,kandari malla,,hamlet,,Pauri Garhwal,29.82615,78.95511
8024930014,kande,,hamlet,,Pauri Garhwal,30.06616,78.80909
8025004039,kande malla,,hamlet,,Pauri Garhwal,30.10027,78.76212
8024929993,kande talla,,hamlet,,Pauri Garhwal,30.09516,78.76345
8025154129,kanderi,,hamlet,,Pauri Garhwal,30.06958,78.85025
8024929989,kandhar,,hamlet,,Pauri Garhwal,30.09060,78.80025
8062232921,kandiuli malli,,hamlet,,Pauri Garhwal,29.83022,78.93267
8061948845,kandiya malla,,hamlet,,Pauri Garhwal,29.76250,78.85800
8061948846,kandiya talla,,hamlet,,Pauri Garhwal,29.76025,78.85810
8062136205,kanduli,,hamlet,,Pauri Garhwal,29.91350,78.90475
8062232920,kanduli talli,,hamlet,,Pauri Garhwal,29.82871,78.93951
8062232916,kapda talla,,hamlet,,Pauri Garhwal,29.82013,78.95818
8025004035,kapholgaon,,hamlet,,Pauri Garhwal,30.11464,78.76863
8025091681,kapholi,,hamlet,,Pauri Garhwal,30.23203,78.90708
8061386143,kaptolyon,,hamlet,,Pauri Garhwal,29.95120,78.80578
8061436645,kasana,,hamlet,,Pauri Garhwal,29.80809,78.75399
8062232942,kasana,,hamlet,,Pauri Garhwal,29.89189,78.93451
8062251127,kasani,,hamlet,,Pauri Garhwal,29.85635,78.96715
8062136214,kathai raula,,hamlet,,Pauri Garhwal,29.90032,78.90855
8024236885,kathiurah,,hamlet,,Pauri Garhwal,30.00925,78.80668
8062251161,kathudhaiya,,hamlet,,Pauri Garhwal,29.76801,78.97027
8059733361,kathuli,,hamlet,,Pauri Garhwal,29.96516,78.78772
8061422655,kathur,,hamlet,,Pauri Garhwal,29.85167,78.85570
8062136234,kathur,,hamlet,,Pauri Garhwal,29.82944,78.88844
8024216782,katoirah,,hamlet,,Pauri Garhwal,30.01692,78.80116
8025004000,katurah,,hamlet,,Pauri Garhwal,30.16229,78.81328
8024236892,kewars,,hamlet,,Pauri Garhwal,30.02439,78.78515
8025004036,kewars,,hamlet,,Pauri Garhwal,30.11230,78.77225
8061436631,khaini,,hamlet,,Pauri Garhwal,29.76232,78.75684
8024216776,khair,,hamlet,,Pauri Garhwal,30.01690,78.83922
8061422652,khairgaon,,hamlet,,Pauri Garhwal,29.91228,78.86287
8025091670,khakrion,,hamlet,,Pauri Garhwal,30.21832,78.89646
8062251135,khalagaon,,hamlet,,Pauri Garhwal,29.83683,78.98685
8025003988,khalu,,hamlet,,Pauri Garhwal,30.18974,78.82572
8025075791,khandar chatti,,hamlet,,Pauri Garhwal,30.19338,78.78002
8025109457,khandkhil,,hamlet,,Pauri Garhwal,30.16147,78.91679
8061422636,khandora,,hamlet,,Pauri Garhwal,29.91717,78.83677
8062232922,khandora,,hamlet,,Pauri Garhwal,29.83683,78.94358
8024216784,khandorah,,hamlet,,Pauri Garhwal,30.01326,78.80251
8062232892,khandwari,,hamlet,,Pauri Garhwal,29.78000,78.92666
8061897490,khaneta malla,,hamlet,,Pauri Garhwal,29.83149,78.82448
8061581588,khaneta talla,,hamlet,,Pauri Garhwal,29.82158,78.82502
8061422609,kharal,,hamlet,,Pauri Garhwal,29.95791,78.84283
8061436633,kharka,,hamlet,,Pauri Garhwal,29.78200,78.77172
8025004016,kharkhola,,village,,Pauri Garhwal,30.14418,78.78109
8025253768,kharkion laga kwar,,hamlet,,Pauri Garhwal,30.00298,78.98728
8025154153,khatigad,,hamlet,,Pauri Garhwal,30.12208,78.87242
8059733365,khila,,hamlet,,Pauri Garhwal,29.96803,78.75021
8062136195,khiladu,,village,,Pauri Garhwal,29.91538,78.91636
8062136270,khilisain,,hamlet,,Pauri Garhwal,29.75953,78.87956
8025091651,khingsari,,hamlet,,Pauri Garhwal,30.20593,78.91186
8062232902,khinkariyon,,hamlet,,Pauri Garhwal,29.79265,78.92761
8062251119,khopragadi,,hamlet,,Pauri Garhwal,29.86689,78.97889
8059733343,khuleu,,hamlet,,Pauri Garhwal,29.93095,78.77240
8024930011,kiard,,hamlet,,Pauri Garhwal,30.04909,78.82502
8059733326,kiard,,hamlet,,Pauri Garhwal,29.90225,78.75360
8024981481,kiark,,hamlet,,Pauri Garhwal,30.17247,78.75586
8025003992,kikhib,,hamlet,,Pauri Garhwal,30.17533,78.82841
8062232900,kilabau,,hamlet,,Pauri Garhwal,29.79367,78.91930
8062127678,kilbas,,hamlet,,Pauri Garhwal,29.95441,78.89480
8062127674,kimgadi,,village,,Pauri Garhwal,29.96518,78.91184
8062136267,kimgaon,,hamlet,,Pauri Garhwal,29.77151,78.90231
8024930025,kimola,,hamlet,,Pauri Garhwal,30.04832,78.76269
8059733337,kimoli malla,,hamlet,,Pauri Garhwal,29.91975,78.78290
8059733338,kimoli talla,,hamlet,,Pauri Garhwal,29.92394,78.78139
8024981471,kisandar,,hamlet,,Pauri Garhwal,30.18998,78.75584
8025075789,koirali,,hamlet,,Pauri Garhwal,30.19829,78.76375
8059749465,kola,,hamlet,,Pauri Garhwal,29.99943,78.79298
8061422631,kola,,hamlet,,Pauri Garhwal,29.92650,78.85222
8062136227,kola,,village,,Pauri Garhwal,29.84448,78.90237
8025253754,kolani,,hamlet,,Pauri Garhwal,30.08798,78.98458
8061422656,kolasari,,hamlet,,Pauri Garhwal,29.85278,78.84995
8025154124,kolaun,,hamlet,,Pauri Garhwal,30.09293,78.84574
8062136235,koli,,hamlet,,Pauri Garhwal,29.82475,78.88516
8062136229,kolinda,,hamlet,,Pauri Garhwal,29.82688,78.89932
8062127677,kolkhandi,,hamlet,,Pauri Garhwal,29.95663,78.88986
8025109469,kolta,,hamlet,,Pauri Garhwal,30.19507,78.85390
8025131469,kota,,hamlet,,Pauri Garhwal,30.01703,78.86422
8025154123,kota,,hamlet,,Pauri Garhwal,30.09475,78.87117
8061386107,kota,,hamlet,,Pauri Garhwal,29.88326,78.80034
8061948853,kota,,hamlet,,Pauri Garhwal,29.77682,78.85126
8062232926,kota,,hamlet,,Pauri Garhwal,29.84519,78.95657
8062251130,kota gad,,hamlet,,Pauri Garhwal,29.84792,78.97222
8061581597,kotagad,,hamlet,,Pauri Garhwal,29.79291,78.80691
8025003997,kotgoli,,hamlet,,Pauri Garhwal,30.15606,78.83636
8024981483,kothar,,hamlet,,Pauri Garhwal,30.17030,78.76490
8025004002,koti,,hamlet,,Pauri Garhwal,30.17390,78.79523
8025091649,kotia,,hamlet,,Pauri Garhwal,30.21085,78.90690
8025154148,kotli,,hamlet,,Pauri Garhwal,30.10754,78.86157
8061948878,kotnali,,hamlet,,Pauri Garhwal,29.82614,78.86978
8025019883,kuisu,,hamlet,,Pauri Garhwal,30.21089,78.80740
8062127668,kul,,hamlet,,Pauri Garhwal,29.96713,78.89102
8061422602,kulamdhar,,hamlet,,Pauri Garhwal,29.97791,78.86147
8061581590,kulanikhal,,hamlet,,Pauri Garhwal,29.81104,78.81183
8061386152,kulasu,,hamlet,,Pauri Garhwal,29.97054,78.81957
8024930016,kulheri,,hamlet,,Pauri Garhwal,30.05756,78.79978
8061386126,kulyani,,hamlet,,Pauri Garhwal,29.92622,78.82398
8061422643,kumalpur,,hamlet,,Pauri Garhwal,29.90519,78.85122
8059733379,kumangaon,,hamlet,,Pauri Garhwal,29.99550,78.77736
8061386145,kumoti,,hamlet,,Pauri Garhwal,29.96291,78.80680
8059733345,kumrari,,hamlet,,Pauri Garhwal,29.93285,78.76352
8062136219,kunajkhal,,hamlet,,Pauri Garhwal,29.87629,78.90607
8059733348,kunda,,hamlet,,Pauri Garhwal,29.94754,78.75903
8062136253,kundela,,hamlet,,Pauri Garhwal,29.79638,78.90733
8059733341,kunderi,,hamlet,,Pauri Garhwal,29.93519,78.78330
8061386129,kundloi,,hamlet,,Pauri Garhwal,29.92795,78.79978
8061581593,kundu,,hamlet,,Pauri Garhwal,29.80257,78.79390
8025003996,kusli,,hamlet,,Pauri Garhwal,30.15956,78.83469
8025109468,kuta kholi,,hamlet,,Pauri Garhwal,30.19802,78.86137
8062251168,kwin,,hamlet,,Pauri Garhwal,29.75927,78.99513
8025091654,laga leon,,hamlet,,Pauri Garhwal,30.22542,78.89922
8062232885,lahkhand,,hamlet,,Pauri Garhwal,29.76246,78.94773
8062136199,lakholi,,hamlet,,Pauri Garhwal,29.91972,78.89606
8062251141,langar bungi,,hamlet,,Pauri Garhwal,29.82711,78.97516
8062251131,langat,,hamlet,,Pauri Garhwal,29.84491,78.97520
8061422612,latbau,,hamlet,,Pauri Garhwal,29.95579,78.86791
8062127669,lavdhigaon,,hamlet,,Pauri Garhwal,29.95436,78.90424
8059733317,lawara,,hamlet,,Pauri Garhwal,29.87487,78.75039
8062127684,layakhal,,hamlet,,Pauri Garhwal,29.93404,78.91078
8062232899,lekuli,,hamlet,,Pauri Garhwal,29.80377,78.92166
8061436632,lumragaon,,hamlet,,Pauri Garhwal,29.77898,78.76133
342112290,luntha,,village,,Pauri Garhwal,29.94049,78.90656
8061436628,luntha,,hamlet,,Pauri Garhwal,29.75895,78.78383
8062251137,maharkhola,,hamlet,,Pauri Garhwal,29.82678,78.96447
8059733339,mahdoli,,hamlet,,Pauri Garhwal,29.93693,78.79000
8061436638,mahjhola,,hamlet,,Pauri Garhwal,29.78516,78.75463
8025253747,maili,,hamlet,,Pauri Garhwal,30.12583,78.99749
8061422591,maina,,hamlet,,Pauri Garhwal,29.98787,78.85694
8061948857,maindni,,hamlet,,Pauri Garhwal,29.78438,78.85396
8059733349,mait,,hamlet,,Pauri Garhwal,29.94396,78.76034
8025075786,maithana,,hamlet,,Pauri Garhwal,30.19486,78.74532
8062251124,maithana malla,,hamlet,,Pauri Garhwal,29.85101,78.98752
8062251134,maithana talla,,hamlet,,Pauri Garhwal,29.84690,78.99290
8025154128,majkholi,,hamlet,,Pauri Garhwal,30.06410,78.85325
8025154144,malai,,hamlet,,Pauri Garhwal,30.11224,78.92586
8061386128,malai,,hamlet,,Pauri Garhwal,29.92617,78.80339
8062136248,malakh,,hamlet,,Pauri Garhwal,29.80285,78.88854
8024236896,malaun,,hamlet,,Pauri Garhwal,30.03808,78.76064
8025091660,malaund,,hamlet,,Pauri Garhwal,30.21181,78.85728
8061422647,mald malla,,hamlet,,Pauri Garhwal,29.91201,78.86965
8061422628,mald talla,,hamlet,,Pauri Garhwal,29.91851,78.86915
8061436639,maldhar,,hamlet,,Pauri Garhwal,29.78868,78.75440
8025091658,maletha,,hamlet,,Pauri Garhwal,30.21726,78.84504
8061386108,maleukhal,,hamlet,,Pauri Garhwal,29.90112,78.82181
8061422634,malkot,,hamlet,,Pauri Garhwal,29.91752,78.84444
8062127673,malkoy,,hamlet,,Pauri Garhwal,29.96105,78.90306
8062251159,malla ayar,,hamlet,,Pauri Garhwal,29.79099,78.97374
8062251151,malla chaur,,hamlet,,Pauri Garhwal,29.81501,78.98451
8025004030,malli,,hamlet,,Pauri Garhwal,30.14035,78.80315
8061386133,malotha,,hamlet,,Pauri Garhwal,29.93596,78.82520
8025253732,malunda,,hamlet,,Pauri Garhwal,30.15333,78.95983
8061422630,mandaliya,,hamlet,,Pauri Garhwal,29.93329,78.85585
8025131472,mandian,,hamlet,,Pauri Garhwal,30.02366,78.87036
8025121991,mandoli,,hamlet,,Pauri Garhwal,30.23013,78.84671
8061581587,mangaon,,hamlet,,Pauri Garhwal,29.81834,78.79652
8025091663,manglakoti,,hamlet,,Pauri Garhwal,30.20918,78.87926
8062136264,manikhola,,hamlet,,Pauri Garhwal,29.77330,78.89859
8062136241,maniyan sain,,hamlet,,Pauri Garhwal,29.81102,78.90263
8062127675,manjgaon,,hamlet,,Pauri Garhwal,29.96222,78.88600
8062136189,manjgaon,,hamlet,,Pauri Garhwal,29.91660,78.87821
8059733362,manjoli,,hamlet,,Pauri Garhwal,29.97434,78.77838
8061581591,manjuli,,hamlet,,Pauri Garhwal,29.81268,78.81858
8061897495,manjya,,hamlet,,Pauri Garhwal,29.82164,78.83057
8061386162,manjyan,,hamlet,,Pauri Garhwal,29.97917,78.82246
8062136242,manjyari,,hamlet,,Pauri Garhwal,29.80667,78.90799
8025253752,mankholi,,hamlet,,Pauri Garhwal,30.09301,78.95132
8024216777,mankot,,hamlet,,Pauri Garhwal,30.01953,78.84359
8061386113,mantholi,,hamlet,,Pauri Garhwal,29.91615,78.80055
8025253730,margaon,,hamlet,,Pauri Garhwal,30.16363,78.95460
8059733347,margaon,,hamlet,,Pauri Garhwal,29.94631,78.74847
8024929998,margaon gad,,village,,Pauri Garhwal,30.07385,78.77892
8025121988,markhora,,hamlet,,Pauri Garhwal,30.23046,78.86227
8061422586,marora,,hamlet,,Pauri Garhwal,29.99218,78.86802
8061422610,marora,,hamlet,,Pauri Garhwal,29.95746,78.85375
8061422629,marora,,hamlet,,Pauri Garhwal,29.92918,78.86600
8024930013,marorah,,hamlet,,Pauri Garhwal,30.04911,78.80281
8025154157,marwara,,hamlet,,Pauri Garhwal,30.14208,78.87591
8025131480,masaun,,hamlet,,Pauri Garhwal,30.05041,78.85353
8062232949,masmoli,,hamlet,,Pauri Garhwal,29.90473,78.92464
8024930022,masun,,hamlet,,Pauri Garhwal,30.06490,78.76847
8025019881,masur,,hamlet,,Pauri Garhwal,30.21205,78.82358
8061422596,matchaunri,,hamlet,,Pauri Garhwal,29.98107,78.84471
8062232946,matgal,,hamlet,,Pauri Garhwal,29.90004,78.93548
8061422593,mathana,,hamlet,,Pauri Garhwal,29.97843,78.83746
8025109461,mathgaon,,hamlet,,Pauri Garhwal,30.17010,78.92582
8061422620,mathgaon,,hamlet,,Pauri Garhwal,29.92981,78.84252
8061436636,matholi,,hamlet,,Pauri Garhwal,29.77434,78.77236
8061422588,matiyala,,hamlet,,Pauri Garhwal,29.99692,78.83832
8025253766,matoli,,hamlet,,Pauri Garhwal,30.04010,78.96784
8059733332,maundari,,hamlet,,Pauri Garhwal,29.91949,78.75215
8059733371,mawadhar,,hamlet,,Pauri Garhwal,29.99047,78.75971
8059733375,mawana,,hamlet,,Pauri Garhwal,29.97789,78.76697
8062136207,mayalgaon,,hamlet,,Pauri Garhwal,29.91337,78.88063
8062136208,mayalgaon,,hamlet,,Pauri Garhwal,29.90809,78.88484
8062136222,mayalgaon,,hamlet,,Pauri Garhwal,29.86581,78.90701
8025109453,mehichauri,,hamlet,,Pauri Garhwal,30.17678,78.84898
8025004003,mehrgaon,,hamlet,,Pauri Garhwal,30.16517,78.78944
8062232950,melgaon,,village,,Pauri Garhwal,29.90840,78.92502
8062232945,mewa,,hamlet,,Pauri Garhwal,29.89888,78.92288
8025003994,midwangaon,,hamlet,,Pauri Garhwal,30.16687,78.83291
8024236902,mirchwara,,hamlet,,Pauri Garhwal,30.01425,78.76437
8059733318,mokhandi,,hamlet,,Pauri Garhwal,29.87829,78.76642
8061386166,molkhal,,hamlet,,Pauri Garhwal,29.98793,78.79789
8024981482,molkhandi,,hamlet,,Pauri Garhwal,30.17167,78.76184
8024930000,molti,,hamlet,,Pauri Garhwal,30.07491,78.79965
8025131451,musasu,,hamlet,,Pauri Garhwal,30.00320,78.84540
8025091672,musoli,,hamlet,,Pauri Garhwal,30.21598,78.90960
8062232898,nad,,hamlet,,Pauri Garhwal,29.81039,78.92177
8061422648,nadla,,hamlet,,Pauri Garhwal,29.91586,78.86507
8059733381,nagar,,hamlet,,Pauri Garhwal,29.99393,78.77169
8061386140,nagroli,,hamlet,,Pauri Garhwal,29.95042,78.79877
8025253743,nai,,hamlet,,Pauri Garhwal,30.11373,78.95050
8061422624,nai,,hamlet,,Pauri Garhwal,29.93716,78.85615
8024236900,nail,,hamlet,,Pauri Garhwal,30.01868,78.76984
8025154141,naingad,,hamlet,,Pauri Garhwal,30.13930,78.93329
8059733321,nakdhal,,hamlet,,Pauri Garhwal,29.89090,78.75895
8024929996,nalai,,hamlet,,Pauri Garhwal,30.08306,78.75536
8025253731,nalai,,hamlet,,Pauri Garhwal,30.15776,78.95724
8025253737,nanda,,hamlet,,Pauri Garhwal,30.13832,78.96488
8061386115,nandoli,,hamlet,,Pauri Garhwal,29.91328,78.81051
8025004024,nankot,,hamlet,,Pauri Garhwal,30.14229,78.75968
8024236891,nansu,,hamlet,,Pauri Garhwal,30.01448,78.79033
8024236888,naogaon,,hamlet,,Pauri Garhwal,30.00307,78.80592
8025004021,naogaon,,hamlet,,Pauri Garhwal,30.10936,78.81169
8025154140,naogaon,,hamlet,,Pauri Garhwal,30.14878,78.93720
8024930004,naogaon malla,,hamlet,,Pauri Garhwal,30.07308,78.83853
8025154127,naogaon talla,,hamlet,,Pauri Garhwal,30.06794,78.84276
8025131464,naokunde,,hamlet,,Pauri Garhwal,30.01101,78.86462
8062136210,naraya,,hamlet,,Pauri Garhwal,29.89911,78.88396
8061386146,nau malla,,hamlet,,Pauri Garhwal,29.95441,78.80021
8061386127,naugaon,,hamlet,,Pauri Garhwal,29.92716,78.79287
8061422598,naugaon,,hamlet,,Pauri Garhwal,29.96592,78.86381
8062232944,naugaon,,hamlet,,Pauri Garhwal,29.89529,78.93138
8062232940,naukholi,,hamlet,,Pauri Garhwal,29.88847,78.92593
8062127679,naula,,hamlet,,Pauri Garhwal,29.95363,78.89012
8061386157,naundena,,hamlet,,Pauri Garhwal,29.97409,78.80802
8025131460,nawa guddah,,hamlet,,Pauri Garhwal,30.01543,78.92537
8059733380,nawasigaon,,hamlet,,Pauri Garhwal,29.99486,78.77546
8061948869,nayeri,,hamlet,,Pauri Garhwal,29.81034,78.84952
8062251116,negyana,,hamlet,,Pauri Garhwal,29.87937,78.98496
8025003987,nihalgarh,,hamlet,,Pauri Garhwal,30.18472,78.80978
8025154162,nisini,,hamlet,,Pauri Garhwal,30.15079,78.89494
8025004043,nisni,,village,,Pauri Garhwal,30.10385,78.81259
8061581589,nunera,,hamlet,,Pauri Garhwal,29.81524,78.80711
8025253739,odali,,hamlet,,Pauri Garhwal,30.13971,78.95574
8061422616,odgaon,,hamlet,,Pauri Garhwal,29.94372,78.85141
8025019879,odila,,hamlet,,Pauri Garhwal,30.21069,78.83932
8025131481,paboli,,hamlet,,Pauri Garhwal,30.05364,78.86115
7486360019,padiyargaon,,hamlet,,Pauri Garhwal,29.77352,78.85620
8062136206,padyargaon,,hamlet,,Pauri Garhwal,29.91404,78.89267
8024216765,paiasu,,hamlet,,Pauri Garhwal,30.04573,78.78135
8024930020,paidul,,hamlet,,Pauri Garhwal,30.06620,78.78067
8059733346,paincheri,,hamlet,,Pauri Garhwal,29.93497,78.75028
8061581609,painolgaon,,hamlet,,Pauri Garhwal,29.76373,78.80447
8062232918,paisati galla,,hamlet,,Pauri Garhwal,29.82764,78.94875
8025253726,paithani,,village,,Pauri Garhwal,30.15016,78.98995
8059733356,pakhri,,hamlet,,Pauri Garhwal,29.95041,78.76643
8024236906,palai,,hamlet,,Pauri Garhwal,30.00200,78.76938
8061948867,palgaon,,hamlet,,Pauri Garhwal,29.80289,78.85122
8024236893,pali,,hamlet,,Pauri Garhwal,30.02819,78.78206
8025004038,pali,,hamlet,,Pauri Garhwal,30.10389,78.76539
8025154122,pali,,hamlet,,Pauri Garhwal,30.09214,78.88257
8061386119,pali,,hamlet,,Pauri Garhwal,29.91432,78.83070
8062136191,pali,,hamlet,,Pauri Garhwal,29.92513,78.87619
8062136269,pali,,hamlet,,Pauri Garhwal,29.75102,78.87963
8062232930,pali,,hamlet,,Pauri Garhwal,29.85001,78.95033
8025154154,paligaon,,hamlet,,Pauri Garhwal,30.12781,78.84881
8024236886,palli,,hamlet,,Pauri Garhwal,30.00885,78.79776
8024930001,palligaon,,hamlet,,Pauri Garhwal,30.07192,78.79995
8059733377,pamotha,,village,,Pauri Garhwal,29.97761,78.77719
8025131465,panchor,,hamlet,,Pauri Garhwal,30.01065,78.85452
8062251109,panchrad,,hamlet,,Pauri Garhwal,29.91324,78.99616
8062232941,pand,,hamlet,,Pauri Garhwal,29.89039,78.93054
8025109460,pandiana,,hamlet,,Pauri Garhwal,30.16885,78.93735
8025131478,pang,,village,,Pauri Garhwal,30.04361,78.86544
8025003998,paniali,,hamlet,,Pauri Garhwal,30.16909,78.80348
8061422599,panthar,,hamlet,,Pauri Garhwal,29.96968,78.87475
8061897488,parindi,,hamlet,,Pauri Garhwal,29.83268,78.81422
8062156783,parkandal,,hamlet,,Pauri Garhwal,29.75046,78.94997
8059733314,pasla,,hamlet,,Pauri Garhwal,29.87492,78.78697
8025154159,passena,,hamlet,,Pauri Garhwal,30.13669,78.90143
8061436655,pasta,,hamlet,,Pauri Garhwal,29.84090,78.77324
8024216773,patal,,hamlet,,Pauri Garhwal,30.03489,78.82900
8061386136,patal,,hamlet,,Pauri Garhwal,29.94326,78.81042
8062232925,pataliyun,,hamlet,,Pauri Garhwal,29.84120,78.91838
8061436629,patholgaon,,hamlet,,Pauri Garhwal,29.76143,78.77043
8062136228,patholgaon,,hamlet,,Pauri Garhwal,29.84107,78.87634
8061422605,pathoriya,,hamlet,,Pauri Garhwal,29.96313,78.84516
8059733376,patisain,,hamlet,,Pauri Garhwal,29.97977,78.78989
8061422589,patkot,,hamlet,,Pauri Garhwal,29.98811,78.86662
8062136266,patolia,,hamlet,,Pauri Garhwal,29.77461,78.90894
8062232906,patotia,,hamlet,,Pauri Garhwal,29.80594,78.95252
8025253751,phaldwari,,hamlet,,Pauri Garhwal,30.09494,78.96496
8025121994,pharasu,,hamlet,,Pauri Garhwal,30.24348,78.85023
8061422590,pil khara,,hamlet,,Pauri Garhwal,29.98927,78.85411
8025131461,pinani,,hamlet,,Pauri Garhwal,30.02459,78.92241
8061581611,pipalkora,,hamlet,,Pauri Garhwal,29.75985,78.79483
8025075790,pipalkoti,,hamlet,,Pauri Garhwal,30.19703,78.77072
8025131470,pipli,,hamlet,,Pauri Garhwal,30.01989,78.86433
8059733344,pipli,,hamlet,,Pauri Garhwal,29.93086,78.76794
8062251167,pipli,,hamlet,,Pauri Garhwal,29.75927,78.98546
8025253764,piroli,,hamlet,,Pauri Garhwal,30.06492,78.94028
8025253763,pitoli,,hamlet,,Pauri Garhwal,30.04757,78.95370
8062136203,pitrora,,hamlet,,Pauri Garhwal,29.91183,78.90804
8025131466,piyal,,hamlet,,Pauri Garhwal,30.02593,78.85291
8062232955,pokhradhar,,hamlet,,Pauri Garhwal,29.98553,78.92093
8025004001,pokhri,,hamlet,,Pauri Garhwal,30.15875,78.80888
8025091662,pokhri,,hamlet,,Pauri Garhwal,30.20606,78.88239
8025154152,pokhri,,hamlet,,Pauri Garhwal,30.11863,78.86967
8061386104,pokhri,,hamlet,,Pauri Garhwal,29.86551,78.81415
8025131476,pusoli,,hamlet,,Pauri Garhwal,30.03663,78.85470
8024929994,raidul,,hamlet,,Pauri Garhwal,30.09138,78.77066
8025004018,rain,,village,,Pauri Garhwal,30.13006,78.79015
8061386144,rainsmala,,hamlet,,Pauri Garhwal,29.96043,78.80261
8061386122,rainsoli,,hamlet,,Pauri Garhwal,29.92226,78.82600
8062136258,rainturi,,hamlet,,Pauri Garhwal,29.78464,78.89106
8025154161,rajkoti,,hamlet,,Pauri Garhwal,30.14368,78.89872
8025091666,rampur,,hamlet,,Pauri Garhwal,30.21773,78.86913
8062127663,ranowa,,village,,Pauri Garhwal,29.98178,78.88029
8061948862,ratwar,,hamlet,,Pauri Garhwal,29.79380,78.86248
8025154150,raultham,,hamlet,,Pauri Garhwal,30.11180,78.87233
8061948877,rautakholi,,hamlet,,Pauri Garhwal,29.82873,78.85119
8061422617,rawar,,hamlet,,Pauri Garhwal,29.92295,78.83289
8025004004,reori,,hamlet,,Pauri Garhwal,30.16357,78.78274
8025109465,retpur,,hamlet,,Pauri Garhwal,30.18785,78.86222
8062232891,rewa,,hamlet,,Pauri Garhwal,29.77581,78.92741
8024929997,richholi,,hamlet,,Pauri Garhwal,30.07776,78.76758
8061436627,rikhera malla,,hamlet,,Pauri Garhwal,29.75348,78.78699
8061422595,ringauri,,village,,Pauri Garhwal,29.98189,78.84051
8061436644,ringlan,,hamlet,,Pauri Garhwal,29.80617,78.76118
8059733373,ringwangaon,,hamlet,,Pauri Garhwal,29.98059,78.76013
8061948849,ripaloari,,hamlet,,Pauri Garhwal,29.76691,78.84873
8061386163,ripkhola,,hamlet,,Pauri Garhwal,29.98300,78.81497
8061422644,ritel,,hamlet,,Pauri Garhwal,29.90779,78.85540
8024929991,rithai,,hamlet,,Pauri Garhwal,30.08872,78.78890
8061386109,rithalkhal,,hamlet,,Pauri Garhwal,29.90478,78.82004
8024236901,ritholi,,hamlet,,Pauri Garhwal,30.01989,78.76603
8025253767,rotiah,,hamlet,,Pauri Garhwal,30.01238,78.97964
8062251160,sadankhil,,hamlet,,Pauri Garhwal,29.79466,78.96818
8061422585,sagdora,,hamlet,,Pauri Garhwal,29.99172,78.86306
8062251164,sagunda,,hamlet,,Pauri Garhwal,29.77315,78.99631
8025253750,sailangaon,,hamlet,,Pauri Garhwal,30.10758,78.96468
8062251120,sainghan,,hamlet,,Pauri Garhwal,29.86994,78.98526
8025253759,sainji,,village,,Pauri Garhwal,30.07006,78.96812
8061422637,saintoli gad,,hamlet,,Pauri Garhwal,29.89766,78.83476
8062136201,saj ka raura,,hamlet,,Pauri Garhwal,29.90463,78.91319
8025253742,sakhiana,,hamlet,,Pauri Garhwal,30.10404,78.94338
8061386164,sakinda,,hamlet,,Pauri Garhwal,29.97767,78.80839
8062232943,saknoli,,hamlet,,Pauri Garhwal,29.89382,78.92503
8059733352,salkot,,hamlet,,Pauri Garhwal,29.94348,78.77373
8025154136,salonia,,hamlet,,Pauri Garhwal,30.07962,78.92831
8061948843,sandandhar,,hamlet,,Pauri Garhwal,29.75330,78.83763
8062232958,sandhana,,hamlet,,Pauri Garhwal,29.99321,78.92385
8061581601,sandhandhar,,hamlet,,Pauri Garhwal,29.77714,78.80718
8061436642,sandna,,hamlet,,Pauri Garhwal,29.78978,78.78107
8024236903,sangra,,hamlet,,Pauri Garhwal,30.01398,78.75923
8025154133,sanion,,village,,Pauri Garhwal,30.06402,78.89754
8025253745,sankar,,hamlet,,Pauri Garhwal,30.11985,78.95179
8025019877,sankuli,,hamlet,,Pauri Garhwal,30.22919,78.84238
8025154155,saplori,,hamlet,,Pauri Garhwal,30.12846,78.85752
8025019880,sar,,hamlet,,Pauri Garhwal,30.21660,78.83371
8059733315,sara,,hamlet,,Pauri Garhwal,29.86897,78.77015
8062251158,saraikhet,,hamlet,,Pauri Garhwal,29.78382,78.97467
8059733368,sarasu,,hamlet,,Pauri Garhwal,29.96954,78.75740
8024930019,sarkiana,,hamlet,,Pauri Garhwal,30.05543,78.77899
8025019882,sarranu,,hamlet,,Pauri Garhwal,30.21183,78.81718
8025131475,sasaun,,hamlet,,Pauri Garhwal,30.03421,78.84654
8062232890,satkanya,,hamlet,,Pauri Garhwal,29.77478,78.93430
8061581599,satkariya,,hamlet,,Pauri Garhwal,29.78303,78.79927
8061386168,satpali,,hamlet,,Pauri Garhwal,29.99215,78.83205
8062232904,saudali,,hamlet,,Pauri Garhwal,29.79442,78.94464
8062136244,sauli malli,,hamlet,,Pauri Garhwal,29.80097,78.90641
8062136246,sauli talli,,hamlet,,Pauri Garhwal,29.80326,78.90012
8059733372,saundal,,hamlet,,Pauri Garhwal,29.98507,78.75043
8062127681,saundal,,hamlet,,Pauri Garhwal,29.94344,78.88679
8062251150,saunlad,,hamlet,,Pauri Garhwal,29.81248,78.99560
8062251166,shimtanda,,hamlet,,Pauri Garhwal,29.76065,78.97646
8025131459,shinwala,,hamlet,,Pauri Garhwal,30.03915,78.91619
8062127671,shrikot,,hamlet,,Pauri Garhwal,29.94432,78.90971
8062136245,sikh khal,,hamlet,,Pauri Garhwal,29.80073,78.89460
8024930003,siku,,hamlet,,Pauri Garhwal,30.08066,78.83826
8061386110,sila,,hamlet,,Pauri Garhwal,29.90210,78.79322
8025091671,silakhetu,,hamlet,,Pauri Garhwal,30.21550,78.90186
8062136188,silat,,hamlet,,Pauri Garhwal,29.93225,78.90098
8062136260,silberi,,hamlet,,Pauri Garhwal,29.77730,78.88958
8024930024,silet,,hamlet,,Pauri Garhwal,30.05058,78.76974
8061436630,silwar,,hamlet,,Pauri Garhwal,29.75327,78.75880
8062136239,simadhar,,hamlet,,Pauri Garhwal,29.81244,78.89447
8061948847,simaldhar,,hamlet,,Pauri Garhwal,29.75870,78.86040
8061386132,simalgaon,,hamlet,,Pauri Garhwal,29.92874,78.82939
8061948842,simalsain,,hamlet,,Pauri Garhwal,29.75801,78.87383
8061386141,simar,,hamlet,,Pauri Garhwal,29.96646,78.83323
8061422650,simi,,hamlet,,Pauri Garhwal,29.90145,78.87097
8025154142,similt,,hamlet,,Pauri Garhwal,30.12475,78.92788
8025154118,simket,,hamlet,,Pauri Garhwal,30.10274,78.88596
8062232919,simri,,hamlet,,Pauri Garhwal,29.82765,78.94451
8024930012,simtoli,,hamlet,,Pauri Garhwal,30.05335,78.81763
8061581594,sinala,,hamlet,,Pauri Garhwal,29.79609,78.82791
8061422613,sioli,,hamlet,,Pauri Garhwal,29.95064,78.84772
8024981480,sirali,,hamlet,,Pauri Garhwal,30.17404,78.74846
8024930006,sirikot,,hamlet,,Pauri Garhwal,30.07533,78.82178
8024929987,sirkil,,hamlet,,Pauri Garhwal,30.09383,78.84006
8024981474,sirkot,,hamlet,,Pauri Garhwal,30.18618,78.78383
8025004011,sirkot,,hamlet,,Pauri Garhwal,30.14706,78.80618
8061422651,sirsora,,hamlet,,Pauri Garhwal,29.89816,78.86821
8062136257,sirwana,,hamlet,,Pauri Garhwal,29.78727,78.87748
8062136198,siryadhar,,hamlet,,Pauri Garhwal,29.91661,78.89250
8061948844,sondi,,hamlet,,Pauri Garhwal,29.75455,78.85382
8025109455,sukar,,hamlet,,Pauri Garhwal,30.15917,78.87870
8024236907,sula,,hamlet,,Pauri Garhwal,30.00806,78.75423
8025075798,sumari,,hamlet,,Pauri Garhwal,30.20184,78.81394
8059733366,sunalgaon,,hamlet,,Pauri Garhwal,29.96401,78.75148
8062136220,sundarkhal,,hamlet,,Pauri Garhwal,29.87740,78.91593
8062136259,sundroli,,hamlet,,Pauri Garhwal,29.78984,78.89849
8061422606,sunna,,hamlet,,Pauri Garhwal,29.96085,78.83922
8025091661,suralgaon,,hamlet,,Pauri Garhwal,30.20740,78.86686
8062127661,surena,,hamlet,,Pauri Garhwal,29.97440,78.88166
8061386165,tachwar,,hamlet,,Pauri Garhwal,29.98336,78.79808
8062251143,taili pakholi,,hamlet,,Pauri Garhwal,29.83387,78.99101
8062251152,tailna,,hamlet,,Pauri Garhwal,29.81211,78.96106
8062232957,tairam,,hamlet,,Pauri Garhwal,29.99573,78.92428
8025091664,takoli,,hamlet,,Pauri Garhwal,30.21252,78.86888
8062232909,takoli,,hamlet,,Pauri Garhwal,29.80444,78.94644
8025154120,tal,,hamlet,,Pauri Garhwal,30.07927,78.89256
8062251128,talain,,hamlet,,Pauri Garhwal,29.85218,78.96861
8061948870,taleri,,hamlet,,Pauri Garhwal,29.81674,78.87298
8062251170,talkandai,,hamlet,,Pauri Garhwal,29.75139,78.98427
8062251149,talla chaur,,hamlet,,Pauri Garhwal,29.81888,78.99039
8062232896,tandon,,hamlet,,Pauri Garhwal,29.79190,78.93707
8024930023,tangroli,,hamlet,,Pauri Garhwal,30.06269,78.75487
8061422659,tasila malla,,hamlet,,Pauri Garhwal,29.86059,78.83759
8025253762,tattu,,hamlet,,Pauri Garhwal,30.05063,78.94966
8062232913,tejugaon,,hamlet,,Pauri Garhwal,29.81751,78.92546
8024236898,thair,,hamlet,,Pauri Garhwal,30.03301,78.75940
8061422627,thajula,,hamlet,,Pauri Garhwal,29.91788,78.86134
8059733323,thalda,,hamlet,,Pauri Garhwal,29.88266,78.75880
8025004029,thalli,,hamlet,,Pauri Garhwal,30.14207,78.79092
8025109454,than,,hamlet,,Pauri Garhwal,30.15522,78.86851
8062251111,thanga malla,,hamlet,,Pauri Garhwal,29.90215,78.99965
8025131474,thapala,,hamlet,,Pauri Garhwal,30.02944,78.86325
8062251115,thapaldhar,,hamlet,,Pauri Garhwal,29.87686,78.99013
8024216767,thapil,,hamlet,,Pauri Garhwal,30.02968,78.79708
8025003993,thapla,,hamlet,,Pauri Garhwal,30.17201,78.83433
8062251148,thapla,,hamlet,,Pauri Garhwal,29.82199,78.99606
8062232931,thapla malla,,hamlet,,Pauri Garhwal,29.85307,78.95841
8062251129,thapla talla,,hamlet,,Pauri Garhwal,29.84824,78.96177
8025131482,thapli,,hamlet,,Pauri Garhwal,30.04800,78.86609
8061386160,thapli,,hamlet,,Pauri Garhwal,29.97170,78.79716
8025004026,thaplialgaon,,hamlet,,Pauri Garhwal,30.13681,78.76333
8061386148,thaplu,,hamlet,,Pauri Garhwal,29.96139,78.79118
8025131456,timalkhal,,hamlet,,Pauri Garhwal,30.03341,78.89561
342112226,timli,,hamlet,,Pauri Garhwal,29.85103,78.92918
8024930005,timli,,hamlet,,Pauri Garhwal,30.07336,78.83139
8025154138,timlik,,hamlet,,Pauri Garhwal,30.10331,78.91232
8024929990,tiuthia,,hamlet,,Pauri Garhwal,30.08922,78.79356
7889219709,tola,,hamlet,,Pauri Garhwal,30.01058,78.33909
8024216768,toli,,hamlet,,Pauri Garhwal,30.02790,78.81111
8059733313,toli,,hamlet,,Pauri Garhwal,29.87594,78.79164
8061386116,toli,,hamlet,,Pauri Garhwal,29.90329,78.83126
8061581604,tumlakholi,,hamlet,,Pauri Garhwal,29.77291,78.80856
8024930021,tundera,,hamlet,,Pauri Garhwal,30.06960,78.76187
8061422622,tupriya,,hamlet,,Pauri Garhwal,29.92900,78.83725
8059733355,turkhundiyalkhol,,hamlet,,Pauri Garhwal,29.94999,78.77082
8062136193,ubot,,hamlet,,Pauri Garhwal,29.92602,78.89720
8061386137,uchkot,,hamlet,,Pauri Garhwal,29.94806,78.81150
8061386100,uda,,hamlet,,Pauri Garhwal,29.85310,78.80880
8024216774,udalt,,hamlet,,Pauri Garhwal,30.02678,78.82847
8025253744,udgad,,hamlet,,Pauri Garhwal,30.11792,78.94127
8025004017,ujjari,,hamlet,,Pauri Garhwal,30.14196,78.74967
8025253729,ukakhel,,hamlet,,Pauri Garhwal,30.15864,78.95249
8025131457,ukala,,hamlet,,Pauri Garhwal,30.03577,78.88574
8025154163,uli,,hamlet,,Pauri Garhwal,30.15290,78.86377
8025253755,unalkha,,hamlet,,Pauri Garhwal,30.06540,78.95827
8061948871,uneri,,hamlet,,Pauri Garhwal,29.81656,78.84467
8024981473,uni,,hamlet,,Pauri Garhwal,30.18848,78.76393
8061581595,unjwi,,hamlet,,Pauri Garhwal,29.78349,78.82672
8024930002,uregi,,village,,Pauri Garhwal,30.08523,78.81373
8059733367,urmoia,,hamlet,,Pauri Garhwal,29.97404,78.74986
8062136256,uua,,hamlet,,Pauri Garhwal,29.78777,78.88927
8062136249,walsa malla,,hamlet,,Pauri Garhwal,29.80036,78.88025
8062136251,walsa talla,,hamlet,,Pauri Garhwal,29.79714,78.88211
8061422639,war,,hamlet,,Pauri Garhwal,29.91486,78.84527
8024216775,wilarah,,hamlet,,Pauri Garhwal,30.02303,78.82158
7913249847,Adhauli,,hamlet,,Pithoragarh,29.84073,80.13188
11251236065,Airari,,hamlet,,Pithoragarh,29.84676,80.00847
7905635444,Airgarh,,hamlet,,Pithoragarh,29.74701,79.90153
342103941,Ajara,,village,,Pithoragarh,29.74686,80.25650
7832937069,Akala,,hamlet,,Pithoragarh,30.04596,80.32517
7832941395,Alam,,hamlet,,Pithoragarh,30.00639,80.31315
7912857979,Almiya,,hamlet,,Pithoragarh,29.82503,80.15459
7912857980,Almiya,,hamlet,,Pithoragarh,29.82494,80.15165
7861234979,Amdhar,,hamlet,,Pithoragarh,29.87993,80.16631
7912928508,Amtar,,hamlet,,Pithoragarh,29.81009,80.13202
7913249836,Amthal,,hamlet,,Pithoragarh,29.84979,80.13452
342103803,Ancholi,,village,,Pithoragarh,29.56696,80.20981
7886299790,Anerigad,,hamlet,,Pithoragarh,29.89603,80.10768
7895966461,Ankot,,hamlet,,Pithoragarh,29.78964,80.24340
7832868421,Arkhet,,hamlet,,Pithoragarh,30.01212,80.12404
342103013,Arkini,,village,,Pithoragarh,29.53262,80.31143
7913249825,Aseli,,hamlet,,Pithoragarh,29.85868,80.15661
342104012,Askot,,village,,Pithoragarh,29.76459,80.33460
7896497485,Atakwali,,hamlet,,Pithoragarh,29.81406,80.19577
7913249863,Athkhet,,hamlet,,Pithoragarh,29.83469,80.14962
342103152,Bachkot,,village,,Pithoragarh,29.68918,80.36774
7912820836,Bachkuri,,hamlet,,Pithoragarh,29.78661,80.15473
342102994,Badari,,village,,Pithoragarh,29.54361,80.29770
7894029942,Bagar,,hamlet,,Pithoragarh,29.73424,79.96338
7895557855,Bagjiwala,,hamlet,,Pithoragarh,29.83708,80.21044
342103062,Bagour,,village,,Pithoragarh,29.63562,80.32517
7905633431,Bagpira,,hamlet,,Pithoragarh,29.73922,79.88108
342103203,Bagrigaon,,village,,Pithoragarh,29.68506,80.38147
342103534,Bagrihat,,village,,Pithoragarh,29.74274,80.36225
11251225001,Bairigon,,hamlet,,Pithoragarh,29.83773,80.07926
8249848152,Bajani,,village,,Pithoragarh,29.74225,80.23766
8032865200,Bajar,,hamlet,,Pithoragarh,29.78527,79.91869
7861234958,Bajeli,,hamlet,,Pithoragarh,29.94316,80.17185
7849338899,Bajerta,,hamlet,,Pithoragarh,29.94993,80.23376
7894029939,Bajur,,hamlet,,Pithoragarh,29.69994,79.97613
7858583124,Bakuna,,hamlet,,Pithoragarh,29.89762,80.20836
7861234983,Baldiyalori,,hamlet,,Pithoragarh,29.87387,80.17855
7895557827,Balgari,,hamlet,,Pithoragarh,29.79771,80.23706
7913249822,Balgod,,hamlet,,Pithoragarh,29.86586,80.15522
2386907491,Baling,,hamlet,,Pithoragarh,30.20923,80.54799
342102138,Balla,,village,,Pithoragarh,30.03250,80.14939
342103555,Balmara,,village,,Pithoragarh,29.79767,80.35813
7895966440,Balraj,,hamlet,,Pithoragarh,29.75086,80.23128
7861234970,Balsabagar,,hamlet,,Pithoragarh,29.90743,80.17857
7894029944,Balsari,,hamlet,,Pithoragarh,29.74948,79.96443
7912928493,Baltir,,hamlet,,Pithoragarh,29.82107,80.14453
342103510,Balwakot,,hamlet,,Pithoragarh,29.80042,80.42954
7863701572,Balyu,,hamlet,,Pithoragarh,29.87721,80.13745
7861253385,Bamangaon,,hamlet,,Pithoragarh,29.88829,80.23419
7863976081,Bamangaon,,hamlet,,Pithoragarh,29.99558,80.14598
7861234963,Bamangaon Khalsa,,hamlet,,Pithoragarh,29.92756,80.20379
11251158109,Bamret,,hamlet,,Pithoragarh,29.83622,80.08951
342103268,Bandarlima,,village,,Pithoragarh,29.72351,80.27848
342104035,Bangapani,,village,,Pithoragarh,29.95834,80.30457
342103853,Bans,,village,,Pithoragarh,29.61090,80.14115
7908427558,Bans,,hamlet,,Pithoragarh,29.87580,80.17005
8033041156,Bans,,hamlet,400,Pithoragarh,29.75626,79.99597
342103316,BansBAGAR,,village,,Pithoragarh,29.92813,80.23316
7853373027,Bara,,hamlet,,Pithoragarh,29.93034,80.25459
342103823,Barabe,,village,,Pithoragarh,29.51202,80.23728
342103586,Baram,,village,,Pithoragarh,29.85260,80.35401
7912820844,Baram,,hamlet,,Pithoragarh,29.78327,80.15611
7912928487,Barer,,hamlet,,Pithoragarh,29.82505,80.12709
7896181004,Baret,,hamlet,,Pithoragarh,29.77795,80.17272
7896181015,Baret,,hamlet,,Pithoragarh,29.77640,80.17655
7895557828,Barla,,hamlet,,Pithoragarh,29.79740,80.24287
7895557830,Barla,,hamlet,,Pithoragarh,29.79903,80.24518
7832951670,Barniyagaon,,hamlet,,Pithoragarh,30.07829,80.25364
7908427569,Barsayat,,hamlet,,Pithoragarh,29.84291,80.17367
2390949170,Bartoli,,hamlet,,Pithoragarh,29.92889,80.16373
7864010008,Bartoli,,hamlet,,Pithoragarh,29.93326,80.16686
7861234954,Basani,,hamlet,,Pithoragarh,29.94457,80.16939
7832944861,Basankot,,hamlet,,Pithoragarh,30.08726,80.28010
7886209567,Basantnagar,,hamlet,,Pithoragarh,29.95960,80.11143
7908427562,Basaur,,hamlet,,Pithoragarh,29.84997,80.16851
7886474034,Baset,,hamlet,,Pithoragarh,29.87328,80.04558
7895557858,Bastari,,hamlet,,Pithoragarh,29.84522,80.21167
7832937072,Bata,,hamlet,,Pithoragarh,30.03056,80.32140
7832854502,Batgaon,,hamlet,,Pithoragarh,30.13776,80.23351
7861234966,Bathi,,hamlet,,Pithoragarh,29.91756,80.17939
7895557835,Bathi,,hamlet,,Pithoragarh,29.80746,80.21969
11251236066,Batrauli,,hamlet,,Pithoragarh,29.83091,80.10840
6520259517,Bauling,,hamlet,,Pithoragarh,30.08666,80.61958
5392621800,Baun,,hamlet,,Pithoragarh,30.24343,80.55700
7886474036,Baungad,,hamlet,,Pithoragarh,29.86739,80.04763
7912820856,Belkhet,,hamlet,,Pithoragarh,29.77754,80.12676
342102108,Berināg,बेरीनाग,town,,Pithoragarh,29.77662,80.05313
2523101177,Berura,,hamlet,,Pithoragarh,29.68271,79.99278
342104367,Bhadeli,,village,,Pithoragarh,30.07645,80.27848
7894029940,Bhainsata,,hamlet,,Pithoragarh,29.70421,79.97525
7886209569,Bhainsiyabagar,,hamlet,,Pithoragarh,29.99214,80.07949
7886474038,Bhainsket,,hamlet,,Pithoragarh,29.86435,80.06289
7864010009,Bhainskhal,,hamlet,,Pithoragarh,29.92567,80.15316
7861234959,Bhainskot Malla,,hamlet,,Pithoragarh,29.94170,80.18447
7853373023,Bhainskot Talla,,hamlet,,Pithoragarh,29.92328,80.21389
7896497492,Bhainsuri,,hamlet,,Pithoragarh,29.79983,80.17512
7905571828,Bhaiyota,,hamlet,,Pithoragarh,29.69663,79.92940
7912820829,Bhakuna,,hamlet,,Pithoragarh,29.79220,80.14435
7913249833,Bhanarkot,,hamlet,,Pithoragarh,29.84835,80.15037
342101804,Bhandarigaon,,village,,Pithoragarh,29.63744,80.07173
7894074277,Bhangrakhet,,hamlet,,Pithoragarh,29.65984,79.99695
7895557823,Bhanra,,village,,Pithoragarh,29.79089,80.23166
7908457109,Bhantar,,hamlet,,Pithoragarh,29.82549,80.16701
342102933,Bharalu,,village,,Pithoragarh,29.56970,80.30457
7896497486,Bhargaon,,hamlet,,Pithoragarh,29.80998,80.19252
7905529945,Bhatgara,,hamlet,,Pithoragarh,29.73109,79.91921
10979021566,Bhatigaon,,hamlet,,Pithoragarh,29.84902,80.11586
11251235670,Bhatina,,hamlet,,Pithoragarh,29.83700,80.02152
7832944862,Bhatkuda,,hamlet,,Pithoragarh,30.08314,80.29320
7912820866,Bhes,,hamlet,,Pithoragarh,29.76635,80.13334
7912820867,Bhes,,hamlet,,Pithoragarh,29.76667,80.13619
7912820868,Bhes,,hamlet,,Pithoragarh,29.76565,80.13818
7846551543,Bhola Vimla,,hamlet,,Pithoragarh,29.99441,80.24284
10979040418,Bhuldhara,,hamlet,,Pithoragarh,29.83690,80.10966
7896493279,Bhulgaon,,hamlet,,Pithoragarh,29.81862,80.17739
342103324,Bhungti,,village,,Pithoragarh,30.02838,80.71656
7913249840,Bhuraula,,hamlet,,Pithoragarh,29.84864,80.13190
7832868433,Bhurting,,hamlet,,Pithoragarh,30.03944,80.15464
7908457102,Bijari,,hamlet,,Pithoragarh,29.83960,80.17011
7896497491,Bijkot,,hamlet,,Pithoragarh,29.80404,80.17751
12012294915,Bilju,,hamlet,,Pithoragarh,30.39494,80.16591
7853373026,Bilposh,,hamlet,,Pithoragarh,29.92331,80.24491
2519238048,Birauli,,hamlet,,Pithoragarh,29.71788,79.99149
342103306,Birjabaar,,village,,Pithoragarh,29.91852,80.21530
342104419,Birthi,,village,,Pithoragarh,30.03803,80.16116
342101756,Bisa Bajed,,village,,Pithoragarh,29.63013,80.23590
7894029936,Bokati,,hamlet,,Pithoragarh,29.69360,79.99752
7852514540,Bolgaon,,hamlet,,Pithoragarh,29.93725,80.22761
2375578017,Bona,,hamlet,,Pithoragarh,30.05907,80.37316
7895966450,Bora Bunga,,hamlet,,Pithoragarh,29.76755,80.21265
7864010001,Boragaon,,hamlet,,Pithoragarh,29.93972,80.15915
6520229050,Bothi,,hamlet,,Pithoragarh,30.08227,80.29902
7912820841,Botyuli,,hamlet,,Pithoragarh,29.78081,80.14696
7832937083,Buda,,hamlet,,Pithoragarh,30.07677,80.37769
1130828528,Budhi,,hamlet,,Pithoragarh,30.10216,80.82789
7690199370,Bugdiar,,hamlet,,Pithoragarh,30.21491,80.22262
2375578018,Buin,,village,,Pithoragarh,30.15113,80.25770
342103238,Bungachhina,,village,,Pithoragarh,29.69879,80.19470
12012294914,Burphu,,hamlet,,Pithoragarh,30.36665,80.18423
11251156932,Bursim,,hamlet,,Pithoragarh,29.81779,80.06312
7894029927,Busail,,hamlet,,Pithoragarh,29.67150,79.95953
7832868418,Chachna,,hamlet,,Pithoragarh,30.01952,80.14237
6520193506,Chal,,hamlet,,Pithoragarh,30.17812,80.58130
7912928501,Chalmori,,hamlet,,Pithoragarh,29.80876,80.13949
7912928502,Chalmori,,hamlet,,Pithoragarh,29.80549,80.13807
7912928503,Chalmori,,hamlet,,Pithoragarh,29.80613,80.14481
7861253389,Chama,,hamlet,,Pithoragarh,29.88603,80.23955
7908457090,Chamali,,hamlet,,Pithoragarh,29.84808,80.20002
342104433,Chami,,village,,Pithoragarh,29.87595,80.32929
7861234961,Chami,,hamlet,,Pithoragarh,29.93522,80.17953
7913249841,Chami,,hamlet,,Pithoragarh,29.84699,80.14438
7832941397,Chamle,,hamlet,,Pithoragarh,30.03267,80.27535
7912820826,Chamoi,,hamlet,,Pithoragarh,29.79440,80.12796
7832937068,Chamrari,,hamlet,,Pithoragarh,30.04474,80.30857
7904958181,Chamtola,,hamlet,,Pithoragarh,29.74733,79.92148
8249848161,Chamun,,hamlet,,Pithoragarh,29.71593,80.17674
342103874,Chandak,,village,,Pithoragarh,29.60404,80.19470
7861273557,Chandapani,,hamlet,,Pithoragarh,29.98540,80.19772
7861273558,Chandapani,,hamlet,,Pithoragarh,29.98828,80.19256
10979040417,Chanethi,,hamlet,,Pithoragarh,29.86048,80.07970
7895557863,Chaniyalgaon,,hamlet,,Pithoragarh,29.84604,80.22830
7913249858,Chankot,,hamlet,,Pithoragarh,29.83722,80.15798
7893946824,Chapar,,hamlet,,Pithoragarh,29.73447,79.96910
342103948,Charma,,village,,Pithoragarh,29.75235,80.26886
342102040,Chaukori,,village,,Pithoragarh,29.83863,80.03149
11251225002,Chaukori,,village,,Pithoragarh,29.83805,80.03150
2518512775,Chaun,,hamlet,,Pithoragarh,29.72585,79.99750
7832944858,Chauna,,hamlet,,Pithoragarh,30.06318,80.27886
10979027503,Chaunsala,,hamlet,,Pithoragarh,29.85938,80.09037
7893946831,Chaur,,hamlet,,Pithoragarh,29.74607,79.98431
7861234967,Chaura,,hamlet,,Pithoragarh,29.91570,80.17969
7904958364,Chaurna,,hamlet,,Pithoragarh,29.70819,79.94345
7896181014,Chauwati,,village,,Pithoragarh,29.77766,80.18463
342103893,Chera,,village,,Pithoragarh,29.62601,80.19333
7896497498,Chhalauri,,hamlet,,Pithoragarh,29.79204,80.18699
7895966433,Chhana,,hamlet,,Pithoragarh,29.75766,80.24507
7895557837,Chhanpatta,,hamlet,,Pithoragarh,29.80915,80.24029
342103118,Chharandeo,,village,,Pithoragarh,29.67545,80.32105
342103421,Chhirkala,,village,,Pithoragarh,29.98032,80.56549
10131748281,Chhiyalekh,,hamlet,,Pithoragarh,30.12006,80.83845
342104314,Chhoribagar,,village,,Pithoragarh,29.94598,80.30182
7863701567,Chilkiya,,hamlet,,Pithoragarh,29.89740,80.14589
11251235672,Chiphuran,,hamlet,,Pithoragarh,29.83149,80.02567
7895966458,Chirkatiya,,hamlet,,Pithoragarh,29.78490,80.23761
342103831,Chonala,,village,,Pithoragarh,29.59580,80.08347
7912820875,Chopra,,hamlet,,Pithoragarh,29.78082,80.13861
6520234847,Chulkot,,hamlet,,Pithoragarh,30.08311,80.30430
7895557866,Chuprakhet,,hamlet,,Pithoragarh,29.83891,80.23741
7864010022,Chuyurakhet,,hamlet,,Pithoragarh,29.89336,80.13421
7886474037,Dadal,,hamlet,,Pithoragarh,29.87342,80.06019
7849338896,Dakhim,,hamlet,,Pithoragarh,29.95672,80.25586
7912820818,Dangigaon,,hamlet,,Pithoragarh,29.79831,80.11940
7912820822,Dangigaon,,hamlet,,Pithoragarh,29.79926,80.12751
7886474030,Dantola,,hamlet,,Pithoragarh,29.88096,80.05301
6520225624,Dar,,hamlet,,Pithoragarh,30.06922,80.60295
342103278,Darkot,,village,,Pithoragarh,30.09842,80.24826
7832937066,Darma,,hamlet,,Pithoragarh,30.05051,80.31055
7913249837,Darmoli,,hamlet,,Pithoragarh,29.84834,80.12452
342102324,Dasaital,,village,,Pithoragarh,29.67545,80.03678
7886474028,Dasuali,,village,,Pithoragarh,29.89161,80.05119
6520244448,Dathan,,hamlet,,Pithoragarh,30.06061,80.56838
5392623337,Datu,,hamlet,,Pithoragarh,30.25343,80.54234
7908457104,Dauli,,hamlet,,Pithoragarh,29.83634,80.16899
7895557864,Daunta,,hamlet,,Pithoragarh,29.84344,80.22300
7895557865,Daunta,,hamlet,,Pithoragarh,29.84382,80.22587
7894074278,Deorala,,hamlet,,Pithoragarh,29.65634,79.98197
342107106,Deorari Bend,,village,,Pithoragarh,29.73312,79.93241
7832937067,Devilagar,,hamlet,,Pithoragarh,30.05115,80.30194
342102100,Devinagar,,village,,Pithoragarh,29.79630,80.03952
7912928496,Devkhali,,hamlet,,Pithoragarh,29.81788,80.15880
7886209566,Devkuna,,village,,Pithoragarh,29.96660,80.10454
7889767110,Devkuna,,village,,Pithoragarh,29.96912,80.10101
7913249861,Devll,,hamlet,,Pithoragarh,29.83637,80.15455
7893946833,Devtari,,hamlet,,Pithoragarh,29.73346,79.98994
342101786,Dewal Thal,,village,,Pithoragarh,29.69137,80.21022
7895966437,Dhakali,,hamlet,,Pithoragarh,29.75452,80.24378
7896180996,Dhalkara,,hamlet,,Pithoragarh,29.79127,80.16932
7896181020,Dhalpata,,hamlet,,Pithoragarh,29.76951,80.20360
7908488198,Dhamrauli,,hamlet,,Pithoragarh,29.75324,80.15456
8032865198,Dhanolasera,,hamlet,,Pithoragarh,29.79138,79.90108
7912820838,Dhanpali,,hamlet,,Pithoragarh,29.78384,80.15359
11251215171,Dhantoli,,hamlet,,Pithoragarh,29.82117,80.04301
2386907438,Dhapa,,hamlet,,Pithoragarh,30.11519,80.23982
7904986486,Dhapna,,hamlet,,Pithoragarh,29.71494,79.94231
7894074269,Dharari,,hamlet,,Pithoragarh,29.63489,79.99388
7912820874,Dhartoli,,hamlet,,Pithoragarh,29.77924,80.13742
7853373019,Dhaukhani,,hamlet,,Pithoragarh,29.92138,80.22858
11251225814,Dhauli,,hamlet,,Pithoragarh,29.83218,80.03477
7912928499,Dhingtar,,hamlet,,Pithoragarh,29.81230,80.15326
7905529947,Dhungadhar,,hamlet,,Pithoragarh,29.74131,79.91867
2376477120,Dhāmigaon,,hamlet,,Pithoragarh,29.93326,80.27842
342103478,Dhārchula,धारचूला,town,,Pithoragarh,29.84911,80.54147
342101301,Didihat,डीडीहाट,town,6500,Pithoragarh,29.80179,80.25238
7912820878,Digauti,,hamlet,,Pithoragarh,29.77282,80.13482
7846551541,Diktar,,hamlet,,Pithoragarh,29.99369,80.23654
342103883,Diktoli,,village,,Pithoragarh,29.63150,80.15488
6520208830,Dilam,,hamlet,,Pithoragarh,30.11390,80.26645
7895557826,Diyurigaon,,hamlet,,Pithoragarh,29.79808,80.23181
342103457,Dobat,,village,,Pithoragarh,29.87732,80.56275
7861273556,Dobra,,hamlet,,Pithoragarh,29.98094,80.20321
11251215170,Dol,,hamlet,,Pithoragarh,29.83465,80.03873
7832937064,Dolma,,hamlet,,Pithoragarh,30.06234,80.31862
8324627403,Doora,,hamlet,,Pithoragarh,30.14362,80.22992
7886474027,Dounu,,hamlet,,Pithoragarh,29.88879,80.06263
7905048286,Dubaura,,hamlet,,Pithoragarh,29.72471,79.93107
7894029937,Dubriya,,village,,Pithoragarh,29.69357,79.96066
7853373016,Dudhghar,,hamlet,,Pithoragarh,29.93729,80.20674
7894029934,Dugai Agar,,hamlet,,Pithoragarh,29.67795,79.99270
6520230505,Dugdangdhar,,hamlet,,Pithoragarh,30.09917,80.28471
7895557846,Dugeti,,hamlet,,Pithoragarh,29.83012,80.23051
7895557850,Dugeti,,hamlet,,Pithoragarh,29.82776,80.22607
2390571148,Dukula,,hamlet,,Pithoragarh,29.99690,80.22135
7858583127,Duliya,,hamlet,,Pithoragarh,29.91477,80.21510
7832951660,Dumigang,,hamlet,,Pithoragarh,30.16291,80.25994
7832951677,Duna,,hamlet,,Pithoragarh,30.02393,80.30829
7832868426,Dungari,,hamlet,,Pithoragarh,30.02276,80.12009
7852514542,Dungri,,hamlet,,Pithoragarh,29.96894,80.21890
7912857978,Dungri,,hamlet,,Pithoragarh,29.82892,80.15224
342102331,Duni,,village,,Pithoragarh,29.57657,80.06562
7913249862,Duphil,,hamlet,,Pithoragarh,29.83378,80.14606
7905622804,Dupkuri,,hamlet,,Pithoragarh,29.72705,79.89189
7895966432,Durlekh,,hamlet,,Pithoragarh,29.75787,80.23823
342103213,Dwalisera,,village,,Pithoragarh,29.70017,80.37735
342104437,Dyolekh,,village,,Pithoragarh,29.88281,80.32242
7832854495,Dyorukh,,hamlet,,Pithoragarh,30.01041,80.24135
11251220986,Dyoti,,hamlet,,Pithoragarh,29.86204,80.01593
5392623335,Dākar,,hamlet,,Pithoragarh,30.27559,80.52877
342103441,Ela Gad,,village,,Pithoragarh,29.92127,80.57099
342104347,Faguabagar,,village,,Pithoragarh,30.03800,80.31281
7912820882,Gadera,,hamlet,,Pithoragarh,29.77026,80.14923
7913249844,Gadera,,hamlet,,Pithoragarh,29.84235,80.13571
7832937063,Gaila,,hamlet,,Pithoragarh,30.07717,80.32522
7896181038,Gairar,,hamlet,,Pithoragarh,29.76150,80.18291
7832944866,Galdip,,hamlet,,Pithoragarh,30.08099,80.31276
7893946823,Galtapani,,hamlet,,Pithoragarh,29.73038,79.96787
342107097,Ganai,,hamlet,,Pithoragarh,29.72483,79.93873
7832941398,Gandhinagar,,hamlet,,Pithoragarh,30.02870,80.27639
7912820858,Gangaura,,hamlet,,Pithoragarh,29.77406,80.12847
12012294916,Ganghar,,hamlet,,Pithoragarh,30.39959,80.15434
342101342,Gangolihāt,गंगोलीहाट,town,,Pithoragarh,29.65729,80.03998
991963091,Garbyāng,,village,,Pithoragarh,30.12514,80.85753
342103288,Garghaniya,गरघनिया,village,,Pithoragarh,30.09018,80.24140
7912928488,Garjiya,,hamlet,,Pithoragarh,29.82214,80.13419
342102090,Gaucher,,village,,Pithoragarh,29.83749,80.14664
7861234965,Gauera,,hamlet,,Pithoragarh,29.91722,80.17456
7832868427,Gaula,,hamlet,,Pithoragarh,30.03892,80.08613
8249848124,Ghanela,,hamlet,,Pithoragarh,29.68936,80.03377
7913249865,Ghangalgaon,,hamlet,,Pithoragarh,29.83460,80.15158
342103370,Ghasku,,village,,Pithoragarh,29.97050,80.68561
2390952096,Ghat Goan,,hamlet,,Pithoragarh,29.99103,80.23724
342103577,GhatTABAGAR,,village,,Pithoragarh,29.82887,80.36761
7913249831,Ghatigad,,hamlet,,Pithoragarh,29.84874,80.16011
5294973749,Gher,,hamlet,,Pithoragarh,29.70971,79.96016
7895557851,Ghimali,,hamlet,,Pithoragarh,29.83041,80.22316
7895557852,Ghimali,,hamlet,,Pithoragarh,29.83255,80.21994
7905048285,Ghorasil,,hamlet,,Pithoragarh,29.74484,79.94903
7861234964,Ghorgari,,hamlet,,Pithoragarh,29.92070,80.16720
7912820873,Ghosar,,hamlet,,Pithoragarh,29.77739,80.14152
7894074266,Ghughtiya,,hamlet,,Pithoragarh,29.62117,79.98883
7832937077,Gikhu,,hamlet,,Pithoragarh,30.05339,80.34987
7832868415,Gini,,village,,Pithoragarh,30.02226,80.16695
342104407,Girgaon,,hamlet,,Pithoragarh,30.03113,80.16861
5392623336,Go,,hamlet,,Pithoragarh,30.26049,80.54059
7905048289,Godigad,,hamlet,,Pithoragarh,29.71871,79.94558
2390948800,Gokuladhura,,hamlet,,Pithoragarh,29.92051,80.20139
7912857983,Gol Malli,,hamlet,,Pithoragarh,29.83189,80.13083
7912857982,Gol Talli,,hamlet,,Pithoragarh,29.83270,80.13979
7912820849,Golagoan,,hamlet,,Pithoragarh,29.78693,80.13016
7912820851,Golagoan,,hamlet,,Pithoragarh,29.78897,80.12210
7832944857,Golma,,hamlet,,Pithoragarh,30.05871,80.28549
7832941391,Golpha,,village,,Pithoragarh,30.03681,80.35587
7893946832,Gothi,,hamlet,,Pithoragarh,29.74974,79.99103
342102944,Guariat,,village,,Pithoragarh,29.56833,80.34165
342103330,Gullah,,village,,Pithoragarh,30.02426,80.71930
342102314,Guptari,,village,,Pithoragarh,29.68918,80.05875
342103774,Gurna,,village,,Pithoragarh,29.52850,80.15900
342103765,Gurna Temple,,village,,Pithoragarh,29.52164,80.15488
7858583120,Gwalkuri,,hamlet,,Pithoragarh,29.89560,80.22715
7893946827,Gwargara,,hamlet,,Pithoragarh,29.72295,79.97175
7905622797,Gwari,,hamlet,,Pithoragarh,29.73785,79.91206
7904958365,Gwasikot,,hamlet,,Pithoragarh,29.70224,79.94088
7913249826,Gwira,,hamlet,,Pithoragarh,29.85497,80.15554
2465856369,Hajeti,,hamlet,,Pithoragarh,29.81993,80.12405
7908427582,Haldwani,,hamlet,,Pithoragarh,29.85014,80.18949
7886865310,Haliyadob,,hamlet,,Pithoragarh,29.89096,80.03830
11251217120,Hamkarki,,hamlet,,Pithoragarh,29.84847,80.02385
7908427578,Harauli,,hamlet,,Pithoragarh,29.84575,80.19279
7908457091,Harauli,,hamlet,,Pithoragarh,29.84595,80.19530
7832951673,Harkot,,hamlet,,Pithoragarh,30.05145,80.25694
7912928504,Hatwalgaon,,hamlet,,Pithoragarh,29.81548,80.12092
7912928505,Hatwalgaon,,hamlet,,Pithoragarh,29.81372,80.12190
8357534364,Hokra Devi,,village,,Pithoragarh,30.01915,80.08346
7893911243,Humkumta,,hamlet,,Pithoragarh,29.85556,80.22805
7849338895,Humtala,,hamlet,,Pithoragarh,29.94674,80.23335
7861234973,Hupli,,hamlet,,Pithoragarh,29.90882,80.18314
13858360345,Imkhola,इमखोला,village,150,Pithoragarh,29.81962,80.38277
7832944856,Imla,,hamlet,,Pithoragarh,30.04900,80.28124
7886474035,Jabuka,,hamlet,,Pithoragarh,29.87067,80.04744
10805233873,Jadani,,hamlet,,Pithoragarh,29.74601,80.36655
11251226536,Jainagar,,hamlet,,Pithoragarh,29.82131,80.06889
8586204996,Jainti Band,,village,,Pithoragarh,30.07978,80.24262
7912820850,Jajar,,hamlet,,Pithoragarh,29.78660,80.11978
342103902,Jajardewal,,village,,Pithoragarh,29.60953,80.23316
10979049485,Jajuli,,hamlet,,Pithoragarh,29.84295,80.11567
342103780,Jakh,,village,,Pithoragarh,29.55460,80.15076
11251158535,Jakh,,hamlet,,Pithoragarh,29.82186,80.05789
7905622794,Jakhera,,hamlet,,Pithoragarh,29.74836,79.90889
8033041141,Jakheri,,hamlet,,Pithoragarh,29.75058,79.97123
7894029925,Jakhni,,hamlet,,Pithoragarh,29.66743,79.99600
7832951656,Jalath,,hamlet,,Pithoragarh,30.09841,80.23773
8586202948,Jalath,,village,,Pithoragarh,30.09772,80.24680
2375578021,Jaltha,,hamlet,,Pithoragarh,30.09785,80.24428
7832941396,Jalwar,,hamlet,,Pithoragarh,30.02963,80.28409
8249848153,Jamtar,,hamlet,,Pithoragarh,29.73913,80.22186
5257008002,Jamtola,,hamlet,,Pithoragarh,29.74765,79.87981
7893911248,Jarpani,,hamlet,,Pithoragarh,29.86006,80.24437
342103545,Jauljibi,,village,,Pithoragarh,29.75241,80.37629
342103933,Jaurasi,,village,,Pithoragarh,29.75372,80.23453
7861234976,Jhalauri,,hamlet,,Pithoragarh,29.90943,80.19633
7895966445,Jhaliman,,hamlet,,Pithoragarh,29.75766,80.22078
7832937080,Jhapali,,hamlet,,Pithoragarh,30.05646,80.36290
7832868416,Jhekla,,hamlet,,Pithoragarh,30.02433,80.15196
7912820862,Jhulagara,,hamlet,,Pithoragarh,29.76201,80.12251
7912820863,Jhulagara,,hamlet,,Pithoragarh,29.76278,80.12583
342102978,Jhulāghāt,,hamlet,,Pithoragarh,29.57245,80.38422
7904958363,Jibalgarh,,hamlet,,Pithoragarh,29.70940,79.94954
8324616871,Jimia,,hamlet,,Pithoragarh,30.13348,80.21118
7832868429,Jiyugara,,hamlet,,Pithoragarh,30.05660,80.09276
7832951679,Josha,,hamlet,,Pithoragarh,30.03941,80.29331
7896181011,Jubura,,hamlet,,Pithoragarh,29.78431,80.20332
11251217121,Kabrani,,hamlet,,Pithoragarh,29.81120,80.02395
7905622800,Kadhori,,hamlet,,Pithoragarh,29.72879,79.89704
11251232434,Kafalta,,hamlet,,Pithoragarh,29.83297,80.09960
7905529944,Kakara,,hamlet,,Pithoragarh,29.72562,79.91938
342102070,Kaladi,,village,,Pithoragarh,29.82376,80.06012
342104389,Kalamuni,,village,,Pithoragarh,30.03800,80.20016
7864010004,Kalapaif,,hamlet,,Pithoragarh,29.93842,80.14193
11251236384,Kaleti,,hamlet,,Pithoragarh,29.82593,80.06885
342103499,Kalika,,village,,Pithoragarh,29.80866,80.49271
7905571825,Kalwe,,hamlet,,Pithoragarh,29.68844,79.94428
7908427567,Kametkhan,,hamlet,,Pithoragarh,29.84441,80.17339
7913249848,Kamta,,hamlet,,Pithoragarh,29.84041,80.14059
7832951680,Kanalaka,,hamlet,,Pithoragarh,30.04847,80.28783
342103228,Kanalichhina,,village,,Pithoragarh,29.67682,80.27161
2519238179,Kanaur,,hamlet,,Pithoragarh,29.72106,79.99305
342103403,Kanchoti,,village,,Pithoragarh,30.01877,80.57099
7895557829,Kande,,hamlet,,Pithoragarh,29.79569,80.24726
7912820819,Kande,,hamlet,,Pithoragarh,29.79667,80.12287
7912820820,Kande,,hamlet,,Pithoragarh,29.79547,80.11930
11251222241,Kande,,village,,Pithoragarh,29.82182,80.04931
8586211363,Kanti band,,village,,Pithoragarh,30.08376,80.26961
7912928495,Kanyuri,,hamlet,,Pithoragarh,29.82039,80.15377
7904986489,Kapaula,,hamlet,,Pithoragarh,29.70886,79.93753
7849338898,Kapisar,,hamlet,,Pithoragarh,29.95673,80.24192
7886865309,Karala,,hamlet,,Pithoragarh,29.88841,80.02393
7913249859,Karela,,hamlet,,Pithoragarh,29.83833,80.16001
342102059,Karoli,,village,,Pithoragarh,29.82651,80.04364
7908427568,Kauli,,hamlet,,Pithoragarh,29.84418,80.17637
7913249834,Kauliya,,hamlet,,Pithoragarh,29.85207,80.15011
7886209570,Kaundani,,hamlet,,Pithoragarh,30.00016,80.08629
342103566,Khanpaira,,village,,Pithoragarh,29.82376,80.36499
7905048288,Kharchaura,,hamlet,,Pithoragarh,29.71968,79.95320
7894029941,Kharki,,hamlet,,Pithoragarh,29.70845,79.96909
7832944872,Khata,,hamlet,,Pithoragarh,30.08675,80.32319
7858583119,Khatera,,village,,Pithoragarh,29.89022,80.22349
342103842,Khatigaon,,village,,Pithoragarh,29.60678,80.11505
2375578022,Khela,,hamlet,,Pithoragarh,29.96247,80.59118
7832868424,Kheta,,hamlet,,Pithoragarh,30.01260,80.11041
7853373017,Khetbharar,,hamlet,,Pithoragarh,29.92444,80.23609
7832985171,Khilanch,,hamlet,,Pithoragarh,30.30317,80.21364
7896497496,Khiri,,hamlet,,Pithoragarh,29.79212,80.18037
7894029938,Khirmande,,hamlet,,Pithoragarh,29.69480,79.97148
7896181005,Khitaula,,hamlet,,Pithoragarh,29.78433,80.17556
7893946829,Khitauli,,hamlet,,Pithoragarh,29.72160,79.98109
7886865318,Khitoli,,hamlet,,Pithoragarh,29.86766,80.02549
7913249845,Khitoli,,hamlet,,Pithoragarh,29.84343,80.14226
7832937081,Khoda,,hamlet,,Pithoragarh,30.05381,80.36827
7908427561,Khojakhet,,hamlet,,Pithoragarh,29.84804,80.16576
7886865320,Kholagaon,,hamlet,,Pithoragarh,29.86354,80.02128
7912830992,Kholte,,hamlet,,Pithoragarh,29.76047,80.15501
7912830994,Kholte,,hamlet,,Pithoragarh,29.76081,80.15858
7858583126,Khunkhuniya,,hamlet,,Pithoragarh,29.91055,80.20986
7894029928,Kilauta,,hamlet,,Pithoragarh,29.66748,79.96307
7832868422,Kimkhet,,hamlet,,Pithoragarh,30.00840,80.12735
7904986487,Kimtola,,hamlet,,Pithoragarh,29.71258,79.93970
11251060034,Kirauli,,hamlet,,Pithoragarh,29.82684,80.04565
7832941387,Kolanga,,hamlet,,Pithoragarh,30.03489,80.36782
7905622799,Koli,,hamlet,,Pithoragarh,29.73882,79.88786
7846551544,Kota Malla,,hamlet,,Pithoragarh,29.99810,80.24300
342104322,Kotdhar,,village,,Pithoragarh,29.93637,80.30045
7886474041,Kotgari,,hamlet,,Pithoragarh,29.86594,80.07518
342102030,Kotmunia,,village,,Pithoragarh,29.84848,80.01618
7861234974,Kotyura,,hamlet,,Pithoragarh,29.91233,80.18925
342101938,Kuiti,,village,,Pithoragarh,29.98856,80.14252
7912928512,Kukrauli,,hamlet,,Pithoragarh,29.80708,80.15789
7912928514,Kukrauli,,hamlet,,Pithoragarh,29.80378,80.16052
7912928515,Kukrauli,,hamlet,,Pithoragarh,29.80400,80.15679
7849338900,Kukurkata,,hamlet,,Pithoragarh,29.95506,80.22945
342103449,Kulagad,,village,,Pithoragarh,29.90891,80.56824
7832951661,Kultham,,hamlet,,Pithoragarh,30.11792,80.25772
342103793,Kumalgaon,,village,,Pithoragarh,29.55048,80.21530
7912928500,Kumalgaon,,hamlet,,Pithoragarh,29.81061,80.13963
7904958183,Kunalta,,hamlet,,Pithoragarh,29.74566,79.93178
7832868425,Kunawi,,hamlet,,Pithoragarh,30.02424,80.11417
7894074270,Kuntala,,hamlet,,Pithoragarh,29.64217,79.98536
7864009989,Kupola,,hamlet,,Pithoragarh,29.98379,80.13878
7886865317,Kuri,,hamlet,,Pithoragarh,29.87216,80.02513
2375578023,Kuti,कुटी,village,,Pithoragarh,30.30788,80.75992
7861234960,Kutima,,hamlet,,Pithoragarh,29.93955,80.17851
342103027,Lachher,,village,,Pithoragarh,29.62326,80.28672
7886474031,Lachhimo,,hamlet,,Pithoragarh,29.88305,80.08076
7896181044,Lakhatigaon,,hamlet,,Pithoragarh,29.75384,80.20188
7905622796,Lakhtoli,,hamlet,,Pithoragarh,29.73718,79.90369
11251215172,Laluka,,hamlet,,Pithoragarh,29.81169,80.06088
7908457094,Lamaghar,,hamlet,,Pithoragarh,29.83797,80.19884
7908457096,Lamaghar,,hamlet,,Pithoragarh,29.83600,80.20307
7908457097,Lamaghar,,hamlet,,Pithoragarh,29.83527,80.20037
7886474032,Lamrau,,hamlet,,Pithoragarh,29.88114,80.07748
6520229844,Lang,,hamlet,,Pithoragarh,30.13082,80.26584
7832985172,Laspa,,hamlet,,Pithoragarh,30.28567,80.20215
7913249846,Lejam,,hamlet,,Pithoragarh,29.84155,80.14475
7861234962,Lek,,hamlet,,Pithoragarh,29.93344,80.19434
2375578024,Lilam,,hamlet,,Pithoragarh,30.15299,80.24730
342103926,Lima,,village,,Pithoragarh,29.74686,80.21942
7895966441,Limabhat,,village,,Pithoragarh,29.75201,80.22016
342101971,Limtiya,,village,,Pithoragarh,29.94049,80.14389
7864480795,Lod,,hamlet,,Pithoragarh,29.98761,80.22769
7832941393,Lodhi,,hamlet,,Pithoragarh,30.01843,80.33797
7895557825,Lohargaon,,hamlet,,Pithoragarh,29.79398,80.24357
7886865319,Lohathal,,hamlet,,Pithoragarh,29.86744,80.01881
7908457106,Lotli,,hamlet,,Pithoragarh,29.83012,80.16816
342104340,Lumti,,village,,Pithoragarh,29.89243,80.31830
7832868417,Madalkiya,,village,,Pithoragarh,30.02691,80.14443
7886474040,Madigaon,,hamlet,,Pithoragarh,29.87019,80.07161
342103044,Madmanley,,village,,Pithoragarh,29.64111,80.30869
7832868419,Mahargaon,,hamlet,,Pithoragarh,30.01719,80.12479
7894029926,Mahrara,,hamlet,,Pithoragarh,29.66419,79.97257
7861234951,Mairban,,hamlet,,Pithoragarh,29.95799,80.20633
342102959,Majarkana,,village,,Pithoragarh,29.58069,80.36362
7863976082,Majkot,,hamlet,,Pithoragarh,29.99813,80.14375
7886299788,Malani,,hamlet,,Pithoragarh,29.89265,80.11997
7832951662,Malla Dummar,,hamlet,,Pithoragarh,30.10287,80.25137
7848461144,Malla Kamda,,hamlet,,Pithoragarh,29.98650,80.24049
7858583129,Malla Porthi,,hamlet,,Pithoragarh,29.91060,80.22891
7912928518,Malla Syun,,hamlet,,Pithoragarh,29.79854,80.15152
2390570859,Malla Tumera,,hamlet,,Pithoragarh,29.99294,80.21918
7864009987,Mallgaon,,hamlet,,Pithoragarh,29.98714,80.13994
7908427570,Malujhula,,hamlet,,Pithoragarh,29.85642,80.17982
7908427571,Malujhula,,hamlet,,Pithoragarh,29.85556,80.18796
7908427572,Malujhula,,hamlet,,Pithoragarh,29.85566,80.18259
7832951675,Malupati,,hamlet,,Pithoragarh,30.06209,80.26611
11251225003,Manet,,hamlet,,Pithoragarh,29.82398,80.05579
7912820870,Mangrauli,,hamlet,,Pithoragarh,29.75830,80.13846
342103347,Mangti,,hamlet,,Pithoragarh,29.99751,80.71455
7832951678,Mani,,hamlet,,Pithoragarh,30.02672,80.29880
7675027215,Mapa,,hamlet,,Pithoragarh,30.37839,80.16474
7896180999,Marhgaon,,hamlet,,Pithoragarh,29.78882,80.18005
6520256950,Marjali,,hamlet,,Pithoragarh,30.28895,80.27010
7908488196,Markuna,,hamlet,,Pithoragarh,29.74940,80.13968
7832941385,Marmalgaon,,hamlet,,Pithoragarh,30.06449,80.37845
2375578025,Martoli,,hamlet,,Pithoragarh,30.34825,80.19316
7912820828,Masmuli,,hamlet,,Pithoragarh,29.79460,80.14473
7886474039,Masuriya,,hamlet,,Pithoragarh,29.86783,80.06772
342101438,Masuriya Kanth,,village,,Pithoragarh,29.97757,80.08896
7832951676,Matena,,hamlet,,Pithoragarh,30.06150,80.27116
7832944864,Mathasain,,hamlet,,Pithoragarh,30.10436,80.28622
342104358,Mathkot,,village,,Pithoragarh,30.05722,80.29358
7941646603,Matiyaw,,hamlet,,Pithoragarh,29.74191,79.87076
342103135,Matoli,,village,,Pithoragarh,29.67407,80.34714
2521005089,Matoli,,hamlet,,Pithoragarh,29.69848,79.98238
7849338897,Metla,,hamlet,,Pithoragarh,29.95619,80.24828
2375578027,Milam,,hamlet,,Pithoragarh,30.43547,80.15036
7864009995,Moram,,hamlet,,Pithoragarh,29.96813,80.13701
342104330,Mori,,village,,Pithoragarh,29.90616,80.31143
8249848127,Morkhal,,hamlet,,Pithoragarh,29.69398,80.02901
7886299791,Mudauli,,hamlet,,Pithoragarh,29.89238,80.10410
2375578026,Mugāra,,hamlet,,Pithoragarh,30.09250,80.25319
7832941386,Mujuti,,hamlet,,Pithoragarh,30.03761,80.36654
7896493282,Mukat,,hamlet,,Pithoragarh,29.81267,80.18605
7864009993,Mukram,,hamlet,,Pithoragarh,29.97844,80.13679
7864010003,Mundhura,,hamlet,,Pithoragarh,29.94754,80.12781
7832937074,Muniyalpani,,hamlet,,Pithoragarh,30.02347,80.32919
245769315,Munsyari,मुनस्यारी,town,1000,Pithoragarh,30.06546,80.23453
7861234978,Murti,,hamlet,,Pithoragarh,29.89035,80.17981
342102128,Muwani,,village,,Pithoragarh,29.75647,80.12879
2521943543,Nabhidang Camp,,hamlet,,Pithoragarh,30.23910,80.97601
6970018709,Nabi,नाबी,village,78,Pithoragarh,30.20497,80.83731
342103298,Nachani,,village,,Pithoragarh,29.90653,80.16041
8249848126,Nag,,village,,Pithoragarh,29.69131,80.04684
7905529946,Naghar,,hamlet,,Pithoragarh,29.73635,79.91867
7886865313,Nagilagaon,,village,,Pithoragarh,29.87384,80.01549
6520193505,Nagling,,hamlet,,Pithoragarh,30.17970,80.57497
7904958367,Nainoli,,hamlet,,Pithoragarh,29.69565,79.95379
7861234981,Nainthal,,hamlet,,Pithoragarh,29.88352,80.18826
7895966446,Nakholi,,hamlet,,Pithoragarh,29.76260,80.22171
342103864,Nakot,,village,,Pithoragarh,29.60953,80.17685
7896181008,Nal Diyopa,,hamlet,,Pithoragarh,29.78665,80.19199
342103755,Nali,,village,,Pithoragarh,29.55322,80.08209
7912830985,Nali,,hamlet,,Pithoragarh,29.76655,80.14448
2376477126,Namik,,hamlet,,Pithoragarh,30.09884,80.08983
7895966436,Nankuri,,hamlet,,Pithoragarh,29.75396,80.25042
7895557834,Nanpapo,,hamlet,,Pithoragarh,29.79784,80.22172
7039664606,Napalcho,,village,74,Pithoragarh,30.18207,80.85151
7861234977,Napar,,hamlet,,Pithoragarh,29.88975,80.19683
342103381,Narayan Ashram,,village,,Pithoragarh,29.97070,80.65476
342103984,Narayan Nagar,,village,,Pithoragarh,29.77158,80.29496
7905622801,Naruwaghol,,hamlet,,Pithoragarh,29.73237,79.90421
7832937079,Nathing,,hamlet,,Pithoragarh,30.04653,80.35882
7894074273,Nauchuna,,hamlet,,Pithoragarh,29.65847,79.96568
7894029932,Naukhuna,,hamlet,,Pithoragarh,29.68695,79.97783
7863701577,Naulara,,hamlet,,Pithoragarh,29.87455,80.16259
7861234980,Naulara Minor,,hamlet,,Pithoragarh,29.88234,80.18272
7908427584,Nauliyagaon,,hamlet,,Pithoragarh,29.85388,80.20042
2518513742,Nausia,,hamlet,,Pithoragarh,29.74682,79.99654
7832937078,Nawaldhar,,hamlet,,Pithoragarh,30.04213,80.36213
7905622803,Nayal,,hamlet,,Pithoragarh,29.72492,79.91352
7912857984,Nayalsupauli,,hamlet,,Pithoragarh,29.82985,80.12668
342103489,Nigalpani,,village,,Pithoragarh,29.82788,80.51468
7895557843,Nimathi,,hamlet,,Pithoragarh,29.82122,80.23242
7832937070,Nirtoli,,hamlet,,Pithoragarh,30.04150,80.32725
342103965,Ogla,,village,,Pithoragarh,29.75510,80.28397
7832944870,Okhali,,hamlet,,Pithoragarh,30.09059,80.31312
7912820848,Pabhe,,hamlet,,Pithoragarh,29.77574,80.16398
7905529950,Pabhya,,hamlet,,Pithoragarh,29.71353,79.91302
7675027212,Pachhu,,hamlet,,Pithoragarh,30.40374,80.15341
7905622798,Pachora,,hamlet,,Pithoragarh,29.73280,79.88666
7832937084,Paina,,hamlet,,Pithoragarh,30.06887,80.36937
342104001,Painagarh,,village,,Pithoragarh,29.77020,80.30594
7832951671,Painkuti,,hamlet,,Pithoragarh,30.07698,80.26676
7896181016,Paira,,hamlet,,Pithoragarh,29.77413,80.16940
7861234975,Palyati,,hamlet,,Pithoragarh,29.90804,80.18938
7908457098,Pamtori,,hamlet,,Pithoragarh,29.83529,80.17799
7908457100,Pamtori,,hamlet,,Pithoragarh,29.83589,80.18233
10979032187,Pamuti,,hamlet,,Pithoragarh,29.85654,80.07915
2390951751,Pandar Palla,,hamlet,,Pithoragarh,29.98368,80.23555
7848461140,PangarPani,,hamlet,,Pithoragarh,29.95988,80.21642
342103362,Pangla,,village,,Pithoragarh,29.98007,80.68954
342103411,Pangu,,village,,Pithoragarh,29.98444,80.61631
342102020,Pankhu,,village,,Pithoragarh,29.87457,80.05463
7832951672,Papri,,hamlet,,Pithoragarh,30.07259,80.26442
11251225699,Papsar,,hamlet,,Pithoragarh,29.85667,80.01524
7895966444,Parakot,,hamlet,,Pithoragarh,29.75752,80.21339
7905571826,Parauli,,hamlet,,Pithoragarh,29.69258,79.93459
7905622795,Pasdev,,hamlet,,Pithoragarh,29.74403,79.90846
7913249850,Patet,,hamlet,,Pithoragarh,29.84374,80.15057
342103813,Patharkhani,,village,,Pithoragarh,29.53674,80.25101
6520232640,Paton,,hamlet,,Pithoragarh,30.15885,80.25617
7832937062,Pattharkot,,hamlet,,Pithoragarh,30.07184,80.33360
7832868414,Payanpihari,,village,,Pithoragarh,30.02958,80.16032
7905048287,Phabya,,hamlet,,Pithoragarh,29.71636,79.92328
7905622802,Phadyali,,hamlet,,Pithoragarh,29.72842,79.90996
5294978857,Phalro Balajanghar,,hamlet,,Pithoragarh,29.71451,79.96402
7832951665,Phalyanti,,hamlet,,Pithoragarh,30.09951,80.26527
7863701568,Phalyanti,,hamlet,,Pithoragarh,29.89840,80.15177
7832944863,Phapa,,hamlet,,Pithoragarh,30.09328,80.28529
7896181003,Phatori,,hamlet,,Pithoragarh,29.78224,80.16639
5392621799,Philam,,hamlet,,Pithoragarh,30.25078,80.55547
7904958366,Pilkhi,,hamlet,,Pithoragarh,29.69736,79.95039
342103171,Pipali,,village,,Pithoragarh,29.67957,80.37598
7912820859,Pipaltar,,hamlet,,Pithoragarh,29.76925,80.12653
7886865311,Pitarkanya,,hamlet,,Pithoragarh,29.88072,80.02790
245768598,Pithoragarh,पिथौरागढ़,town,5000,Pithoragarh,29.58587,80.21517
7904958184,Pokhari,,hamlet,,Pithoragarh,29.74895,79.93777
7896181023,Pokhra,,hamlet,,Pithoragarh,29.77624,80.19989
7832854501,Polo,,hamlet,,Pithoragarh,30.13890,80.22658
7858583128,Porthi,,hamlet,,Pithoragarh,29.91505,80.22350
7894029943,Pulai,,hamlet,,Pithoragarh,29.73071,79.96039
7908427580,Punigaon,,hamlet,,Pithoragarh,29.84397,80.18527
7912820821,Purana Thal,,hamlet,,Pithoragarh,29.79248,80.11735
7893946828,Puranapani,,hamlet,,Pithoragarh,29.71308,79.98890
342103258,Purola,,village,,Pithoragarh,29.71253,80.15213
6520219874,Quirry,,hamlet,,Pithoragarh,30.12989,80.22159
7886209565,Rachuli,,hamlet,,Pithoragarh,29.97246,80.09291
342102118,Rai Agar,,village,,Pithoragarh,29.74136,80.04639
7894074276,Raingal,,hamlet,,Pithoragarh,29.65168,79.99008
7908846688,Raintola,,hamlet,,Pithoragarh,29.61861,79.98517
7912857977,Rajghora,,hamlet,,Pithoragarh,29.83038,80.15970
7912820861,Ramtan,,hamlet,,Pithoragarh,29.76713,80.12511
7832944868,Ramthing,,hamlet,,Pithoragarh,30.09080,80.31076
7895557861,Ranikhet,,hamlet,,Pithoragarh,29.85066,80.21620
7832951657,Ranti,,hamlet,,Pithoragarh,30.08948,80.24593
6520225529,Rapti,,hamlet,,Pithoragarh,30.06689,80.31720
7864010007,Rasiyabagar,,village,,Pithoragarh,29.93063,80.14984
342104399,Ratapani,,village,,Pithoragarh,30.03662,80.19333
7832944873,Ratgari,,hamlet,,Pithoragarh,30.08046,80.31917
7886209568,Raton,,hamlet,,Pithoragarh,29.98593,80.08422
7848461137,Ratuvabagar,,hamlet,,Pithoragarh,29.96337,80.23214
2400808225,Ratyura,,hamlet,,Pithoragarh,29.90556,80.25188
7858583130,Ratyura,,hamlet,,Pithoragarh,29.91355,80.24688
7858583121,Raur,,hamlet,,Pithoragarh,29.89056,80.21280
7852514541,Raya,,hamlet,,Pithoragarh,29.94341,80.22176
7894029935,Rhitoli,,hamlet,,Pithoragarh,29.68460,79.99658
2375578030,Rilkot,,hamlet,,Pithoragarh,30.31045,80.20803
7863701571,Ringauniya,,hamlet,,Pithoragarh,29.88315,80.15715
7832951674,Rita,,hamlet,,Pithoragarh,30.06196,80.25994
6417983215,Rithait,,village,,Pithoragarh,29.69286,79.97967
12770294523,Rongkang,,village,118,Pithoragarh,30.20335,80.83164
6520230074,Ropar,,hamlet,,Pithoragarh,30.06500,80.30761
7913249832,Rugeti,,hamlet,,Pithoragarh,29.84499,80.15761
7912820855,Ruinsthal,,hamlet,,Pithoragarh,29.78194,80.13009
7832868420,Rumidaula,,hamlet,,Pithoragarh,30.02172,80.13211
7941646602,Rungan,,hamlet,,Pithoragarh,29.74389,79.88348
7832868435,Runspatta,,hamlet,,Pithoragarh,30.01003,80.16245
2375578028,Rālam,,hamlet,,Pithoragarh,30.31012,80.28528
7832937082,Saga,,hamlet,,Pithoragarh,30.07282,80.37452
6520209000,Sain,,hamlet,,Pithoragarh,30.14386,80.23016
10979044007,Sainar,,village,,Pithoragarh,29.84119,80.09318
7886865315,Sainkhet,,hamlet,,Pithoragarh,29.87107,80.03338
7894074268,Salan,,hamlet,,Pithoragarh,29.63139,79.98444
7861273554,Samkot Malla,,hamlet,,Pithoragarh,29.99330,80.18972
7848461136,Samkot Talla,,hamlet,,Pithoragarh,29.98523,80.20745
7832944867,Sana,,hamlet,,Pithoragarh,30.07745,80.31502
7895557840,Sandev,,hamlet,,Pithoragarh,29.81171,80.22769
7886865314,Sangora,,hamlet,,Pithoragarh,29.87739,80.03527
342103098,Sangri,,village,,Pithoragarh,29.67545,80.30731
7864009988,Sani,,hamlet,,Pithoragarh,29.99092,80.12428
10979049923,Sanigaon,,hamlet,,Pithoragarh,29.83536,80.10188
7908457089,Sanikhet,,hamlet,,Pithoragarh,29.84366,80.20064
11251235673,Sanyora,,hamlet,,Pithoragarh,29.86089,80.02356
342104375,Sarmoli,सरमोली,village,,Pithoragarh,30.07919,80.23728
7861234971,Sarmota,,hamlet,,Pithoragarh,29.90586,80.17606
7861234968,Sartola,,hamlet,,Pithoragarh,29.90658,80.17033
7905571827,Sartola,,hamlet,,Pithoragarh,29.69449,79.93064
7913249857,Saskhet,,hamlet,,Pithoragarh,29.84027,80.15562
7893946825,Sata,,hamlet,,Pithoragarh,29.74778,79.97254
7896493278,Sata,,hamlet,,Pithoragarh,29.82591,80.19496
342103077,Sathgarth,,village,,Pithoragarh,29.66034,80.27024
342103910,Satshiling,,village,,Pithoragarh,29.61777,80.23590
7894029930,Satwe,,hamlet,,Pithoragarh,29.67580,79.97396
7896181035,Saugaon,,hamlet,,Pithoragarh,29.75168,80.17299
7895966443,Saunali,,hamlet,,Pithoragarh,29.75647,80.20810
6520244473,Sela,,village,,Pithoragarh,30.14726,80.60566
7894074274,Sela,,hamlet,,Pithoragarh,29.65401,79.97650
11251235671,Selawar,,hamlet,,Pithoragarh,29.83946,80.08151
7848461138,Selmali,,hamlet,,Pithoragarh,29.95921,80.24492
7832944869,Selthing,,hamlet,,Pithoragarh,30.09274,80.30544
7864009986,Semli,,hamlet,,Pithoragarh,29.98958,80.13391
7832854503,Senar,,hamlet,,Pithoragarh,30.10725,80.23142
7896181043,Sera,,hamlet,,Pithoragarh,29.76093,80.20498
342104427,Seraghat,,hamlet,,Pithoragarh,30.01291,80.32086
11251227507,Sildon,,hamlet,,Pithoragarh,29.84394,80.08733
342103248,Silgadi Doti Airport,,village,,Pithoragarh,29.70978,80.18097
7904958182,Simali,,hamlet,,Pithoragarh,29.73794,79.92968
7905529948,Simalta,,hamlet,,Pithoragarh,29.73761,79.95504
7912820840,Simar,,hamlet,,Pithoragarh,29.78311,80.14338
7893946830,Simgad,,hamlet,,Pithoragarh,29.72100,79.98574
7863701576,Sintoliya,,hamlet,,Pithoragarh,29.87233,80.15851
13939065084,Sipu,,village,,Pithoragarh,30.31101,80.49236
7861253388,Siri,,hamlet,,Pithoragarh,29.88191,80.24682
7861253386,Sirichama,,hamlet,,Pithoragarh,29.88774,80.23739
342104022,Siriola,,village,,Pithoragarh,29.99542,80.31555
7886299789,Sirtoli,,hamlet,,Pithoragarh,29.89755,80.12189
7886865316,Siyali,,hamlet,,Pithoragarh,29.87449,80.02221
5392622298,Sona,,hamlet,,Pithoragarh,30.24853,80.54596
8249848128,Sonewana,,village,,Pithoragarh,29.69316,80.00974
342103392,Sosa,,village,,Pithoragarh,29.98306,80.63553
7895557869,Sunarkhet,,hamlet,,Pithoragarh,29.84641,80.24906
7913249824,Suneti,,hamlet,,Pithoragarh,29.85685,80.13256
6520223968,Sungdom,,hamlet,,Pithoragarh,30.06494,80.52161
342103190,Sunkholi,,village,,Pithoragarh,29.67270,80.38559
8324634312,Suring,,hamlet,,Pithoragarh,30.09375,80.24311
7861234982,Surkhet,,hamlet,,Pithoragarh,29.88269,80.19125
7853373021,Surmalkhet,,hamlet,,Pithoragarh,29.91883,80.24503
342101774,Suwalek,,village,,Pithoragarh,29.66396,80.22327
7912830991,Syalbe,,hamlet,,Pithoragarh,29.76468,80.15758
7832951666,Syaridhar,,hamlet,,Pithoragarh,30.10568,80.26918
8249848160,Takuliya,,hamlet,,Pithoragarh,29.71363,80.17161
7832951663,Talla Dummar,,hamlet,,Pithoragarh,30.10782,80.24974
7848461145,Talla Kamda,,hamlet,,Pithoragarh,29.98828,80.23612
7894074272,Talla Seraghat,,hamlet,,Pithoragarh,29.65213,79.96620
7848461143,Talla Tumera,,hamlet,,Pithoragarh,29.99204,80.22440
7832937073,Tanga,,hamlet,,Pithoragarh,30.01884,80.33079
342103466,Tapovan,,village,,Pithoragarh,29.86663,80.55945
7912820830,Tarigaon,,hamlet,,Pithoragarh,29.79015,80.13744
342103430,Tawaghat,,village,,Pithoragarh,29.96148,80.59952
6520227807,Teejam,,village,,Pithoragarh,30.06586,80.57100
342101953,Tejam,,village,,Pithoragarh,29.95133,80.13060
7832951669,Teli,,hamlet,,Pithoragarh,30.08348,80.26575
7905529943,Thaklani,,hamlet,,Pithoragarh,29.71248,79.92626
342102080,Thal,थल,town,,Pithoragarh,29.82720,80.13916
7853373022,Thaldhar,,hamlet,,Pithoragarh,29.91684,80.21979
7849338894,Tham,,hamlet,,Pithoragarh,29.94704,80.22576
7904986488,Thandapani,,hamlet,,Pithoragarh,29.71620,79.94886
11251220985,Thatauli,,hamlet,,Pithoragarh,29.83681,80.08670
7895966434,Thula Gaon,,hamlet,,Pithoragarh,29.76125,80.24028
7893911246,Thulibani,,hamlet,,Pithoragarh,29.85349,80.24733
342103524,Titri,,village,,Pithoragarh,29.73587,80.36225
7832985168,Tola,,hamlet,,Pithoragarh,30.33569,80.21212
11251227506,Tolathal,,hamlet,,Pithoragarh,29.86082,80.03520
7863976080,Toli,,hamlet,,Pithoragarh,29.99935,80.13861
7832944865,Tolisain,,hamlet,,Pithoragarh,30.10324,80.28021
6520253903,Tomik,,hamlet,,Pithoragarh,30.06908,80.36008
7913249860,Topra,,hamlet,,Pithoragarh,29.83822,80.15152
11251225000,Totamanya,,hamlet,,Pithoragarh,29.84717,80.01203
10289849319,Tripuradevi,,village,,Pithoragarh,29.76062,80.04392
7912928513,Tuniyara,,hamlet,,Pithoragarh,29.80890,80.16014
7905633430,Tupraull,,hamlet,,Pithoragarh,29.74594,79.89185
7913249830,Turangoli,,hamlet,,Pithoragarh,29.85025,80.16241
7886474029,Tusrera,,hamlet,,Pithoragarh,29.88635,80.04733
7832951668,Uchhaiti,,hamlet,,Pithoragarh,30.09550,80.27618
11251158579,Udiyar,,hamlet,,Pithoragarh,29.83135,80.04001
11251235674,Udiyari,,hamlet,,Pithoragarh,29.82423,80.03340
7832951664,Ugrali,,hamlet,,Pithoragarh,30.10919,80.25783
7886299793,Ukhrani,,hamlet,,Pithoragarh,29.88462,80.09615
7832937071,Umdanda,,hamlet,,Pithoragarh,30.03665,80.32510
2414511794,Uni,,hamlet,,Pithoragarh,29.89679,80.11901
7832868423,Upadiya,,hamlet,,Pithoragarh,30.00258,80.11345
7912820853,Uprara,,hamlet,,Pithoragarh,29.78421,80.12354
7912820854,Uprara,,hamlet,,Pithoragarh,29.78449,80.12630
7861234972,Upuli,,hamlet,,Pithoragarh,29.90555,80.18189
6520229049,Veskhal,,hamlet,,Pithoragarh,30.09016,80.28989
7912820881,Vinayak,,hamlet,,Pithoragarh,29.77199,80.14524
342103595,Wadda,,village,,Pithoragarh,29.56558,80.27848
342102050,Wadyari,,village,,Pithoragarh,29.82651,80.03266
7832937065,Walthi,,village,,Pithoragarh,30.05840,80.30627
7896181040,Warkhet,,hamlet,,Pithoragarh,29.76439,80.19774
7832868428,Wathi,,hamlet,,Pithoragarh,30.05006,80.08631
8032830471,bahadarbam,,hamlet,,Pithoragarh,29.75091,79.83393
8032865211,bankot,,hamlet,,Pithoragarh,29.76130,79.87213
8032865209,bansikhet,,hamlet,,Pithoragarh,29.75613,79.90371
8032865216,bhatgaon,,hamlet,,Pithoragarh,29.75572,79.86767
8032839797,bhatgara,,hamlet,,Pithoragarh,29.77304,79.83687
8033041142,bhin,,hamlet,,Pithoragarh,29.75607,79.95635
8032865203,buranskholi,,hamlet,,Pithoragarh,29.76820,79.89041
8032865205,dasilakhet,,hamlet,,Pithoragarh,29.75613,79.92953
8032865208,dhandoli,,hamlet,,Pithoragarh,29.75246,79.90876
8032865204,dhari,,hamlet,,Pithoragarh,29.77267,79.90466
8032865191,dhukna,,hamlet,,Pithoragarh,29.77155,79.84357
8033043495,dudli,,hamlet,,Pithoragarh,29.84766,79.98300
8033041144,gowar,,hamlet,,Pithoragarh,29.75429,79.93404
8032865199,khatigaon,,hamlet,,Pithoragarh,29.78959,79.91219
8032865214,kotuli,,hamlet,,Pithoragarh,29.75607,79.87468
8033041143,kusman,,hamlet,,Pithoragarh,29.75101,79.94131
8032865197,kuzyari malli,,hamlet,,Pithoragarh,29.78516,79.89480
8032865202,kuzyari talli,,hamlet,,Pithoragarh,29.77386,79.88547
8033043494,lingrani,,hamlet,,Pithoragarh,29.84640,79.99755
8032839796,naghar,,hamlet,,Pithoragarh,29.77654,79.83445
8032865213,naikana,,hamlet,,Pithoragarh,29.75588,79.88586
8032865206,oligaon,,hamlet,,Pithoragarh,29.75156,79.92231
8032865212,saundani,,hamlet,,Pithoragarh,29.75972,79.87979
8032865201,siam chak,,hamlet,,Pithoragarh,29.77540,79.91940
8032805782,sidkuna,,hamlet,,Pithoragarh,29.77856,79.89858
8032839800,sirsoli,,hamlet,,Pithoragarh,29.75855,79.83162
8032865207,uriyora,,hamlet,,Pithoragarh,29.76016,79.91084
6645860839,कालापानी,कालापानी,village,,Pithoragarh,30.22334,80.91219
2382430120,गूंजी,गुन्जी,village,335,Pithoragarh,30.18658,80.85081
7835548774,Adhuli,,hamlet,,Rudraprayag,30.42784,79.02474
7835303893,Agar,,village,,Rudraprayag,30.34431,79.09558
7837697911,Agar,,hamlet,,Rudraprayag,30.37010,78.85711
7835565001,Agastmuni,,town,,Rudraprayag,30.39196,79.02604
7835936692,Agnari,,hamlet,,Rudraprayag,30.49614,78.91017
7835195269,Ajaipur,,hamlet,,Rudraprayag,30.42499,79.09683
7835195277,Akhoni,,hamlet,,Rudraprayag,30.43637,79.13536
7834554864,Aktauli,,hamlet,,Rudraprayag,30.59052,79.15295
2379520276,Amargaunda,,hamlet,,Rudraprayag,30.36989,79.01770
7835303886,Amkhona,,hamlet,,Rudraprayag,30.33555,79.13159
7835896944,Amola,,hamlet,,Rudraprayag,30.37447,78.99421
7862944444,Andrawari,,hamlet,,Rudraprayag,30.50464,79.06319
7837744397,Andreya,,hamlet,,Rudraprayag,30.32173,78.94714
7837726822,Anjilya,,hamlet,,Rudraprayag,30.31562,78.93688
7834554866,Anphal,,hamlet,,Rudraprayag,30.60839,79.15526
2383637777,Arkhund,,hamlet,,Rudraprayag,30.42598,79.05453
7862944427,Asma,,hamlet,,Rudraprayag,30.52461,79.08453
7835195271,Ason,,hamlet,,Rudraprayag,30.42170,79.10777
7835272584,Bachhani,,hamlet,,Rudraprayag,30.36354,79.05957
342108363,Badalpur,,hamlet,,Rudraprayag,30.60551,79.01990
7733750253,Badani,,hamlet,,Rudraprayag,30.49851,78.92383
7835677858,Badyala,,hamlet,,Rudraprayag,30.33476,79.05098
7835677859,Badyaladhar,,hamlet,,Rudraprayag,30.33931,79.04744
7835281103,Bagar,,hamlet,,Rudraprayag,30.36650,79.08139
7837709994,Bagarwal,,hamlet,,Rudraprayag,30.35994,78.93261
7835281102,Bagethi,,hamlet,,Rudraprayag,30.35856,79.08101
2379520277,Bainji,,hamlet,,Rudraprayag,30.37167,79.00741
342112534,Bainoli,,village,,Rudraprayag,30.36209,78.93814
7834756393,Bairaphala,,hamlet,,Rudraprayag,30.55906,79.10658
7835548768,Baiyun,,hamlet,,Rudraprayag,30.33768,79.06187
342112555,Bajira Mamni,,village,,Rudraprayag,30.40644,78.88197
2355705127,Bajwari Tal,,hamlet,,Rudraprayag,30.62560,79.00560
7835548773,Bakola,,hamlet,,Rudraprayag,30.43198,79.01718
7835195275,Balsundi,,hamlet,,Rudraprayag,30.43309,79.12750
7835873306,Balsyana,,hamlet,,Rudraprayag,30.48564,78.95858
7862944428,Bamanholi,,hamlet,,Rudraprayag,30.51917,79.09866
7835677841,Bamoli,,hamlet,,Rudraprayag,30.34660,79.00005
7835508089,Bamsu,,village,,Rudraprayag,30.49604,79.07653
7850440328,Banasain,,hamlet,,Rudraprayag,30.19612,79.01221
7835916877,Banchwar,,hamlet,,Rudraprayag,30.41269,78.94134
7835916876,Band,,hamlet,,Rudraprayag,30.40323,78.95474
7835677838,Bandari,,hamlet,,Rudraprayag,30.35369,79.00499
2378000406,Bandi,,hamlet,,Rudraprayag,30.38040,79.06121
7858335004,Bangaon,,hamlet,,Rudraprayag,30.20486,79.00957
2379520279,Baniyari,,hamlet,,Rudraprayag,30.39853,79.03606
7835230508,Banjgaru,,hamlet,,Rudraprayag,30.40203,79.08613
7837757261,Bansi,,hamlet,,Rudraprayag,30.28251,78.89584
7835548772,Banthapla,,hamlet,,Rudraprayag,30.31934,79.10833
7834554867,Bantoli,,hamlet,,Rudraprayag,30.60808,79.19453
7835565003,Barakot,,hamlet,,Rudraprayag,30.40068,79.02523
7835508091,Baramwari,,village,,Rudraprayag,30.48432,79.07648
342108352,Barasu,,hamlet,,Rudraprayag,30.59739,79.02364
7835534993,Bareth,,hamlet,,Rudraprayag,30.46626,79.04254
7850440329,Barisau,,hamlet,,Rudraprayag,30.19907,79.01635
7835193322,Bariyakund Chatti,,hamlet,,Rudraprayag,30.48227,79.18104
2377984901,Barmoar,,hamlet,,Rudraprayag,30.47865,79.06996
7834673861,Barsal,,hamlet,,Rudraprayag,30.52695,79.10970
7835143081,Barsal,,hamlet,,Rudraprayag,30.52813,79.10912
7835677839,Barsil,,hamlet,,Rudraprayag,30.35105,79.00837
7835523269,Barsorl,,hamlet,,Rudraprayag,30.44461,79.04732
7835565014,Bashti,,village,,Rudraprayag,30.45989,79.06307
7835565008,Basta,,hamlet,,Rudraprayag,30.40802,79.00010
7834623519,Basti,,hamlet,,Rudraprayag,30.53736,79.12681
2385471676,Basukedar,,hamlet,,Rudraprayag,30.43840,79.05524
7835651064,Batwari,,hamlet,,Rudraprayag,30.36467,79.05232
7834554865,Baunsar,,hamlet,,Rudraprayag,30.59436,79.15064
7835376827,Bauntha,,hamlet,,Rudraprayag,30.29328,78.99954
342108033,Bedbagar,,village,,Rudraprayag,30.40604,79.04526
7834623543,Bedula,,hamlet,,Rudraprayag,30.57806,79.12937
7835126992,Bedula,,hamlet,,Rudraprayag,30.54431,79.09939
7835873307,Beyara,,hamlet,,Rudraprayag,30.48389,78.96884
7835956495,Bhagjibala,,hamlet,,Rudraprayag,30.39217,78.93070
2379520269,Bhainsari,,hamlet,,Rudraprayag,30.31846,79.03762
7862944432,Bhainsari,,village,,Rudraprayag,30.52572,79.08108
7836128280,Bhakachal,,hamlet,,Rudraprayag,30.42014,78.84271
7835195278,Bhanajgwar,,hamlet,,Rudraprayag,30.42304,79.14028
7835200115,Bhanajgwar,,hamlet,,Rudraprayag,30.43055,79.15520
7835508092,Bhangaon,,hamlet,,Rudraprayag,30.48885,79.06534
7837711586,Bharking,,hamlet,,Rudraprayag,30.38005,78.92239
7835651063,Bharpurdhar,,hamlet,,Rudraprayag,30.36201,79.04007
2377985124,Bhatwari,,hamlet,,Rudraprayag,30.46277,79.04014
2377998260,Bhatwari,,hamlet,,Rudraprayag,30.38511,79.06852
2378000409,Bhaunsal,,hamlet,,Rudraprayag,30.38164,79.03605
7834623539,Bhekalta,,hamlet,,Rudraprayag,30.54968,79.14784
342108086,Bhimtoli,,village,,Rudraprayag,30.35248,79.09058
7835437762,Bhingi,,hamlet,,Rudraprayag,30.48799,79.11131
7835195276,Bhirali,,hamlet,,Rudraprayag,30.43505,79.11794
7837697907,Bhirani,,hamlet,,Rudraprayag,30.38321,78.86163
342108048,Bhiri,,hamlet,,Rudraprayag,30.46783,79.07822
7835956505,Bhumak,,hamlet,,Rudraprayag,30.38785,78.97049
7835346984,Bhunka,,hamlet,,Rudraprayag,30.27314,79.03358
7835358385,Bhunka,,hamlet,,Rudraprayag,30.26800,79.04022
7835281107,Bhuter,,hamlet,,Rudraprayag,30.37795,79.06753
7837769521,Bhyunta,,hamlet,,Rudraprayag,30.30198,78.87696
7835376815,Bichla Kodima,,hamlet,,Rudraprayag,30.26012,79.05683
7835261481,Bijrakot,,hamlet,,Rudraprayag,30.32286,79.13950
7835523272,Biran,,hamlet,,Rudraprayag,30.44747,79.06179
7837709992,Birangaon,,hamlet,,Rudraprayag,30.35782,78.92769
7837749760,Biraun,,village,,Rudraprayag,30.25879,78.96994
7835896947,Budali,,hamlet,,Rudraprayag,30.38313,78.99754
7837697904,Budna,,hamlet,,Rudraprayag,30.39243,78.86331
7834714347,Buni,,hamlet,,Rudraprayag,30.61153,79.08985
7835896958,Bunni Jaitoli,,hamlet,,Rudraprayag,30.43396,78.99523
7834623540,Burwa,,hamlet,,Rudraprayag,30.55737,79.13224
7862954066,Byung,,hamlet,,Rudraprayag,30.56149,79.06526
7835126996,Byunkhi,,hamlet,,Rudraprayag,30.56686,79.09241
7835565002,Chak,,hamlet,,Rudraprayag,30.39454,79.02203
7835677853,Chamak,,hamlet,,Rudraprayag,30.34042,79.02618
2377985122,Chameli,,hamlet,,Rudraprayag,30.39337,79.04517
7835376816,Chamkot,,hamlet,,Rudraprayag,30.26722,79.06766
7834554862,Chamli,,hamlet,,Rudraprayag,30.58756,79.12563
7835677857,Chamsaura,,village,,Rudraprayag,30.33772,79.03957
2377984907,Chandrapuri,,hamlet,,Rudraprayag,30.45000,79.06667
7835523268,Chandrapuri,,hamlet,,Rudraprayag,30.42987,79.06647
342108043,Chandrapuri (001),,village,,Rudraprayag,30.42505,79.06847
2378000359,Chandrapuri (002),,hamlet,,Rudraprayag,30.45000,79.06667
7835896936,Chaonri,,hamlet,,Rudraprayag,30.38116,78.97668
7835548767,Chapar,,hamlet,,Rudraprayag,30.33027,79.04550
7835200127,Chariakor,,hamlet,,Rudraprayag,30.46958,79.16966
7835936689,Chatak Chak,,hamlet,,Rudraprayag,30.47598,78.92063
7835936690,Chatak Chak,,hamlet,,Rudraprayag,30.47459,78.92469
7837744390,Chauki Barsil,,hamlet,,Rudraprayag,30.33907,78.98207
7835651062,Chaund,,hamlet,,Rudraprayag,30.36685,79.03276
7835437761,Chaunda,,hamlet,,Rudraprayag,30.48478,79.10819
2377985133,Chaundi,,hamlet,,Rudraprayag,30.50523,79.05007
7837853894,Chaunriya,,hamlet,,Rudraprayag,30.32793,78.89582
7835999884,Chhali,,hamlet,,Rudraprayag,30.43246,78.91592
7836000185,Chhalimunigar,,hamlet,,Rudraprayag,30.43772,78.91191
7834756389,Chhanji,,hamlet,,Rudraprayag,30.56499,79.12276
7837744391,Chhatoli,,hamlet,,Rudraprayag,30.33549,78.96995
7834714346,Chilond,,hamlet,,Rudraprayag,30.60533,79.08440
7837749761,Chingwai,,hamlet,,Rudraprayag,30.25347,78.99047
342111391,Chirbhattiya,,hamlet,,Rudraprayag,30.38853,78.83680
7835916881,Choara,,hamlet,,Rudraprayag,30.43211,78.92871
7837709998,Chomota,,hamlet,,Rudraprayag,30.38508,78.93038
2379520268,Chopra,,hamlet,,Rudraprayag,30.31577,79.05953
7835670780,Chopra,,hamlet,,Rudraprayag,30.37079,79.02062
342108057,Chopta,,village,,Rudraprayag,30.35140,79.04268
342107674,Chopta Chatti,,village,,Rudraprayag,30.48490,79.20002
7834673859,Chuni,,hamlet,,Rudraprayag,30.52809,79.09516
7837749759,Chwinth,,hamlet,,Rudraprayag,30.25097,78.96594
2385471671,Dadoli,,village,,Rudraprayag,30.41144,79.02127
7834623530,Dalra,,hamlet,,Rudraprayag,30.51306,79.14450
7835896953,Damangaon,,hamlet,,Rudraprayag,30.40308,78.97487
7835565015,Damar,,hamlet,,Rudraprayag,30.46916,79.07210
7837853892,Dandakhal,,hamlet,,Rudraprayag,30.33830,78.89999
7835873305,Dang,,hamlet,,Rudraprayag,30.49468,78.97642
7835896945,Dang,,hamlet,,Rudraprayag,30.38155,78.98976
2383637775,Dangi,,hamlet,,Rudraprayag,30.42051,79.03365
7835677837,Dangi,,hamlet,,Rudraprayag,30.36120,78.99772
7837853896,Dangiya,,hamlet,,Rudraprayag,30.32202,78.87388
7835896952,Dangwalgaon,,hamlet,,Rudraprayag,30.40183,78.97054
2385471675,Dankot,,hamlet,,Rudraprayag,30.42798,79.04248
7862944422,Dansu,,hamlet,,Rudraprayag,30.54766,79.06127
7835677849,Darmwari,,hamlet,,Rudraprayag,30.31868,79.01530
7837714818,Dataseno,,hamlet,,Rudraprayag,30.34178,78.92508
7862944445,Davangana,,hamlet,,Rudraprayag,30.50938,79.05351
7837711591,Dawal,,hamlet,,Rudraprayag,30.38852,78.88814
7835376806,Dayuli,,hamlet,,Rudraprayag,30.25662,79.07648
7835508090,Dayuli,,village,,Rudraprayag,30.49275,79.07146
7862944430,Devshal,,hamlet,,Rudraprayag,30.53559,79.06887
7834673848,Dewar,,village,,Rudraprayag,30.52320,79.06842
7835346983,Dhandhar,,hamlet,,Rudraprayag,30.27727,79.03276
7835956504,Dhanguri,,hamlet,,Rudraprayag,30.38735,78.97601
7835292287,Dhankot,,hamlet,,Rudraprayag,30.35128,79.05755
7836136894,Dhankurali,,hamlet,,Rudraprayag,30.41668,78.87536
7834554863,Dhanoji,,hamlet,,Rudraprayag,30.58729,79.13512
7837697900,Dhanoli,,hamlet,,Rudraprayag,30.38321,78.87382
7837697903,Dhanyo,,hamlet,,Rudraprayag,30.39813,78.86780
7835230504,Dhar,,hamlet,,Rudraprayag,30.41247,79.07249
7834673838,Dhargaon,,village,,Rudraprayag,30.57263,79.04873
7835936693,Dharkuri,,hamlet,,Rudraprayag,30.49331,78.91546
7835521067,Dharsai,,hamlet,,Rudraprayag,30.47067,79.09084
7862944438,Dharsami,,hamlet,,Rudraprayag,30.51084,79.08114
7835376825,Dhartoli,,hamlet,,Rudraprayag,30.29151,79.03935
7834623538,Dhatai,,hamlet,,Rudraprayag,30.54193,79.17142
7837853895,Dhaunda,,hamlet,,Rudraprayag,30.32741,78.88012
7835280596,Dhiriyari,,hamlet,,Rudraprayag,30.35984,79.08437
7835916874,Dhriyanj,,hamlet,,Rudraprayag,30.41360,78.96393
7835548763,Dhumeli,,hamlet,,Rudraprayag,30.31810,79.02841
7835873303,Dijuli,,hamlet,,Rudraprayag,30.47970,78.95382
7834623526,Dilmi,,hamlet,,Rudraprayag,30.51180,79.12811
7835200124,Dilmi,,hamlet,,Rudraprayag,30.48609,79.14494
7835564997,Dob,,hamlet,,Rudraprayag,30.41666,79.01556
7835651059,Dob,,hamlet,,Rudraprayag,30.37890,79.03281
7835916867,Dobatya,,hamlet,,Rudraprayag,30.40683,78.99496
7835200125,Dogalbanta,,hamlet,,Rudraprayag,30.48741,79.17635
7837709988,Doha,,hamlet,,Rudraprayag,30.34894,78.92323
7836128284,Dugda,,hamlet,,Rudraprayag,30.40410,78.83886
7835261482,Dukasara,,hamlet,,Rudraprayag,30.33439,79.14620
7835534994,Dungar,,hamlet,,Rudraprayag,30.46268,79.04473
7835564999,Dungara,,hamlet,,Rudraprayag,30.40554,79.02979
7835303891,Dungi,,hamlet,,Rudraprayag,30.33675,79.12244
7837757257,Dungra,,hamlet,,Rudraprayag,30.30187,78.91695
7835376826,Dungri,,hamlet,,Rudraprayag,30.29185,79.03200
7835548769,Dungri,,hamlet,,Rudraprayag,30.33331,79.05447
7834673836,Duni,,hamlet,,Rudraprayag,30.57757,79.05273
7836000186,Duni,,hamlet,,Rudraprayag,30.44353,78.91544
342108066,Durgadhar,,village,,Rudraprayag,30.34973,79.02741
7834714361,Dvukara,,hamlet,,Rudraprayag,30.59293,79.02218
7837697906,Ekling,,hamlet,,Rudraprayag,30.38776,78.86169
342112575,Fatairu,,hamlet,,Rudraprayag,30.39093,78.85163
7835713609,Gabni,,hamlet,,Rudraprayag,30.38129,79.05215
7850369133,Gadbu,,hamlet,,Rudraprayag,30.24998,79.08711
7835677860,Gaderi,,hamlet,,Rudraprayag,30.32629,79.04933
7717922248,Gadgu,,village,,Rudraprayag,30.54167,79.14963
7835873312,Gaghansu,,hamlet,,Rudraprayag,30.48335,78.98685
7834623522,Gaid,,hamlet,,Rudraprayag,30.54239,79.13567
2378000412,Gair,,hamlet,,Rudraprayag,30.44435,79.08621
7835548766,Ganag,,hamlet,,Rudraprayag,30.32943,79.03688
7835896943,Ganal,,hamlet,,Rudraprayag,30.37054,78.99308
7835548762,Gandhari,,hamlet,,Rudraprayag,30.32017,79.03328
7835651065,Gandil,,hamlet,,Rudraprayag,30.36097,79.05293
7835677834,Gangtal,,hamlet,,Rudraprayag,30.37382,78.99999
7862944426,Gari,,hamlet,,Rudraprayag,30.52696,79.08604
7835677852,Garmil,,hamlet,,Rudraprayag,30.32928,79.02710
7836136889,Garti,,hamlet,,Rudraprayag,30.40432,78.86351
2383637785,Gaundar,,hamlet,,Rudraprayag,30.60262,79.17967
342108397,Gaurikund,,hamlet,,Rudraprayag,30.65340,79.02682
7837769529,Gawana Mathi,,hamlet,,Rudraprayag,30.30870,78.92417
7835936696,Gethyana,,hamlet,,Rudraprayag,30.49269,78.92101
7835896954,Ghanatgaon,,hamlet,,Rudraprayag,30.40341,78.98003
7835916861,Ghandital,,hamlet,,Rudraprayag,30.42624,78.97572
7835376833,Ghandiyal,,hamlet,100,Rudraprayag,30.26548,79.00349
7837711594,Gharara,,hamlet,,Rudraprayag,30.38666,78.87491
7837714817,Gharena,,hamlet,,Rudraprayag,30.34087,78.91801
7862954067,Ghatna,,hamlet,,Rudraprayag,30.55703,79.08008
7835303887,Ghatura,,hamlet,,Rudraprayag,30.34033,79.11784
7837726823,Ghengar,,hamlet,,Rudraprayag,30.31417,78.93180
7835376808,Ghiroli,,hamlet,,Rudraprayag,30.25824,79.07908
13266984057,Gholtir,,village,,Rudraprayag,30.29757,79.09213
7835916864,Ghora Dungi,,hamlet,,Rudraprayag,30.41939,78.99131
7837749751,Giraoli,,hamlet,,Rudraprayag,30.28616,78.90610
2377985136,Giriyagaon,,hamlet,,Rudraprayag,30.54548,79.12154
7835376835,Gophir,,hamlet,,Rudraprayag,30.27106,79.01562
7835677854,Gorha,,hamlet,,Rudraprayag,30.34624,79.03706
7837749762,Gulabrai,,village,,Rudraprayag,30.27950,78.97212
7835677836,Gunau,,hamlet,,Rudraprayag,30.36310,79.00344
342108333,Guptkashi,,village,,Rudraprayag,30.52832,79.08178
7837757255,Gwana,,hamlet,,Rudraprayag,30.30551,78.92092
7835200123,Gwar,,hamlet,,Rudraprayag,30.49219,79.14086
7835521070,Gwarigaon,,hamlet,,Rudraprayag,30.47662,79.08230
7835195273,Gyarponga,,hamlet,,Rudraprayag,30.42048,79.12534
7835534996,Hat,,hamlet,,Rudraprayag,30.41446,79.05886
7837744386,Haulda,,hamlet,,Rudraprayag,30.31604,78.99610
7834623533,Huddu,,hamlet,,Rudraprayag,30.50513,79.15135
7836136890,Ijra,,hamlet,,Rudraprayag,30.40718,78.86010
7835126997,Jabar,,hamlet,,Rudraprayag,30.57175,79.09234
7835126993,Jagi,,hamlet,,Rudraprayag,30.55064,79.10028
7835230507,Jagot,,village,,Rudraprayag,30.39709,79.07465
10901277323,Jagpura,,hamlet,,Rudraprayag,30.47292,79.13696
7835303892,Jagtoli,,hamlet,,Rudraprayag,30.33615,79.10904
7835195270,Jaikandi,,hamlet,,Rudraprayag,30.42520,79.10782
7837709989,Jakhad,,village,,Rudraprayag,30.34848,78.92732
7835261480,Jakhera,,hamlet,,Rudraprayag,30.31898,79.14276
7835677855,Jakhni,,hamlet,,Rudraprayag,30.34884,79.04293
7837711588,Jakhni,,hamlet,,Rudraprayag,30.37351,78.91311
7835956502,Jakhnoli,,hamlet,,Rudraprayag,30.38875,78.95707
7164773267,Jakholi,,village,,Rudraprayag,30.40088,78.95792
7837714819,Jakholi Malli,,hamlet,,Rudraprayag,30.34479,78.93051
7835956494,Jakhwari Malli,,hamlet,,Rudraprayag,30.47254,78.90888
7835956493,Jakhwari Talli,,hamlet,,Rudraprayag,30.46938,78.91228
7835565006,Jaknyalgaon,,hamlet,,Rudraprayag,30.39688,79.00470
7835088247,Jal Malla,,hamlet,,Rudraprayag,30.59076,79.07024
7835088248,Jal Talla,,hamlet,,Rudraprayag,30.59608,79.07127
7835437756,Jalai,,village,,Rudraprayag,30.45624,79.08267
7835534995,Jalai,,hamlet,,Rudraprayag,30.46720,79.03145
7837709990,Jalankhu,,hamlet,,Rudraprayag,30.35129,78.92657
7835523274,Jalkanda,,hamlet,,Rudraprayag,30.43420,79.09178
7835956498,Jambukhai,,hamlet,,Rudraprayag,30.39918,78.94541
7862944437,Jamlok,,hamlet,,Rudraprayag,30.51208,79.07159
7834714364,Jamu,,hamlet,,Rudraprayag,30.57900,79.03291
7862865276,Jari,,hamlet,,Rudraprayag,30.55191,78.90708
7835303889,Jarmwar,,hamlet,,Rudraprayag,30.33702,79.11861
7835376813,Jasoli,,hamlet,,Rudraprayag,30.26360,79.06405
7835565009,Jatuli,,hamlet,,Rudraprayag,30.43273,79.00429
7835230509,Jaungi,,village,,Rudraprayag,30.40771,79.08761
7835677840,Jawaharnagar,,village,,Rudraprayag,30.34446,79.01016
10865206784,Jhalimath,,village,,Rudraprayag,30.29484,79.14709
7835936688,Jhalu Chak,,hamlet,,Rudraprayag,30.47164,78.92809
7850440330,Jundull,,hamlet,,Rudraprayag,30.19531,79.01987
7862954068,Jurani,,hamlet,,Rudraprayag,30.55230,79.06613
7835521069,Kakola,,hamlet,,Rudraprayag,30.47622,79.09125
7835677851,Kamera,,hamlet,,Rudraprayag,30.32356,79.02459
7835230506,Kamsal,,village,,Rudraprayag,30.39853,79.06938
7834623529,Kanda,,hamlet,,Rudraprayag,30.50629,79.14463
7835292290,Kanda,,hamlet,,Rudraprayag,30.34820,79.07424
7835376818,Kanda,,hamlet,,Rudraprayag,30.27884,79.06368
2377985123,Kandara,,hamlet,,Rudraprayag,30.43869,79.08463
7834623545,Kandara,,hamlet,,Rudraprayag,30.57922,79.13463
7862944423,Kandra,,hamlet,,Rudraprayag,30.54584,79.06736
7837697905,Kandwalgaon,,hamlet,,Rudraprayag,30.39156,78.86182
7837869306,Kankhal,,hamlet,,Rudraprayag,30.34561,78.88277
7835376821,Kanla,,hamlet,,Rudraprayag,30.29531,79.05838
2379520283,Kansill,,village,,Rudraprayag,30.42378,79.12345
7835523275,Kanyas,,hamlet,,Rudraprayag,30.44093,79.09373
7835956501,Kaphli,,hamlet,,Rudraprayag,30.38280,78.95494
7837769526,Kaphna,,hamlet,,Rudraprayag,30.31067,78.90693
7733750252,Karnoali,,hamlet,,Rudraprayag,30.49927,78.90936
7837869307,Kathludiyar,,hamlet,,Rudraprayag,30.34349,78.88749
7837744387,Kathyana,,hamlet,,Rudraprayag,30.32111,78.99282
2383637780,Kaushalpur,,hamlet,,Rudraprayag,30.43417,79.05576
1188262619,Kedarnath,केदारनाथ,town,,Rudraprayag,30.73389,79.06691
7835732761,Kemana,,hamlet,,Rudraprayag,30.63283,78.99232
7835936694,Ket,,hamlet,,Rudraprayag,30.48789,78.91666
7835376832,Khairi,,hamlet,,Rudraprayag,30.27510,79.00102
7837711585,Khal,,hamlet,,Rudraprayag,30.38347,78.92264
7835281106,Khali,,hamlet,,Rudraprayag,30.37351,79.06610
7835907251,Khalyan,,village,,Rudraprayag,30.45746,78.91085
7835281105,Khamoli,,hamlet,,Rudraprayag,30.37366,79.07291
7835670781,Khandav,,hamlet,,Rudraprayag,30.37373,79.01650
342108156,Khankara,,hamlet,,Rudraprayag,30.24397,78.91779
342108076,Kharbatyakhal,,village,,Rudraprayag,30.34012,79.06861
7834673840,Khariya,,hamlet,,Rudraprayag,30.56791,79.04640
7835376811,Kharkota,,hamlet,,Rudraprayag,30.26549,79.07317
7834714365,Khat,,hamlet,,Rudraprayag,30.57790,79.04629
7836128283,Khawa,,hamlet,,Rudraprayag,30.40769,78.82841
7733745686,Kher,,hamlet,,Rudraprayag,30.49820,78.96900
7834673856,Khera,,hamlet,,Rudraprayag,30.50954,79.03683
7835275908,Kholidhar,,hamlet,,Rudraprayag,30.38864,79.07353
7837769519,Khorgod,,hamlet,,Rudraprayag,30.29537,78.86774
7862944421,Khumara,,hamlet,,Rudraprayag,30.55363,79.06050
7835088246,Khunnu,,hamlet,,Rudraprayag,30.58873,79.07596
7835677844,Khurar,,hamlet,,Rudraprayag,30.30647,79.00344
7834673857,Kimana,,hamlet,,Rudraprayag,30.50175,79.09853
7835564996,Kimana,,hamlet,,Rudraprayag,30.43217,79.03246
7835956490,Kingadiya,,hamlet,,Rudraprayag,30.47344,78.86671
7835916869,Kini,,hamlet,,Rudraprayag,30.40754,78.98942
7835916863,Kirora Talla,,hamlet,,Rudraprayag,30.41869,78.98320
7835303894,Kokhandi,,hamlet,,Rudraprayag,30.34453,79.09902
7835292286,Kolhu,,hamlet,,Rudraprayag,30.35536,79.05488
7862954064,Korkhi Malla,,hamlet,,Rudraprayag,30.55705,79.04719
7862954065,Korkhi Talla,,hamlet,,Rudraprayag,30.55907,79.05417
7834623527,Korokhi,,hamlet,,Rudraprayag,30.50606,79.11990
7835896948,Kot,,hamlet,,Rudraprayag,30.38769,78.99092
7835376812,Kot Canaal,,hamlet,,Rudraprayag,30.26277,79.07018
7835376810,Kot Mala,,hamlet,,Rudraprayag,30.27001,79.07651
7862944425,Kothera,,hamlet,,Rudraprayag,30.54016,79.06827
7837697902,Koti,,hamlet,,Rudraprayag,30.39742,78.87127
7837749754,Kotli,,hamlet,,Rudraprayag,30.27423,78.92059
7834554869,Kotma,,hamlet,,Rudraprayag,30.60522,79.16683
7835088244,Kotma,,hamlet,,Rudraprayag,30.58098,79.07903
7835437764,Kuher,,hamlet,,Rudraprayag,30.48245,79.11400
7835677835,Kuher,,hamlet,,Rudraprayag,30.36227,79.00874
7835896940,Kumri,,hamlet,,Rudraprayag,30.38033,78.98632
342107444,Kund,,hamlet,,Rudraprayag,30.50491,79.08783
7835534998,Kund,,hamlet,,Rudraprayag,30.42666,79.06263
7836136887,Kund,,hamlet,,Rudraprayag,30.41646,78.85682
7862944439,Kundchthani,,hamlet,,Rudraprayag,30.50454,79.08245
7835437760,Kundlya,,hamlet,,Rudraprayag,30.48896,79.10826
7835732759,Kunigarh(sitapur),,hamlet,,Rudraprayag,30.62478,78.99771
7834623520,Kunjalpuri,,hamlet,,Rudraprayag,30.54887,79.11986
7835126995,Kunjethi,,hamlet,,Rudraprayag,30.55870,79.09085
7835195268,Kunjethi,,hamlet,,Rudraprayag,30.42230,79.10325
7835283479,Kunwali,,hamlet,,Rudraprayag,30.25054,79.07372
7837711592,Kurara,,hamlet,,Rudraprayag,30.38745,78.88479
2377984982,Kurchhola,,hamlet,,Rudraprayag,30.39625,78.94358
7835548775,Kuri,,hamlet,,Rudraprayag,30.42775,79.02092
7858386517,Kwanri,,hamlet,,Rudraprayag,30.25034,79.07874
7837714813,Kwila,,hamlet,,Rudraprayag,30.32614,78.93308
7835376834,Kyark,,hamlet,,Rudraprayag,30.26782,79.01006
7835437763,Kyark,,hamlet,,Rudraprayag,30.48506,79.11583
7835523270,Kyark,,hamlet,,Rudraprayag,30.44434,79.04359
7835677847,Kyark,,hamlet,,Rudraprayag,30.31845,79.02440
342108095,Kyunja,,village,,Rudraprayag,30.43213,79.10157
7835292288,Kyuri,,hamlet,,Rudraprayag,30.34534,79.07107
7835303888,Kyuri,,hamlet,,Rudraprayag,30.34186,79.11208
7835376807,Ladoli,,hamlet,,Rudraprayag,30.25667,79.07427
7835534991,Laljaman,,hamlet,,Rudraprayag,30.47426,79.03587
7835508094,Lamgaundi,,village,,Rudraprayag,30.49401,79.06887
7837711590,Lamwar,,hamlet,,Rudraprayag,30.38314,78.88869
7834756390,Lankh,,hamlet,,Rudraprayag,30.56563,79.11918
7836170461,Launga,,hamlet,,Rudraprayag,30.36959,78.89143
7835956492,Liswalte,,hamlet,,Rudraprayag,30.47175,78.89322
7835677856,Lodala,,hamlet,,Rudraprayag,30.34258,79.05183
7835088242,Lolchchara,,hamlet,,Rudraprayag,30.59076,79.05325
7837749758,Lolj,,hamlet,,Rudraprayag,30.26106,78.95552
7837697909,Luthyan,,hamlet,,Rudraprayag,30.37950,78.84907
7862944447,Lwani,,hamlet,,Rudraprayag,30.50165,79.05317
2379520273,Lyuntha,,hamlet,,Rudraprayag,30.32641,79.05311
7835200114,Machkandi,,hamlet,,Rudraprayag,30.43306,79.14513
2355825400,Madhmaheshwar,,village,,Rudraprayag,30.63474,79.22166
7835230505,Magryun,,hamlet,,Rudraprayag,30.40456,79.07895
7834673837,Maikhanda,,village,,Rudraprayag,30.57199,79.05872
2379520274,Maikoti,,hamlet,,Rudraprayag,30.34163,78.99833
7837714815,Maithana,,hamlet,,Rudraprayag,30.33149,78.91439
7835732760,Majoshi,,hamlet,,Rudraprayag,30.62642,78.99082
7837711593,Makhat,,hamlet,,Rudraprayag,30.38823,78.87804
7835200121,Makku,,village,,Rudraprayag,30.48134,79.13572
7834554870,Makoda,,hamlet,,Rudraprayag,30.60509,79.17173
7834623523,Maldi,,hamlet,,Rudraprayag,30.54901,79.13883
7835303890,Mali Kande,,hamlet,,Rudraprayag,30.33538,79.11440
2378000404,Malkhi,,hamlet,,Rudraprayag,30.38010,79.08022
7835651067,Malnau,,hamlet,,Rudraprayag,30.35531,79.04869
7837744392,Malthana,,hamlet,,Rudraprayag,30.33410,78.97363
7837853893,Malthanakhal,,village,,Rudraprayag,30.33361,78.90197
7837749755,Malyana,,hamlet,,Rudraprayag,30.25568,78.92712
2377985120,Manangnu,,hamlet,,Rudraprayag,30.38290,79.06453
7834673860,Mangoli,,hamlet,,Rudraprayag,30.52477,79.09837
2377985137,Manjhara,,hamlet,,Rudraprayag,30.58419,79.07288
7834623521,Mansuna,,village,,Rudraprayag,30.54807,79.12405
7836136885,Mar Pokhri,,village,,Rudraprayag,30.39837,78.84727
7835916866,Marana,,hamlet,,Rudraprayag,30.41172,78.99551
7837709991,Marengad,,hamlet,,Rudraprayag,30.35426,78.92376
7835956497,Margaon,,hamlet,,Rudraprayag,30.39293,78.93524
342107568,Mastura,,village,,Rudraprayag,30.51315,79.14139
7835651060,Matkhot,,hamlet,,Rudraprayag,30.37610,79.03534
7835534988,Mauth,,hamlet,,Rudraprayag,30.48114,79.04845
7837726820,Mawakhil,,hamlet,,Rudraprayag,30.31698,78.94471
342112544,Mayali,,village,,Rudraprayag,30.37829,78.89608
7837711589,Mayali,,hamlet,,Rudraprayag,30.38169,78.89615
7837744394,Medanpur,,village,,Rudraprayag,30.31353,78.96562
7835873311,Methyagaon,,hamlet,,Rudraprayag,30.48067,78.98851
342108103,Mohankhal,,village,,Rudraprayag,30.37857,79.14826
7835376809,Mola,,hamlet,,Rudraprayag,30.26303,79.07672
7835565005,Molkata,,hamlet,,Rudraprayag,30.40222,79.01745
7835956506,Molkti,,hamlet,,Rudraprayag,30.38197,78.97275
7835956500,Morarigad,,hamlet,,Rudraprayag,30.37657,78.95730
7837869309,Mosar,,hamlet,,Rudraprayag,30.34145,78.89562
7834714359,Mundhya Chak,,hamlet,,Rudraprayag,30.63764,79.00786
7835916873,Munna Dewa,,hamlet,,Rudraprayag,30.41082,78.96933
7835896949,Musadhung,,hamlet,,Rudraprayag,30.38990,78.98389
7837869305,Naban,,hamlet,,Rudraprayag,30.34649,78.87567
7835376829,Nag,,hamlet,,Rudraprayag,30.29267,79.00580
7835956496,Nag,,hamlet,,Rudraprayag,30.38543,78.93688
7835521072,Nagjagai,,village,,Rudraprayag,30.48024,79.06534
6590935954,Nagrasu,,village,,Rudraprayag,30.29896,79.11092
7835534997,Naili,,hamlet,,Rudraprayag,30.42696,79.06001
7835376830,Nailun,,hamlet,,Rudraprayag,30.29145,79.00973
7835281104,Naini,,hamlet,,Rudraprayag,30.37703,79.07543
7835565007,Naira,,hamlet,,Rudraprayag,30.39853,79.00685
7862944429,Nala,,hamlet,,Rudraprayag,30.53641,79.08488
7862944443,Namoli,,hamlet,,Rudraprayag,30.50415,79.07029
7862865280,Namu Dangi,,hamlet,,Rudraprayag,30.50157,78.97364
7834554868,Nanugad,,hamlet,,Rudraprayag,30.61517,79.19865
7862944424,Narayankoti,,hamlet,,Rudraprayag,30.54362,79.07456
7837744388,Nari,,hamlet,,Rudraprayag,30.32346,78.99047
342108146,Narkota,,village,,Rudraprayag,30.25772,78.93402
7837749756,Narkota,,hamlet,,Rudraprayag,30.25873,78.93631
7835896941,Naulipan,,hamlet,,Rudraprayag,30.37725,78.98307
7837697901,Nausari,,hamlet,,Rudraprayag,30.38860,78.86912
2355705128,Nyalsu,,hamlet,,Rudraprayag,30.61674,79.00716
7835873310,Nyati,,hamlet,,Rudraprayag,30.47147,78.99632
7835437758,Oring,,hamlet,,Rudraprayag,30.45918,79.09973
7835200120,Pab,,hamlet,,Rudraprayag,30.47465,79.14417
7858272555,Pabau,,hamlet,,Rudraprayag,30.24879,79.00881
7837744393,Padla,,hamlet,,Rudraprayag,30.32849,78.98285
7837749757,Pagolbhayakhal,,hamlet,,Rudraprayag,30.26001,78.94346
7835548764,Paidul,,hamlet,,Rudraprayag,30.32275,79.03799
7835521066,Pailing,,hamlet,,Rudraprayag,30.47079,79.10113
7834673858,Painj,,hamlet,,Rudraprayag,30.50690,79.10307
7836136886,Palakurali,,village,,Rudraprayag,30.40955,78.84101
7834623517,Pali,,hamlet,,Rudraprayag,30.53427,79.10607
7835143083,Pali,,hamlet,,Rudraprayag,30.53633,79.10876
7835896938,Pali,,hamlet,,Rudraprayag,30.38456,78.97646
7835534992,Paliyon,,hamlet,,Rudraprayag,30.46858,79.03564
7835376814,PallaKodima,,hamlet,,Rudraprayag,30.25688,79.05402
7835896942,Pandrola,,hamlet,,Rudraprayag,30.37085,78.98386
7835936687,Pang Chak,,hamlet,,Rudraprayag,30.46677,78.93214
6520225722,Panwali Kantha,,hamlet,,Rudraprayag,30.56968,78.86745
7835126994,Pari,,hamlet,,Rudraprayag,30.55463,79.09619
7862944441,Pasalat,,hamlet,,Rudraprayag,30.50163,79.07880
7835565013,Pasta,,hamlet,,Rudraprayag,30.45656,79.05690
7835548765,Pata,,hamlet,,Rudraprayag,30.32500,79.03219
7835896939,Patrigyan,,hamlet,,Rudraprayag,30.38960,78.97633
7835916880,Paukhta Chak,,hamlet,,Rudraprayag,30.42976,78.93778
7834623542,Paundar,,hamlet,,Rudraprayag,30.57168,79.13014
7835523271,Paundar,,hamlet,,Rudraprayag,30.44716,79.05305
7862944442,Phal,,hamlet,,Rudraprayag,30.50001,79.07463
7835565000,Phalai,,hamlet,,Rudraprayag,30.40494,79.03724
7835651066,Phalasi,,hamlet,,Rudraprayag,30.35925,79.04627
7835896946,Phalati,,hamlet,,Rudraprayag,30.37811,78.99621
7834623518,Phaphanj,,hamlet,,Rudraprayag,30.53514,79.11175
7835143082,Phaphanj,,hamlet,,Rudraprayag,30.53401,79.11064
7837757256,Pharkiya,,hamlet,,Rudraprayag,30.29937,78.92868
342108342,Phata,,hamlet,,Rudraprayag,30.57724,79.03950
7835521073,Phegu,,village,,Rudraprayag,30.48207,79.07129
7835230510,Pillu,,village,,Rudraprayag,30.41227,79.09082
7837744395,Pingari,,hamlet,,Rudraprayag,30.32995,78.96258
7835195274,Pinglapani,,hamlet,,Rudraprayag,30.42895,79.11612
7835508093,Pithaura,,hamlet,,Rudraprayag,30.49712,79.06672
7837769520,Pokbra,,hamlet,,Rudraprayag,30.29772,78.86983
7835376831,Pokharsari,,hamlet,,Rudraprayag,30.28865,79.00207
7835376824,Pokhri,,hamlet,,Rudraprayag,30.28911,79.03996
7835200126,Pothibasa Chatti,,hamlet,,Rudraprayag,30.49995,79.16591
7835936685,Pujan,,hamlet,,Rudraprayag,30.45316,78.93429
7835916884,Pulan Talla,,hamlet,,Rudraprayag,30.44717,78.92996
7835916883,Puranda Chak,,hamlet,,Rudraprayag,30.45096,78.92944
10865206783,Puryas,,hamlet,,Rudraprayag,30.32401,79.14665
7836128282,Raikhal,,hamlet,,Rudraprayag,30.41353,78.82559
2377998263,Raingu,,hamlet,,Rudraprayag,30.43524,79.08526
7834714362,Rali,,hamlet,,Rudraprayag,30.58998,79.03783
2379495094,Rambara,,hamlet,,Rudraprayag,30.69530,79.05468
342108370,Rampur,,hamlet,,Rudraprayag,30.61745,79.01070
2385471673,Rari,,hamlet,,Rudraprayag,30.41458,79.04071
7837744396,Ratanpur,,hamlet,,Rudraprayag,30.32369,78.95679
342108167,Ratura,,village,,Rudraprayag,30.30716,79.04526
7834756392,Raun Lenkh,,hamlet,,Rudraprayag,30.56254,79.11573
7834756394,Raunchak,,hamlet,,Rudraprayag,30.56794,79.11038
7834673839,Ravigaon,,hamlet,,Rudraprayag,30.57230,79.04349
342107378,Rudraprayag,रुद्रप्रयाग,town,15000,Rudraprayag,30.28656,78.98072
7862944431,Rudrapur,,hamlet,,Rudraprayag,30.53245,79.07377
7835713610,Rumsi,,hamlet,,Rudraprayag,30.38866,79.04702
2377985110,Rānsi,,hamlet,,Rudraprayag,30.58721,79.14298
7837757258,Saini,,hamlet,,Rudraprayag,30.29785,78.90279
8424191193,Saklana,,village,,Rudraprayag,30.35542,78.89128
7858335007,Sakrori,,hamlet,,Rudraprayag,30.20771,78.99999
7834623528,Samar,,hamlet,,Rudraprayag,30.50078,79.14013
7862944435,Sami,,hamlet,,Rudraprayag,30.51350,79.08374
7835437759,Samla,,hamlet,,Rudraprayag,30.49296,79.11010
7835677848,San,,hamlet,,Rudraprayag,30.31553,79.01925
7835936695,San,,hamlet,,Rudraprayag,30.48425,78.91719
7835896950,Sanal,,hamlet,,Rudraprayag,30.39735,78.98204
7837744385,Sandar,,hamlet,,Rudraprayag,30.30528,78.98558
7835548761,Sangu,,hamlet,,Rudraprayag,30.32393,79.04658
7835523273,Sangur,,hamlet,,Rudraprayag,30.44873,79.05703
7837714814,Sanknyana,,hamlet,,Rudraprayag,30.32769,78.92351
7862944433,Sankri,,hamlet,,Rudraprayag,30.52276,79.07754
7862944434,Sansari,,hamlet,,Rudraprayag,30.50909,79.08822
7837769523,Sansi,,hamlet,,Rudraprayag,30.28066,78.87415
7834623525,Sari,,village,,Rudraprayag,30.51688,79.13526
7835143084,Saruna,,hamlet,,Rudraprayag,30.54006,79.10666
7835677846,Satera,,village,,Rudraprayag,30.32471,79.00306
7862944446,Selya,,hamlet,,Rudraprayag,30.50923,79.04531
7835916870,Sem,,hamlet,,Rudraprayag,30.40901,78.97898
7837769528,Semalta,,hamlet,,Rudraprayag,30.31139,78.91886
7862954063,Semkurala,,hamlet,,Rudraprayag,30.55566,79.04504
7834714360,Sersi,,hamlet,,Rudraprayag,30.60414,79.01455
7835916868,Shila,,hamlet,,Rudraprayag,30.41115,78.98721
7837714816,Shilgaon,,hamlet,,Rudraprayag,30.33608,78.92012
7835916875,Shimoli,,hamlet,,Rudraprayag,30.40826,78.95356
7835916872,Shiyali,,hamlet,,Rudraprayag,30.41438,78.96839
7835896951,Sidhsaur,,hamlet,,Rudraprayag,30.39749,78.96217
7835200122,Silgot,,hamlet,,Rudraprayag,30.49622,79.12826
7835565004,Silla,,hamlet,,Rudraprayag,30.40140,79.02177
7835548770,Simalsari,,hamlet,,Rudraprayag,30.32873,79.05358
7835280597,Simartal,,hamlet,,Rudraprayag,30.35668,79.08581
7835896937,Simi,,hamlet,,Rudraprayag,30.37718,78.97841
7835564998,Singhat,,hamlet,,Rudraprayag,30.41961,79.02488
7862944440,Singoli,,hamlet,,Rudraprayag,30.50676,79.08190
7835376819,Sintoli,,hamlet,,Rudraprayag,30.28554,79.06780
7835713607,Sira,,hamlet,,Rudraprayag,30.39747,79.04624
7837769527,Sirola,,hamlet,,Rudraprayag,30.31196,78.91140
7835508095,Sirwani,,hamlet,,Rudraprayag,30.49354,79.06154
7837749750,Sirwani,,hamlet,,Rudraprayag,30.29056,78.89821
7835936686,Sirwari,,hamlet,,Rudraprayag,30.46485,78.92635
342108377,Sitapur,,hamlet,,Rudraprayag,30.61714,78.99867
7835088243,Somu,,hamlet,,Rudraprayag,30.57810,79.07593
7717922249,Sonali,,hamlet,,Rudraprayag,30.54266,79.16750
1809868954,Sonprayag,,hamlet,,Rudraprayag,30.63171,78.99866
7835437757,Sursal,,hamlet,,Rudraprayag,30.46368,79.08518
7835280595,Swanri,,hamlet,,Rudraprayag,30.36363,79.08456
7835896955,Swata,,hamlet,,Rudraprayag,30.40260,78.98600
7836136892,Syaldun,,hamlet,,Rudraprayag,30.40313,78.87993
7834623534,Syalni,,hamlet,,Rudraprayag,30.50757,79.17488
7837769522,Syanri,,hamlet,,Rudraprayag,30.29557,78.88373
7835088245,Syansu,,hamlet,,Rudraprayag,30.58532,79.08452
7835677842,Syund,,hamlet,,Rudraprayag,30.32790,79.01109
7835677845,Syupuri,,village,,Rudraprayag,30.31971,79.00301
7835565010,Syur,,village,,Rudraprayag,30.44435,79.00338
342107665,Tala,,village,,Rudraprayag,30.51041,79.16062
7835272580,Talgar,,hamlet,,Rudraprayag,30.35142,79.11235
7834623537,Tali,,hamlet,,Rudraprayag,30.52172,79.19655
7835713608,Tali,,hamlet,,Rudraprayag,30.38734,79.03761
7862944436,Tali,,hamlet,,Rudraprayag,30.51270,79.08222
2379520281,Talsari,,hamlet,,Rudraprayag,30.40544,79.07139
7837744389,Tamino,,hamlet,,Rudraprayag,30.33060,78.99375
7835292285,Tarag,,hamlet,,Rudraprayag,30.36068,79.06751
7834714363,Tarsali,,hamlet,,Rudraprayag,30.58578,79.02072
7837709995,Taryalgaon,,hamlet,,Rudraprayag,30.36322,78.92960
7835521071,Temriya,,hamlet,,Rudraprayag,30.47502,79.07806
7837711587,Tendwal,,hamlet,,Rudraprayag,30.37969,78.91444
7835677843,Thalasu,,hamlet,,Rudraprayag,30.33749,79.00689
7835521068,Thand,,hamlet,,Rudraprayag,30.47269,79.09255
7837709996,Thapie,,hamlet,,Rudraprayag,30.36904,78.92861
7837769525,Thapil,,hamlet,,Rudraprayag,30.31448,78.90722
7834756391,Thaponj,,hamlet,,Rudraprayag,30.56131,79.12162
7835916871,Thati,,hamlet,,Rudraprayag,30.41282,78.97251
7835303885,Thavalgaon,,hamlet,,Rudraprayag,30.33235,79.13054
7858335006,Thulketu Malla,,hamlet,,Rudraprayag,30.20359,79.00234
7858335005,Thulketu Talla,,hamlet,,Rudraprayag,30.20053,79.00216
342112524,Tilwara,,village,,Rudraprayag,30.34561,78.97660
7835896956,Timali,,hamlet,,Rudraprayag,30.40315,78.99635
7837769524,Timli,,hamlet,,Rudraprayag,30.31789,78.89967
7835651061,Tinej,,hamlet,,Rudraprayag,30.37096,79.03745
7835534987,Tinsoli,,village,,Rudraprayag,30.47533,79.05568
7835916878,Toli Chak,,hamlet,,Rudraprayag,30.41974,78.92215
6431421067,Toshi,,hamlet,,Rudraprayag,30.66345,78.97090
2377998255,Trijugi Nārāyan,,village,,Rudraprayag,30.64241,78.97796
7835261484,Tukanda,,hamlet,,Rudraprayag,30.32787,79.13585
7834673855,Tulanga,,village,,Rudraprayag,30.50517,79.04227
7835508096,Tulanga,,hamlet,,Rudraprayag,30.49924,79.04576
7835376828,Tuna,,hamlet,,Rudraprayag,30.29078,79.00593
7837709993,Tuneta,,hamlet,,Rudraprayag,30.36042,78.93630
342109919,Tunganath,,hamlet,,Rudraprayag,30.48928,79.21732
7835283480,Turiyal,,hamlet,,Rudraprayag,30.25294,79.08007
7835873308,Tyona,,hamlet,,Rudraprayag,30.48014,78.96447
7837697908,Tyunkhar,,hamlet,,Rudraprayag,30.37835,78.86439
7837697910,Tyunkhar,,hamlet,,Rudraprayag,30.37567,78.84907
7862954062,Tyuri,,hamlet,,Rudraprayag,30.54675,79.04613
7836136888,Uchhna,,hamlet,,Rudraprayag,30.40820,78.85543
7835508098,Uchhola,,hamlet,,Rudraprayag,30.47122,79.01019
299531768,Ukhimath,ऊखीमठ,town,1000,Rudraprayag,30.51395,79.09476
7834623544,Uniyana,,hamlet,,Rudraprayag,30.57557,79.13057
7835272583,Urkholi,,hamlet,,Rudraprayag,30.36606,79.06138
7836136891,Uroli,,hamlet,,Rudraprayag,30.40833,78.86823
7834623532,Usara,,hamlet,,Rudraprayag,30.50739,79.15775
7835521065,Uthind,,hamlet,,Rudraprayag,30.47730,79.10898
7837709997,Utlasi,,hamlet,,Rudraprayag,30.37775,78.92936
7835916865,Utrasu,,village,,Rudraprayag,30.41524,78.99574
7835956499,Vad,,hamlet,,Rudraprayag,30.37542,78.94901
7835956503,Vari,,hamlet,,Rudraprayag,30.38900,78.96388
7835376820,Vijaygarh,,hamlet,,Rudraprayag,30.29198,79.06107
7835677850,Warsil,,hamlet,,Rudraprayag,30.32262,79.01822
8025253696,arsyun,,hamlet,,Rudraprayag,30.22609,78.95546
8025091673,bagoli,,hamlet,,Rudraprayag,30.21919,78.92040
8025253698,bamsu,,hamlet,,Rudraprayag,30.22290,78.94728
8025253700,barah,,hamlet,,Rudraprayag,30.21798,78.95003
8025253711,barsori,,hamlet,,Rudraprayag,30.20434,78.98856
8025091646,bhankot,,hamlet,,Rudraprayag,30.20475,78.93535
8025253710,chaulan,,hamlet,,Rudraprayag,30.19719,78.98990
8025253699,chhatora,,hamlet,,Rudraprayag,30.21832,78.94387
8025253712,chirpia,,hamlet,,Rudraprayag,30.20075,78.98372
8025091675,diji,,hamlet,,Rudraprayag,30.24683,78.91719
8025253708,dondru,,hamlet,,Rudraprayag,30.20949,78.98601
8025253703,dongra,,hamlet,,Rudraprayag,30.21925,78.96290
8025091678,fatehpur,,hamlet,,Rudraprayag,30.23471,78.93061
8025091644,garh,,hamlet,,Rudraprayag,30.21093,78.93082
8025253715,gersari,,hamlet,,Rudraprayag,30.20129,78.96819
8025253692,gwar,,hamlet,,Rudraprayag,30.24672,78.98015
8025253702,jaintha,,hamlet,,Rudraprayag,30.21131,78.96297
8025091648,kabalkhel,,hamlet,,Rudraprayag,30.21331,78.92544
8025253706,kamoldi,,hamlet,,Rudraprayag,30.20692,78.97773
8025253695,kanda,,hamlet,,Rudraprayag,30.21210,78.94427
8025253713,khalia,,hamlet,,Rudraprayag,30.19521,78.98196
8025091645,khalion,,hamlet,,Rudraprayag,30.20920,78.93520
8025253714,koili,,hamlet,,Rudraprayag,30.20022,78.97552
8025253719,mandla,,hamlet,,Rudraprayag,30.19662,78.95434
8025091679,margaon,,hamlet,,Rudraprayag,30.23004,78.92690
8025253718,margaon,,hamlet,,Rudraprayag,30.20082,78.94582
8025253720,mochiagaon,,hamlet,,Rudraprayag,30.20587,78.95019
8025253705,mohr,,hamlet,,Rudraprayag,30.20885,78.96962
8025091647,naokhu,,hamlet,,Rudraprayag,30.20475,78.92904
8025091650,nawasu,,hamlet,,Rudraprayag,30.21050,78.91655
8025091674,panidhara,,hamlet,,Rudraprayag,30.22633,78.92329
8025253709,pata,,hamlet,,Rudraprayag,30.19412,78.99438
8025253707,pipli,,hamlet,,Rudraprayag,30.20708,78.98209
8025253693,pira,,hamlet,,Rudraprayag,30.24023,78.98730
8025253704,ralikhetu,,hamlet,,Rudraprayag,30.21398,78.97474
8025253691,ranigarh,,hamlet,,Rudraprayag,30.24137,78.96079
8025253701,sanalgaon,,hamlet,,Rudraprayag,30.21089,78.95256
8025091680,sanaon,,hamlet,,Rudraprayag,30.23293,78.91819
8025253697,shiupuri,,hamlet,,Rudraprayag,30.22711,78.93863
8025253716,sorari,,hamlet,,Rudraprayag,30.20055,78.96576
8025253717,taithi,,hamlet,,Rudraprayag,30.20240,78.96158
342114755,Aapki,,hamlet,,Tehri Garhwal,30.50990,78.54433
7887076734,Adali,,hamlet,,Tehri Garhwal,30.18071,78.32967
7836159785,Adhwangaon,,hamlet,,Tehri Garhwal,30.43310,78.80876
7886624375,Adwani,,village,,Tehri Garhwal,30.24720,78.39245
7838058735,Agar,,hamlet,,Tehri Garhwal,30.57843,78.63822
7843672364,Agenda,,hamlet,,Tehri Garhwal,30.50841,78.24333
7843774371,Aglar Nadi,,hamlet,,Tehri Garhwal,30.50097,78.14002
7853239305,Aglar Nadi,,hamlet,,Tehri Garhwal,30.50430,78.09691
342114425,Agrakhal,,village,,Tehri Garhwal,30.21359,78.32770
342110394,Agunda,,village,,Tehri Garhwal,30.60654,78.63877
7874322180,Agyarna,,hamlet,,Tehri Garhwal,30.48852,78.14185
342115869,Aindi,,hamlet,,Tehri Garhwal,30.62256,78.14329
7837790437,Airari,,hamlet,,Tehri Garhwal,30.27625,78.77662
7843774362,Airi,,hamlet,,Tehri Garhwal,30.52592,78.15780
7853222432,Akhli,,hamlet,,Tehri Garhwal,30.61766,78.11566
342111300,Akhori,,village,,Tehri Garhwal,30.44998,78.75687
342113081,Aleru,,village,,Tehri Garhwal,30.44677,78.39527
3226540542,Almos,,village,,Tehri Garhwal,30.47738,78.19681
7853797403,Alum,,hamlet,,Tehri Garhwal,30.37763,78.46786
7840229710,Amar Shakar,,hamlet,,Tehri Garhwal,30.52419,78.66653
7886655692,Amari,,hamlet,,Tehri Garhwal,30.18307,78.43721
7886990233,Amendi,,hamlet,,Tehri Garhwal,30.20621,78.26778
342114319,Amni,,village,,Tehri Garhwal,30.19867,78.60169
7886624368,Amol,,hamlet,,Tehri Garhwal,30.21528,78.38670
7873054447,Ampata,,hamlet,,Tehri Garhwal,30.26845,78.37943
7886507868,Amsari,,hamlet,,Tehri Garhwal,30.24061,78.46974
7873054474,Andarphiogaon,,hamlet,,Tehri Garhwal,30.25370,78.45039
7843749988,Andhiyari,,hamlet,,Tehri Garhwal,30.57685,78.23593
7886655705,Anetha,,hamlet,,Tehri Garhwal,30.20890,78.44526
7836158107,Anthwalgaon,,hamlet,,Tehri Garhwal,30.44064,78.79809
7864715117,Arakot,,village,,Tehri Garhwal,30.36491,78.37749
7839895911,Aras,,hamlet,,Tehri Garhwal,30.53619,78.63858
7864715114,Arogi,,hamlet,,Tehri Garhwal,30.35883,78.36056
7840249075,Atkal Chak,,hamlet,,Tehri Garhwal,30.53851,78.68834
7838058743,Bachdobha,,hamlet,,Tehri Garhwal,30.59023,78.69578
7840229709,Bachhangaon,,hamlet,,Tehri Garhwal,30.52079,78.66774
7886990248,Badeda Malla,,hamlet,,Tehri Garhwal,30.22425,78.31586
1556660133,BadedaTalla,,hamlet,,Tehri Garhwal,30.17155,78.31065
7886990220,Badera,,hamlet,,Tehri Garhwal,30.23034,78.31917
7886624358,Badhan,,hamlet,,Tehri Garhwal,30.19395,78.39672
7887543656,Badir,,hamlet,,Tehri Garhwal,30.08478,78.48412
7836160337,Badiyar,,hamlet,,Tehri Garhwal,30.44522,78.80672
7837776814,Badiyar,,hamlet,,Tehri Garhwal,30.28830,78.83293
7837880050,Badiyargaon,,hamlet,,Tehri Garhwal,30.38480,78.81981
7862020151,Badiyon,,hamlet,,Tehri Garhwal,30.34680,78.31031
7872911836,Badshahithaul,,hamlet,,Tehri Garhwal,30.33977,78.40741
7856628354,Badyo,,hamlet,,Tehri Garhwal,30.37678,78.31572
7835793239,Bagar,,hamlet,,Tehri Garhwal,30.53600,78.78662
7887076749,Bagargaon,,hamlet,,Tehri Garhwal,30.17821,78.30132
7843758086,Bagi,,hamlet,,Tehri Garhwal,30.53460,78.25013
7856839161,Bagi,,hamlet,,Tehri Garhwal,30.48553,78.29716
7862020148,Bagi,,hamlet,,Tehri Garhwal,30.32530,78.32188
7875293915,Bagi,,hamlet,,Tehri Garhwal,30.50323,78.46955
7886755242,Bagi,,hamlet,,Tehri Garhwal,30.13939,78.47592
6520174608,Bagi Kharak,,hamlet,,Tehri Garhwal,30.61467,78.77021
7873054458,Bagid,,hamlet,,Tehri Garhwal,30.26626,78.45622
7880927716,Bagon,,hamlet,,Tehri Garhwal,30.58728,78.28619
342110088,Bagwan,,village,,Tehri Garhwal,30.22064,78.67996
7886719413,Bagwan,,hamlet,,Tehri Garhwal,30.11794,78.44054
7837784283,Bagyon,,hamlet,,Tehri Garhwal,30.32457,78.77505
7864715095,Bahera,,hamlet,,Tehri Garhwal,30.35484,78.36788
7850301256,Bailgoan,,village,,Tehri Garhwal,30.47497,78.39724
7886755240,Bairgaon,,hamlet,,Tehri Garhwal,30.14426,78.46487
7875125736,Bairongi,,hamlet,,Tehri Garhwal,30.54994,78.49459
7843672358,Bait,,hamlet,,Tehri Garhwal,30.51372,78.21729
7872921397,Bajaber,,hamlet,,Tehri Garhwal,30.30598,78.47165
7839895897,Bajiganga,,hamlet,,Tehri Garhwal,30.52474,78.74782
7854583045,Bajl,,hamlet,,Tehri Garhwal,30.52553,78.02334
7853017119,Balasi Dobata,,village,,Tehri Garhwal,30.41087,78.45318
7880751573,Balla,,hamlet,,Tehri Garhwal,30.53014,78.28742
7880751578,Ballamthigaon,,hamlet,,Tehri Garhwal,30.53652,78.28008
7872911855,Balma,,hamlet,,Tehri Garhwal,30.36173,78.45685
7835793245,Balsera,,hamlet,,Tehri Garhwal,30.52881,78.76345
7847576241,Bamangaon,,hamlet,,Tehri Garhwal,30.62590,78.11260
7873054473,Bamangaon,,hamlet,,Tehri Garhwal,30.25062,78.45504
7856628343,Bamrari,,hamlet,,Tehri Garhwal,30.46088,78.36374
7840249078,Bamura,,hamlet,,Tehri Garhwal,30.56100,78.69938
7886624366,Banal,,hamlet,,Tehri Garhwal,30.22123,78.39172
7887076737,Banali,,hamlet,,Tehri Garhwal,30.18652,78.32464
7886624365,Banali Talli,,hamlet,,Tehri Garhwal,30.21821,78.39962
7839637444,Banani,,hamlet,,Tehri Garhwal,30.50236,78.53749
7886507872,Banatu Ka Gaon,,hamlet,,Tehri Garhwal,30.23148,78.47918
7856839159,Banda,,hamlet,,Tehri Garhwal,30.47468,78.31261
7854583042,Bandarkot,,hamlet,,Tehri Garhwal,30.51447,78.00264
7853222439,Bandasari,,hamlet,,Tehri Garhwal,30.58797,78.09314
7880927708,Bandrakoti,,hamlet,,Tehri Garhwal,30.60719,78.27492
7887157142,Bandriam,,hamlet,,Tehri Garhwal,30.17492,78.35665
7839795556,Banen,,hamlet,,Tehri Garhwal,30.50828,78.60241
7854733597,Bangaon,,hamlet,,Tehri Garhwal,30.55543,78.01032
7836160339,Bangat,,hamlet,,Tehri Garhwal,30.44524,78.81991
7852043551,Bangdwara,,hamlet,,Tehri Garhwal,30.42540,78.49111
7856839155,Bangiyal,,hamlet,,Tehri Garhwal,30.45692,78.29597
7856731287,Bangoli,,hamlet,,Tehri Garhwal,30.37239,78.25476
7843781721,Bangsil,,hamlet,,Tehri Garhwal,30.54635,78.18335
7853797393,Bankot,,hamlet,,Tehri Garhwal,30.40445,78.39805
7838109824,Banoli,,hamlet,,Tehri Garhwal,30.55418,78.58491
8432044451,Banoli,,village,,Tehri Garhwal,30.55287,78.59279
7886755227,Bansktal,,village,,Tehri Garhwal,30.18475,78.48611
7838105616,Bara,,hamlet,,Tehri Garhwal,30.55590,78.60670
7852043550,Barakhali,,hamlet,,Tehri Garhwal,30.41252,78.48167
7886624349,Baral,,village,,Tehri Garhwal,30.14498,78.37994
7838021557,Baril,,hamlet,,Tehri Garhwal,30.61455,78.64418
7887076752,Barkot,,hamlet,,Tehri Garhwal,30.16510,78.31330
7853797394,Baromangaon,,hamlet,,Tehri Garhwal,30.40897,78.41136
7873054457,Barsurgaon,,hamlet,,Tehri Garhwal,30.26652,78.46057
7852043554,Barudi,,hamlet,,Tehri Garhwal,30.41499,78.49205
7858062594,Barwalgaon,,village,,Tehri Garhwal,30.45137,78.36518
7843708094,Basangaon,,hamlet,,Tehri Garhwal,30.61886,78.13712
7852995979,Baseli,,village,,Tehri Garhwal,30.44986,78.46017
7872911832,Basuglbagi,,hamlet,,Tehri Garhwal,30.34849,78.41642
7872911834,Batykhem,,hamlet,,Tehri Garhwal,30.35218,78.42524
5057198933,Baurari,,village,,Tehri Garhwal,30.37862,78.44071
7880927754,Bayargaon,,hamlet,,Tehri Garhwal,30.54044,78.32724
342114471,Bayasi,,village,,Tehri Garhwal,30.06827,78.46915
7872911828,Behalcol,,hamlet,,Tehri Garhwal,30.37188,78.38380
7837944225,Belakkhal,,hamlet,,Tehri Garhwal,30.68860,78.60255
7839691728,Benkundiali,,hamlet,,Tehri Garhwal,30.52552,78.52524
7886990228,Berakharak,,hamlet,,Tehri Garhwal,30.20941,78.26206
7886990222,Berdhal,,hamlet,,Tehri Garhwal,30.22414,78.30407
7886624337,Berni Badi,,hamlet,,Tehri Garhwal,30.23378,78.39183
7886624338,Berni Choti,,hamlet,,Tehri Garhwal,30.23805,78.39715
7854583041,Bhadoli,,hamlet,,Tehri Garhwal,30.50733,78.00957
7843781709,Bhadulkal Chak,,hamlet,,Tehri Garhwal,30.56933,78.25215
342113298,Bhagirathipuram,,village,,Tehri Garhwal,30.38132,78.47122
7886990265,Bhagori,,hamlet,,Tehri Garhwal,30.23017,78.36775
7880676978,Bhagra,,hamlet,,Tehri Garhwal,30.54070,78.33544
7838058742,Bhaildgaon,,hamlet,,Tehri Garhwal,30.59245,78.69111
7853017102,Bhaindi,,hamlet,,Tehri Garhwal,30.40858,78.39479
7852043574,Bhainga,,hamlet,,Tehri Garhwal,30.48478,78.43291
7886990242,Bhainsark,,hamlet,,Tehri Garhwal,30.19709,78.30641
7856628344,Bhainskoti,,village,,Tehri Garhwal,30.45692,78.35702
7886990260,Bhaintari,,hamlet,,Tehri Garhwal,30.23506,78.35505
7872911854,Bhaintogi,,hamlet,,Tehri Garhwal,30.36843,78.45105
7886755233,Bhairgad,,hamlet,,Tehri Garhwal,30.17366,78.49324
7862020089,Bhaisaina,,hamlet,,Tehri Garhwal,30.32673,78.36582
7858004678,Bhal,,hamlet,,Tehri Garhwal,30.49792,78.26431
342113088,Bhaldiani,,village,,Tehri Garhwal,30.46646,78.40668
7873054478,Bhali,,hamlet,,Tehri Garhwal,30.25946,78.43249
7872921396,Bhalli,,hamlet,,Tehri Garhwal,30.31050,78.46903
7864708581,Bhandargaon,,hamlet,,Tehri Garhwal,30.28649,78.37629
7864715108,Bhandargaon,,hamlet,,Tehri Garhwal,30.33766,78.37084
7880676973,Bhaneti,,hamlet,,Tehri Garhwal,30.53556,78.33959
7880676970,Bhanetigad,,hamlet,,Tehri Garhwal,30.52415,78.33533
7872911829,Bhangarkhola,,hamlet,,Tehri Garhwal,30.36912,78.39468
7886655688,Bhangla,,hamlet,,Tehri Garhwal,30.18681,78.46260
7873054418,Bhanwarikhal,,hamlet,,Tehri Garhwal,30.42839,78.29625
7853797419,Bharpur,,hamlet,,Tehri Garhwal,30.49735,78.47702
342114773,Bharpuria,,village,,Tehri Garhwal,30.52086,78.51583
6433873389,Bhatgaon,,hamlet,,Tehri Garhwal,30.54266,78.61701
7835784729,Bhatgaon,,hamlet,,Tehri Garhwal,30.52654,78.80757
7835793247,Bhatgaon,,hamlet,,Tehri Garhwal,30.53617,78.75387
7835850581,Bhatgaon,,hamlet,,Tehri Garhwal,30.54222,78.80924
7886719420,Bhatia,,hamlet,,Tehri Garhwal,30.14275,78.41987
7873054475,Bhatoni,,hamlet,,Tehri Garhwal,30.25323,78.44444
7837880048,Bhatwara,,hamlet,,Tehri Garhwal,30.37895,78.80354
7836179294,Bhatwari,,hamlet,,Tehri Garhwal,30.37034,78.77685
7843708096,Bhatwari,,hamlet,,Tehri Garhwal,30.61393,78.13397
7872911841,Bhaun,,hamlet,,Tehri Garhwal,30.33545,78.44693
7836158102,Bhaurgaon,,hamlet,,Tehri Garhwal,30.44451,78.77825
7838072354,Bhayunri,,hamlet,,Tehri Garhwal,30.59690,78.60097
7872911831,Bhedari,,hamlet,,Tehri Garhwal,30.35529,78.40957
342116221,Bhedryana,,village,,Tehri Garhwal,30.50478,78.00508
7875293911,Bheila,,hamlet,,Tehri Garhwal,30.51116,78.47099
342113354,Bhelangi,,village,,Tehri Garhwal,30.43900,78.46436
7835793249,Bhelunta,,hamlet,,Tehri Garhwal,30.52882,78.75849
7853797449,Bhelunta,,village,,Tehri Garhwal,30.47669,78.48011
7886990250,Bhengarki,,hamlet,,Tehri Garhwal,30.22170,78.32643
7887157146,Bhengarki Talli,,hamlet,,Tehri Garhwal,30.17336,78.32783
7840249068,Bheti,,hamlet,,Tehri Garhwal,30.55891,78.67415
7880676977,Bheti,,hamlet,,Tehri Garhwal,30.54497,78.33007
342111100,Bhigun,,hamlet,,Tehri Garhwal,30.58578,78.67825
7836179288,Bhilgarhi,,hamlet,,Tehri Garhwal,30.35880,78.78815
7838109820,Bhimleth,,hamlet,,Tehri Garhwal,30.54339,78.55753
7837778590,Bhimpani,,hamlet,,Tehri Garhwal,30.25347,78.84800
7886990254,Bhingarki,,hamlet,,Tehri Garhwal,30.21973,78.34475
7886990253,Bhinnu,,hamlet,,Tehri Garhwal,30.22594,78.33456
7887157138,Bhiret,,hamlet,,Tehri Garhwal,30.15307,78.36007
7886990239,Bhitali,,hamlet,,Tehri Garhwal,30.20549,78.28735
7858062586,Bhongar,,hamlet,,Tehri Garhwal,30.42644,78.35252
7872911849,Bhotkoti,,hamlet,,Tehri Garhwal,30.35938,78.46762
7872911833,Bhurabagi,,hamlet,,Tehri Garhwal,30.35323,78.41761
7854987698,Bhutgaon,,hamlet,,Tehri Garhwal,30.60409,78.02641
7873054437,Bichla Hadam,,hamlet,,Tehri Garhwal,30.35943,78.39440
342114312,Bidakot,,village,,Tehri Garhwal,30.21515,78.59482
7862020129,Bidon,,hamlet,,Tehri Garhwal,30.29687,78.35664
7875293904,Bijpur,,hamlet,,Tehri Garhwal,30.52527,78.49250
342111122,Binakhal,,village,,Tehri Garhwal,30.56815,78.66642
7853222437,Binaun,,hamlet,,Tehri Garhwal,30.59232,78.09667
7837744963,Bindali,,hamlet,,Tehri Garhwal,30.25746,78.81429
7862020092,Birkate,,hamlet,,Tehri Garhwal,30.32480,78.37505
7880676974,Birkot,,hamlet,,Tehri Garhwal,30.52570,78.35284
7873054453,Birmangaon,,hamlet,,Tehri Garhwal,30.26429,78.44882
7854987691,Biror,,hamlet,,Tehri Garhwal,30.59308,78.07288
342110408,Bishangaon,,hamlet,,Tehri Garhwal,30.58875,78.67218
7886624377,Bon,,hamlet,,Tehri Garhwal,30.24611,78.41417
7835850575,Boransh Chaura,,hamlet,,Tehri Garhwal,30.59421,78.82830
7856727584,Borgad,,hamlet,,Tehri Garhwal,30.41237,78.34750
7853797426,Borsari,,hamlet,,Tehri Garhwal,30.44470,78.38271
7875293906,Bosari,,hamlet,,Tehri Garhwal,30.50134,78.49311
342111134,Budha Kedar,,village,,Tehri Garhwal,30.57770,78.64563
7839895901,Budhawan,,hamlet,,Tehri Garhwal,30.50845,78.70949
7872911852,Budogi,,hamlet,,Tehri Garhwal,30.36658,78.43346
7887543658,Bugala,,hamlet,,Tehri Garhwal,30.10018,78.48620
7847576242,Buransi,,hamlet,,Tehri Garhwal,30.63423,78.10513
7856628355,Buranskanda,,hamlet,,Tehri Garhwal,30.37580,78.30231
7854583048,Burari,,hamlet,,Tehri Garhwal,30.51204,78.04512
7843781717,Burkot,,hamlet,,Tehri Garhwal,30.55134,78.19803
7875125737,Burkot,,hamlet,,Tehri Garhwal,30.54681,78.49049
7858062647,Camidhar,,hamlet,,Tehri Garhwal,30.42039,78.25467
7843774366,Chadogi,,hamlet,,Tehri Garhwal,30.50926,78.06839
7835784728,Chadoli,,hamlet,,Tehri Garhwal,30.52284,78.80369
7839795560,Chagora,,hamlet,,Tehri Garhwal,30.51340,78.59040
342113223,Chaka,,village,,Tehri Garhwal,30.23712,78.50693
342113308,Chakharchoura,,village,,Tehri Garhwal,30.40192,78.43827
7856839137,Chakwtal,,hamlet,,Tehri Garhwal,30.42917,78.30299
7886990218,Chaldgaon,,hamlet,,Tehri Garhwal,30.24179,78.31999
7880751580,Chamargad,,hamlet,,Tehri Garhwal,30.54235,78.29308
7853239304,Chamasari,,hamlet,,Tehri Garhwal,30.50188,78.08499
342113183,Chamba,,village,,Tehri Garhwal,30.34561,78.39432
7872911839,Chamdi,,hamlet,,Tehri Garhwal,30.32938,78.44030
7886719418,Chameli,,hamlet,,Tehri Garhwal,30.13791,78.43889
7873054466,Chamogi,,hamlet,,Tehri Garhwal,30.26941,78.47637
7887076732,Chamolgaon,,hamlet,,Tehri Garhwal,30.17785,78.33600
7854583039,Chamyagaon,,hamlet,,Tehri Garhwal,30.51113,78.01488
7835793242,Chandla,,hamlet,,Tehri Garhwal,30.53733,78.78041
7853017131,Chandlu(uppu),,hamlet,,Tehri Garhwal,30.45145,78.41805
7858062646,Chandu Ka Khil,,hamlet,,Tehri Garhwal,30.42768,78.25451
7855019694,Chandwangaon,,hamlet,,Tehri Garhwal,30.56884,78.05266
7838058738,Chani,,hamlet,,Tehri Garhwal,30.56154,78.65410
7880927709,Chantha,,hamlet,,Tehri Garhwal,30.60562,78.26828
7852043571,Chanti,,hamlet,,Tehri Garhwal,30.45097,78.44564
7843579762,Chapra,,hamlet,,Tehri Garhwal,30.58434,78.24655
7880927707,Chapra,,hamlet,,Tehri Garhwal,30.61065,78.27262
7837744966,Chargaon,,hamlet,,Tehri Garhwal,30.26540,78.81194
7873054459,Chargaon,,hamlet,,Tehri Garhwal,30.27890,78.45406
7847147874,Charigad,,hamlet,,Tehri Garhwal,30.47937,78.60074
7862020095,Charmthangaon,,hamlet,,Tehri Garhwal,30.34605,78.33997
7840255945,Chatiara,,hamlet,,Tehri Garhwal,30.50990,78.64160
7836160341,Chatoli,,hamlet,,Tehri Garhwal,30.45168,78.81693
7856663557,Chaugani,,hamlet,,Tehri Garhwal,30.43789,78.29637
7886624350,Chauk,,hamlet,,Tehri Garhwal,30.15305,78.39056
7858062625,Chauki Chunnrani,,hamlet,,Tehri Garhwal,30.39638,78.36750
7862020103,Chauklliya,,hamlet,,Tehri Garhwal,30.36839,78.28297
342111169,Chaund,,hamlet,,Tehri Garhwal,30.52242,78.58879
342110754,Chaundana,,village,,Tehri Garhwal,30.41840,78.58521
7886755247,Chaundli,,village,,Tehri Garhwal,30.12208,78.47367
7836179292,Chaunra,,hamlet,,Tehri Garhwal,30.37204,78.77371
7862020128,Chaupna,,hamlet,,Tehri Garhwal,30.28182,78.35844
7856839145,Chaurani,,hamlet,,Tehri Garhwal,30.39115,78.35196
7886507864,Chauri,,hamlet,,Tehri Garhwal,30.24481,78.44155
7873054455,Chaurkhet,,hamlet,,Tehri Garhwal,30.27749,78.44238
7872911851,Chawaikher,,hamlet,,Tehri Garhwal,30.36223,78.42562
2377984913,Chham,,hamlet,,Tehri Garhwal,30.51305,78.37009
342114103,Chham (001),,village,,Tehri Garhwal,30.51041,78.38333
4985286047,Chhamund,,hamlet,,Tehri Garhwal,30.38042,78.43019
7862020109,Chhan,,hamlet,,Tehri Garhwal,30.37073,78.29598
7886624384,Chhar Gad,,hamlet,,Tehri Garhwal,30.20436,78.46719
7887157124,Chhareni,,hamlet,,Tehri Garhwal,30.15500,78.30857
7872921395,Chhati,,hamlet,,Tehri Garhwal,30.31614,78.47448
7843774369,Chhauti,,hamlet,,Tehri Garhwal,30.50140,78.07067
7886507862,Chhidwan,,hamlet,,Tehri Garhwal,30.23916,78.41700
6520215844,Chhinipari,,hamlet,,Tehri Garhwal,30.66655,78.68128
7864715107,Chhiyun,,hamlet,,Tehri Garhwal,30.34047,78.37239
7856839138,Chilam,,hamlet,,Tehri Garhwal,30.37534,78.34913
7854751835,Chilamu,,hamlet,,Tehri Garhwal,30.56635,78.02232
7886990255,Chilogi,,hamlet,,Tehri Garhwal,30.21834,78.34436
7886990256,Chilogikhal,,hamlet,,Tehri Garhwal,30.21832,78.35005
7847147873,Chilyalgaon,,hamlet,,Tehri Garhwal,30.47728,78.60260
7872911822,Chimargaon,,hamlet,,Tehri Garhwal,30.33829,78.39694
7862020126,Chiriyali,,village,,Tehri Garhwal,30.27067,78.37368
7837776816,Chopla,,hamlet,,Tehri Garhwal,30.28149,78.83140
7856628338,Chopra,,hamlet,,Tehri Garhwal,30.48008,78.37155
7862020093,Chopra,,hamlet,,Tehri Garhwal,30.32680,78.38342
7872921405,Chopra,,hamlet,,Tehri Garhwal,30.34329,78.48770
7886755238,Chopra,,hamlet,,Tehri Garhwal,30.15503,78.47715
7887076745,Chopra,,hamlet,,Tehri Garhwal,30.19162,78.29070
7862020150,Chopri,,hamlet,,Tehri Garhwal,30.34842,78.30325
7856839144,Choprialgaon,,hamlet,,Tehri Garhwal,30.39016,78.36007
7880751576,Chulukhila,,hamlet,,Tehri Garhwal,30.52772,78.27400
7837784284,Chunj,,hamlet,,Tehri Garhwal,30.29933,78.80519
7838058736,Churaiha,,hamlet,,Tehri Garhwal,30.55892,78.64287
7856839141,Churardhar,,hamlet,,Tehri Garhwal,30.37995,78.36441
7853797428,Churerna,,hamlet,,Tehri Garhwal,30.43798,78.39277
7858062628,DHungli,,hamlet,,Tehri Garhwal,30.39257,78.33758
7873054476,Dabara,,hamlet,,Tehri Garhwal,30.25039,78.43957
7880927750,Dadali,,hamlet,,Tehri Garhwal,30.52648,78.31246
7837744964,Dadha,,hamlet,,Tehri Garhwal,30.25682,78.81955
7853017091,Dadur,,hamlet,,Tehri Garhwal,30.38315,78.39966
7873054451,Dadwa,,hamlet,,Tehri Garhwal,30.27161,78.39013
7887076748,Dagar,,village,,Tehri Garhwal,30.17873,78.29102
7872911876,Dagri,,hamlet,,Tehri Garhwal,30.31954,78.41914
7887543657,Daindh,,hamlet,,Tehri Garhwal,30.09453,78.49663
7839795562,Dala,,hamlet,,Tehri Garhwal,30.52453,78.57439
7840290586,Dalgaon,,hamlet,,Tehri Garhwal,30.54996,78.65644
7837790430,Dalgya,,hamlet,,Tehri Garhwal,30.29066,78.76960
7838058740,Dalla,,hamlet,,Tehri Garhwal,30.58423,78.67249
7886990267,Damgaon,,hamlet,,Tehri Garhwal,30.24368,78.37185
7837776818,Danda,,hamlet,,Tehri Garhwal,30.28349,78.84023
7887076739,Danda,,hamlet,,Tehri Garhwal,30.19696,78.32836
7887157139,Dandala,,hamlet,,Tehri Garhwal,30.16145,78.36726
7873054438,Dandasali,,hamlet,,Tehri Garhwal,30.36494,78.40514
7873054471,Dandeli,,hamlet,,Tehri Garhwal,30.25759,78.45870
7856839157,Dandi,,hamlet,,Tehri Garhwal,30.47705,78.32246
7849259220,Dang,,village,,Tehri Garhwal,30.48326,78.50465
7856839154,Dang,,hamlet,,Tehri Garhwal,30.46431,78.29716
7853797395,Dang malla,,hamlet,,Tehri Garhwal,30.40745,78.40921
7853795292,Dang talla,,hamlet,,Tehri Garhwal,30.40669,78.40178
7979282237,Dangal,,hamlet,,Tehri Garhwal,30.50828,77.97657
342114398,Dangchura,,hamlet,,Tehri Garhwal,30.25911,78.71818
342114650,Dangghar,,village,,Tehri Garhwal,30.41840,78.33939
7852043555,Dangi,,hamlet,,Tehri Garhwal,30.41896,78.48693
7875125753,Dangi,,hamlet,,Tehri Garhwal,30.57438,78.49330
7862005642,Dangsari,,hamlet,,Tehri Garhwal,30.36043,78.35153
7853122737,Darla,,hamlet,,Tehri Garhwal,30.45086,78.39700
7880927712,Darmali,,hamlet,,Tehri Garhwal,30.59726,78.28538
7886990241,Daukard,,hamlet,,Tehri Garhwal,30.20185,78.29958
7856663540,Daul,,hamlet,,Tehri Garhwal,30.45740,78.28546
7887076756,Daun,,hamlet,,Tehri Garhwal,30.17054,78.28693
7858004680,Daurik,,hamlet,,Tehri Garhwal,30.45730,78.27204
7733740879,Deokhri,,hamlet,,Tehri Garhwal,30.66544,78.85115
7887157147,Devaldhar,,hamlet,,Tehri Garhwal,30.17450,78.33276
342115236,Devan,,hamlet,,Tehri Garhwal,30.58626,78.05416
7856663553,Devdarshnidhar,,hamlet,,Tehri Garhwal,30.42074,78.31218
7887543654,Devi Danda,,hamlet,,Tehri Garhwal,30.09798,78.46016
342114339,Devprayag,देवप्रयाग,town,2144,Tehri Garhwal,30.14614,78.59858
7853797444,Dewai,,hamlet,,Tehri Garhwal,30.48123,78.49929
7886990224,Dewli,,hamlet,,Tehri Garhwal,30.22182,78.29310
7875125760,Dhagangaon,,hamlet,,Tehri Garhwal,30.56756,78.46917
7854751827,Dhakroli,,village,,Tehri Garhwal,30.59871,78.04153
342111326,Dhakwangaon,,village,,Tehri Garhwal,30.44174,78.72528
7853282831,Dhal,,hamlet,,Tehri Garhwal,30.51980,78.04427
7856727583,Dhamari,,hamlet,,Tehri Garhwal,30.48677,78.33269
7875660277,Dhanaulti,,village,,Tehri Garhwal,30.42472,78.24552
7843749986,Dhancholi,,hamlet,,Tehri Garhwal,30.54623,78.24748
7880927725,Dhancholidhar,,hamlet,,Tehri Garhwal,30.56124,78.26568
7840249076,Dhandibhaur,,hamlet,,Tehri Garhwal,30.54604,78.68579
7858004683,Dhangdhar,,hamlet,,Tehri Garhwal,30.41892,78.34852
7843672361,Dhangu,,hamlet,,Tehri Garhwal,30.50586,78.21854
7840229714,Dhansani,,hamlet,,Tehri Garhwal,30.53007,78.65555
7839795553,Dhapar Chak,,hamlet,,Tehri Garhwal,30.54086,78.60703
7887157148,Dhapou,,hamlet,,Tehri Garhwal,30.17578,78.33893
7840229711,Dhargaon,,hamlet,,Tehri Garhwal,30.52799,78.66730
7837769518,Dhari,,hamlet,,Tehri Garhwal,30.25937,78.87486
342113144,Dharkot,,hamlet,,Tehri Garhwal,30.38809,78.39872
7837784278,Dharkot,,hamlet,,Tehri Garhwal,30.33402,78.76857
7840229707,Dharkot,,hamlet,,Tehri Garhwal,30.51302,78.65815
7852043552,Dharkot,,village,,Tehri Garhwal,30.42399,78.49637
7856839142,Dharkot,,hamlet,,Tehri Garhwal,30.38374,78.35305
7887157129,Dharkot,,hamlet,,Tehri Garhwal,30.15923,78.33001
7837853905,Dharpayan,,hamlet,,Tehri Garhwal,30.33135,78.77115
7877183937,Dharwalgaon,,hamlet,,Tehri Garhwal,30.50234,78.38099
7853797427,Dhasan,,hamlet,,Tehri Garhwal,30.44262,78.38846
7864715096,Dhaulyani,,hamlet,,Tehri Garhwal,30.35310,78.37715
7886990258,Dhauryani,,hamlet,,Tehri Garhwal,30.22186,78.35602
342111240,Dhopardhar,,village,,Tehri Garhwal,30.52002,78.75275
7880782311,Dhorogi,,hamlet,,Tehri Garhwal,30.50896,78.35908
7887157123,Dhoulsot,,hamlet,,Tehri Garhwal,30.14769,78.31516
7836158096,Dhung,,hamlet,,Tehri Garhwal,30.45446,78.77480
7837784282,Dhungra,,hamlet,,Tehri Garhwal,30.32067,78.75684
7853797405,Dibanu,,hamlet,,Tehri Garhwal,30.38309,78.46652
7843770858,Digon,,hamlet,,Tehri Garhwal,30.54023,78.15200
7872911821,Dikhalgaon,,hamlet,,Tehri Garhwal,30.34145,78.39664
7854142345,Dikholgaon,,village,,Tehri Garhwal,30.38769,78.39429
342116035,Dimlial,,village,,Tehri Garhwal,30.50491,77.97547
7872357325,Dingaon,,hamlet,,Tehri Garhwal,30.59295,78.47706
7837778586,Disoli,,hamlet,,Tehri Garhwal,30.27823,78.85228
7835793236,Diulana,,hamlet,,Tehri Garhwal,30.54601,78.79787
7690081284,Diulang,,hamlet,,Tehri Garhwal,30.54910,78.80189
342113154,Dobayal,,village,,Tehri Garhwal,30.38681,78.36548
7872921404,Dobra,,hamlet,,Tehri Garhwal,30.33440,78.48268
7853017121,Dobri,,hamlet,,Tehri Garhwal,30.41902,78.40739
7875293912,Dodag,,hamlet,,Tehri Garhwal,30.50767,78.48792
7880676982,Doman,,hamlet,,Tehri Garhwal,30.55953,78.33458
7835793237,Doni,,hamlet,,Tehri Garhwal,30.54403,78.78917
7872921411,Doosari,,hamlet,,Tehri Garhwal,30.36390,78.49008
7872911879,Dowsara,,hamlet,,Tehri Garhwal,30.32134,78.44764
7873054454,Dubakoti,,hamlet,,Tehri Garhwal,30.27412,78.43740
342114391,Dugada,,village,,Tehri Garhwal,30.27420,78.71430
6520218728,Dulpe,,hamlet,,Tehri Garhwal,30.68098,78.67417
7852995982,Durwali,,hamlet,,Tehri Garhwal,30.43676,78.37413
7887076738,Dwaldhar,,hamlet,,Tehri Garhwal,30.19447,78.32166
7853282830,Dwargarh,,hamlet,,Tehri Garhwal,30.53035,78.05717
7864715098,Dyuri,,hamlet,,Tehri Garhwal,30.35158,78.37689
7862020086,Dyuu,,hamlet,,Tehri Garhwal,30.34884,78.36453
342111334,Falenda,,village,,Tehri Garhwal,30.43625,78.68271
7864715101,Gad,,hamlet,,Tehri Garhwal,30.34869,78.36938
7852043563,Gadoli,,hamlet,,Tehri Garhwal,30.43234,78.46506
342110774,Gadolia,,village,,Tehri Garhwal,30.37033,78.57422
6520212952,Gainwali,,hamlet,,Tehri Garhwal,30.61542,78.74134
7853239302,Gair,,hamlet,,Tehri Garhwal,30.51447,78.09088
7856839158,Gair,,hamlet,,Tehri Garhwal,30.47353,78.29930
7875293917,Gair,,hamlet,,Tehri Garhwal,30.51425,78.46822
7886990252,Gaithal,,hamlet,,Tehri Garhwal,30.21215,78.33692
7858062585,Gaithat,,hamlet,,Tehri Garhwal,30.42999,78.35535
7873054444,Gaja,,hamlet,,Tehri Garhwal,30.26896,78.42226
7872911830,Gajana,,hamlet,,Tehri Garhwal,30.35784,78.40462
7853017117,Gajna,,hamlet,,Tehri Garhwal,30.39994,78.45931
7877113879,Gakri,,hamlet,,Tehri Garhwal,30.51140,78.43665
7886719416,Gal,,hamlet,,Tehri Garhwal,30.12728,78.44049
342114743,Galiakhet,,hamlet,,Tehri Garhwal,30.50669,78.54870
7887543659,Gangalsi,,hamlet,,Tehri Garhwal,30.09598,78.48122
2377984946,Gangi,,village,,Tehri Garhwal,30.63560,78.85120
7856839139,Ganogi,,hamlet,,Tehri Garhwal,30.37350,78.35788
7854751825,Gansi,,hamlet,,Tehri Garhwal,30.58326,78.04924
7838109819,Ganyur,,hamlet,,Tehri Garhwal,30.53965,78.55713
7880927743,Gaphar,,hamlet,,Tehri Garhwal,30.50859,78.30628
7864715104,Garainch,,hamlet,,Tehri Garhwal,30.34771,78.35963
7872921407,Gargad,,hamlet,,Tehri Garhwal,30.34912,78.49064
7858062608,Gariyanagad,,hamlet,,Tehri Garhwal,30.44873,78.26316
7875125756,Garwangaon,,hamlet,,Tehri Garhwal,30.56973,78.49314
7887543653,Gattu Gad,,hamlet,,Tehri Garhwal,30.11660,78.45159
7838109823,Gauju Chak,,hamlet,,Tehri Garhwal,30.54414,78.57419
7873054480,Gaunsan,,hamlet,,Tehri Garhwal,30.26329,78.42221
7853797388,Gauntagala,,hamlet,,Tehri Garhwal,30.43088,78.42373
7886624357,Gauri Danda,,hamlet,,Tehri Garhwal,30.19196,78.39751
7853797429,Geygargaon,,hamlet,,Tehri Garhwal,30.43117,78.38990
7837778585,Ghandiyal,,hamlet,,Tehri Garhwal,30.27851,78.84738
7872357324,Ghandiyal Gaon,,hamlet,,Tehri Garhwal,30.58646,78.46944
299531764,Ghansali,,village,,Tehri Garhwal,30.43228,78.67228
342111360,Ghansali,,village,,Tehri Garhwal,30.42526,78.66486
7880927713,Ghar Kyark,,hamlet,,Tehri Garhwal,30.58852,78.26677
7853222434,Gharara,,hamlet,,Tehri Garhwal,30.61365,78.10704
7835793257,Gharati,,hamlet,,Tehri Garhwal,30.52801,78.79490
7886990264,Ghasera,,hamlet,,Tehri Garhwal,30.23423,78.36571
7853122738,Ghattu Khala,,hamlet,,Tehri Garhwal,30.45219,78.39578
7880927728,Ghatugad,,hamlet,,Tehri Garhwal,30.54957,78.28659
7836158098,Ghenargaon,,hamlet,,Tehri Garhwal,30.44935,78.78456
7886990232,Ghera,,hamlet,,Tehri Garhwal,30.20048,78.26044
7886655689,Gheradhar,,hamlet,,Tehri Garhwal,30.18514,78.45676
7880927739,Ghiakoti,,hamlet,,Tehri Garhwal,30.54351,78.30098
7843672362,Ghirna,,hamlet,,Tehri Garhwal,30.50498,78.23434
7853222431,Ghiyakoti,,hamlet,,Tehri Garhwal,30.62210,78.10650
7880751582,Ghon,,hamlet,,Tehri Garhwal,30.55001,78.30488
7875125754,Ghorpur,,hamlet,,Tehri Garhwal,30.57580,78.48712
7887157122,Ghughatyani Malli,,hamlet,,Tehri Garhwal,30.14121,78.31527
2505866220,Ghughatyani Talli,,hamlet,,Tehri Garhwal,30.13597,78.31668
342111402,Ghunti,,village,,Tehri Garhwal,30.40878,78.61267
7862020115,Ghuson,,hamlet,,Tehri Garhwal,30.31853,78.35095
342111231,Ghuttu,,village,,Tehri Garhwal,30.52890,78.79015
7886755237,Ghyugar,,hamlet,,Tehri Garhwal,30.15429,78.48742
7872921409,Godmu,,hamlet,,Tehri Garhwal,30.39161,78.43695
7877183941,Godri,,hamlet,,Tehri Garhwal,30.50578,78.42813
7880927736,Goehigad,,hamlet,,Tehri Garhwal,30.50439,78.27164
7886507859,Gogani,,hamlet,,Tehri Garhwal,30.23235,78.44219
7880927759,Gojmer,,hamlet,,Tehri Garhwal,30.55690,78.31816
7840255944,Gola,,hamlet,,Tehri Garhwal,30.51012,78.63824
7839895913,Gona,,village,,Tehri Garhwal,30.52964,78.60256
7886507873,Goni Ka Marara,,hamlet,,Tehri Garhwal,30.22960,78.48274
342116193,Goraguri,,hamlet,,Tehri Garhwal,30.57504,78.08071
7880751577,Gortagaon,,hamlet,,Tehri Garhwal,30.53458,78.27237
7875669322,Goth,,hamlet,,Tehri Garhwal,30.40393,78.22461
2377984953,Gowahna,,hamlet,,Tehri Garhwal,30.53503,78.80707
7887076758,Guirara,,hamlet,,Tehri Garhwal,30.18488,78.26967
7887543647,Gular Dogi,,hamlet,,Tehri Garhwal,30.11722,78.43614
7486353275,Guldi,,hamlet,,Tehri Garhwal,30.35362,78.39733
7886507874,Gumalgaon,,hamlet,,Tehri Garhwal,30.23749,78.48537
342114332,Gumeth,,village,,Tehri Garhwal,30.16883,78.59481
7836158095,Gunkuria,,hamlet,,Tehri Garhwal,30.46465,78.75696
7850301239,Gusain,,hamlet,,Tehri Garhwal,30.49110,78.37898
7853017104,Gwalgaon,,hamlet,,Tehri Garhwal,30.41139,78.39170
7852043577,Gwar,,hamlet,,Tehri Garhwal,30.46806,78.43650
7862020145,Gwar,,hamlet,,Tehri Garhwal,30.28790,78.32834
7886990244,Gwar,,hamlet,,Tehri Garhwal,30.20499,78.31284
7872911847,Gyansu,,hamlet,,Tehri Garhwal,30.35014,78.45805
7873054439,Hadam Talla,,hamlet,,Tehri Garhwal,30.36075,78.40406
7873054440,Hadaon,,hamlet,,Tehri Garhwal,30.35332,78.39140
7886624372,Hadisera,,hamlet,,Tehri Garhwal,30.23686,78.37162
7836179290,Hadyano,,hamlet,,Tehri Garhwal,30.36416,78.78746
7853797443,Haleth,,hamlet,,Tehri Garhwal,30.47344,78.49415
7877183942,Haleth,,hamlet,,Tehri Garhwal,30.50205,78.44118
7853222435,Hangeri,,hamlet,,Tehri Garhwal,30.60929,78.10241
7880927738,Hardhar,,hamlet,,Tehri Garhwal,30.51024,78.28130
7854751824,Hariyagaon,,hamlet,,Tehri Garhwal,30.58843,78.05676
7862020167,Hatwaogaon,,hamlet,,Tehri Garhwal,30.33865,78.27892
7886990236,Haud,,hamlet,,Tehri Garhwal,30.19905,78.28493
7856628360,Haveli,,village,,Tehri Garhwal,30.38961,78.28939
342114306,Hindolakhal,,village,,Tehri Garhwal,30.23163,78.60443
342114418,Hindolakhal,,village,,Tehri Garhwal,30.18356,78.31192
7875125750,Hirwalgaon,,hamlet,,Tehri Garhwal,30.58107,78.48058
7837853899,Hodu,,hamlet,,Tehri Garhwal,30.33022,78.83132
7836179314,Hulna,,hamlet,,Tehri Garhwal,30.41148,78.76487
7862020154,Hurkadanda,,hamlet,,Tehri Garhwal,30.33249,78.32293
7856628342,Ichchhoni,,hamlet,,Tehri Garhwal,30.46353,78.35461
7856839146,Idian,,hamlet,,Tehri Garhwal,30.49759,78.34220
7853017124,Indar,,village,,Tehri Garhwal,30.42973,78.41193
3912069873,Indwaigaon,,hamlet,,Tehri Garhwal,30.35406,78.33034
342113214,JN1,,village,,Tehri Garhwal,30.23850,78.50830
7872911861,Jagdhar,,hamlet,,Tehri Garhwal,30.32510,78.41054
7853282828,Jaidwar Malla,,hamlet,,Tehri Garhwal,30.53993,78.03088
7854583036,Jaidwar Talla,जयद्वार तल्ला,hamlet,,Tehri Garhwal,30.54221,78.02468
7873054481,Jaikot,,hamlet,,Tehri Garhwal,30.25870,78.42125
2377440461,Jajal,,hamlet,,Tehri Garhwal,30.27012,78.36727
7836179297,Jakh,,hamlet,,Tehri Garhwal,30.37469,78.76356
7853017115,Jakh,,hamlet,,Tehri Garhwal,30.39668,78.44258
7838058744,Jakhana,,hamlet,,Tehri Garhwal,30.59942,78.71009
7887157144,Jakhani,,hamlet,,Tehri Garhwal,30.16989,78.34128
7840290587,Jakhergaon,,hamlet,,Tehri Garhwal,30.54333,78.66456
7853797414,Jaklni,,hamlet,,Tehri Garhwal,30.48982,78.49811
7873054442,Jakoth,,hamlet,,Tehri Garhwal,30.34681,78.37874
7853797398,Jaledi,,hamlet,,Tehri Garhwal,30.38013,78.41586
342114123,Jalikhal,,village,,Tehri Garhwal,30.48843,78.28446
7852043558,Jalwalgoan Malla,,hamlet,,Tehri Garhwal,30.40989,78.48972
7852043557,Jalwalgoan Talla,,hamlet,,Tehri Garhwal,30.40597,78.48637
7880927757,Jamni,,hamlet,,Tehri Garhwal,30.54241,78.31870
342110242,Jamnikhal,,village,,Tehri Garhwal,30.27145,78.60993
7886655704,Jamola,,hamlet,,Tehri Garhwal,30.20521,78.45667
7838058745,Jamroli,,hamlet,,Tehri Garhwal,30.60064,78.71777
7886755248,Jamun,,hamlet,,Tehri Garhwal,30.12128,78.46300
7886755236,Jand,,hamlet,,Tehri Garhwal,30.13442,78.49395
7835793253,Jandholi,,hamlet,,Tehri Garhwal,30.51259,78.76542
7835793248,Jandoli,,hamlet,,Tehri Garhwal,30.53107,78.75500
7852043575,Jangi,,hamlet,,Tehri Garhwal,30.47823,78.44504
7886990257,Janglet,,hamlet,,Tehri Garhwal,30.22605,78.34518
7838072359,Jaral,,hamlet,,Tehri Garhwal,30.60374,78.62207
7862020094,Jardhargaon,,village,,Tehri Garhwal,30.33882,78.35138
7862020096,Jardhargaon,,hamlet,,Tehri Garhwal,30.34953,78.32971
7856628357,Jargaon,,hamlet,,Tehri Garhwal,30.37173,78.28875
342114656,Jaripani,,village,,Tehri Garhwal,30.40329,78.35175
7839795563,Jaspur,,hamlet,,Tehri Garhwal,30.52574,78.56682
7864715106,Jaul,,hamlet,,Tehri Garhwal,30.34269,78.37136
7853797396,Jaulangi,,hamlet,,Tehri Garhwal,30.40808,78.41404
7853797448,Jaunkan,,hamlet,,Tehri Garhwal,30.47934,78.47281
342114644,Jawaharna,,village,,Tehri Garhwal,30.41977,78.29956
7886655696,Jawanutol,,hamlet,,Tehri Garhwal,30.18097,78.40372
7659143978,Jhajhar Kharak,,hamlet,,Tehri Garhwal,30.62214,78.75386
7856839156,Jhakogi,,hamlet,,Tehri Garhwal,30.45506,78.29814
7858004665,Jhalki,,village,,Tehri Garhwal,30.44484,78.25416
7837744955,Jhirkoti,,hamlet,,Tehri Garhwal,30.26356,78.75680
7852043568,Jhiwali,,hamlet,,Tehri Garhwal,30.44438,78.44921
7853797452,Jhulakgaon,,hamlet,,Tehri Garhwal,30.40869,78.43946
7845934270,Jibala,,hamlet,,Tehri Garhwal,30.25481,78.74165
7862020134,Jilli,,hamlet,,Tehri Garhwal,30.31325,78.33844
7853797433,Jiundasu,,hamlet,,Tehri Garhwal,30.41683,78.42981
7838105621,Jiwala,,hamlet,,Tehri Garhwal,30.50213,78.50715
6520219831,Jophan,,hamlet,,Tehri Garhwal,30.55061,78.85432
7856663556,Jud,,hamlet,,Tehri Garhwal,30.43120,78.29073
7880927741,Juda,,hamlet,,Tehri Garhwal,30.50637,78.29879
7887157131,Juddi,,hamlet,,Tehri Garhwal,30.15973,78.35793
7853017110,Jugargaon,,hamlet,,Tehri Garhwal,30.39383,78.40762
7850301249,Jugarsari,,hamlet,,Tehri Garhwal,30.45621,78.38617
7853797417,Julangaon,,hamlet,,Tehri Garhwal,30.49753,78.48794
342111262,Jyudana,,village,,Tehri Garhwal,30.47058,78.70194
6520213428,Kadari,,hamlet,,Tehri Garhwal,30.60934,78.78501
342114632,Kadukhal,,village,,Tehri Garhwal,30.40579,78.28797
7854751830,Kainthgaon,,hamlet,,Tehri Garhwal,30.58965,78.03701
7858062587,Kainthogi,,hamlet,,Tehri Garhwal,30.42477,78.34870
7886719417,Kakhil,,village,,Tehri Garhwal,30.13563,78.45461
7886990221,Kakhil,,hamlet,,Tehri Garhwal,30.23363,78.30814
7886655690,Kakhur,,hamlet,,Tehri Garhwal,30.17197,78.45706
7887157132,Kakhur,,hamlet,,Tehri Garhwal,30.16082,78.35222
7872911869,Kakrasari,,hamlet,,Tehri Garhwal,30.28864,78.38643
7886624376,Kala,,hamlet,,Tehri Garhwal,30.24656,78.40668
7858062617,Kalaban,,hamlet,,Tehri Garhwal,30.40232,78.28209
7886990235,Kaljoti,,hamlet,,Tehri Garhwal,30.20028,78.27551
7872911826,Kalnchh,,hamlet,,Tehri Garhwal,30.29635,78.44097
7853017125,Kaloth,,hamlet,,Tehri Garhwal,30.43545,78.40895
7837790439,Kamand,,hamlet,,Tehri Garhwal,30.27752,78.76322
7856663552,Kanatal,,village,,Tehri Garhwal,30.41533,78.32119
6167218747,Kanda,,hamlet,,Tehri Garhwal,30.35267,78.44784
7852043565,Kanda,,hamlet,,Tehri Garhwal,30.44468,78.46863
7886990243,Kanda,,hamlet,,Tehri Garhwal,30.20208,78.31810
342113344,Kandakhal(001),,village,,Tehri Garhwal,30.44861,78.46985
7873054421,Kandakhali,,hamlet,,Tehri Garhwal,30.35301,78.43987
7843672356,Kandalgaon,,hamlet,,Tehri Garhwal,30.50423,78.19970
7887157145,Kandar,,hamlet,,Tehri Garhwal,30.17285,78.34568
7888665194,Kandarasain,,hamlet,,Tehri Garhwal,30.07087,78.47165
7835755656,Kandargaon,,hamlet,,Tehri Garhwal,30.52365,78.80877
7880927753,Kandargaon,,hamlet,,Tehri Garhwal,30.54081,78.32414
7886507866,Kandarigaon,,hamlet,,Tehri Garhwal,30.24808,78.45084
342111160,Kandarsyun,,hamlet,,Tehri Garhwal,30.54572,78.66072
7880927745,Kandasaril,,hamlet,,Tehri Garhwal,30.51253,78.31675
7887543649,Kandasu Gad,,hamlet,,Tehri Garhwal,30.09693,78.43957
7854583043,Kandi,,hamlet,,Tehri Garhwal,30.53080,78.00660
7837790436,Kandi Khal,,hamlet,,Tehri Garhwal,30.26925,78.77369
342113127,Kandikhal (002),,hamlet,,Tehri Garhwal,30.43592,78.40599
342116227,Kandikhal(001),,hamlet,,Tehri Garhwal,30.50572,78.01309
7838138981,Kandril,,hamlet,,Tehri Garhwal,30.66305,78.64541
7979327560,Kandriyan,,hamlet,,Tehri Garhwal,30.51064,77.94405
7852043559,Kangsali,,hamlet,,Tehri Garhwal,30.41811,78.48199
7862020161,Kanj Gad,,hamlet,,Tehri Garhwal,30.32834,78.27834
7856663541,Kansur,,hamlet,,Tehri Garhwal,30.46090,78.29042
7835784737,Kanyai,,hamlet,,Tehri Garhwal,30.54450,78.81196
7853797391,Kanyanu,,hamlet,,Tehri Garhwal,30.43581,78.42497
7853017105,Kaphalpani,,hamlet,,Tehri Garhwal,30.41274,78.39932
7837816086,Kaphna,,hamlet,,Tehri Garhwal,30.29630,78.79074
10810502996,Kapnolkhet,,hamlet,,Tehri Garhwal,30.57054,78.07336
7873054446,Kapolgaoo,,hamlet,,Tehri Garhwal,30.27243,78.37820
7880782298,Kardu,,hamlet,,Tehri Garhwal,30.59237,78.29413
7836158097,Karkheri,,hamlet,,Tehri Garhwal,30.44960,78.76727
7886990225,Karki,,hamlet,,Tehri Garhwal,30.22081,78.29576
7840255943,Karngaon,,hamlet,,Tehri Garhwal,30.50618,78.64967
10810502994,Kasangaon,,hamlet,,Tehri Garhwal,30.57140,78.07792
7843708095,Kashaurisi,,hamlet,,Tehri Garhwal,30.62391,78.13399
7886990219,Kasmoli,,hamlet,,Tehri Garhwal,30.23701,78.32681
7979282240,Kasund,,hamlet,,Tehri Garhwal,30.50049,77.98559
7886655698,Katal,,hamlet,,Tehri Garhwal,30.19177,78.42510
7862020114,Katani,,hamlet,,Tehri Garhwal,30.32651,78.35831
7853797404,Kathiagaon,,hamlet,,Tehri Garhwal,30.38039,78.46637
7886624351,Kathiya,,hamlet,,Tehri Garhwal,30.15270,78.37166
7836158105,Kathur,,hamlet,,Tehri Garhwal,30.43455,78.79090
7853222433,Kathur,,hamlet,,Tehri Garhwal,30.61575,78.11136
7886624379,Kathurgaon,,hamlet,,Tehri Garhwal,30.22733,78.39930
7880927711,Katkhet,,hamlet,,Tehri Garhwal,30.60242,78.27312
7886990259,Katkot,,hamlet,,Tehri Garhwal,30.23603,78.34838
7864708582,Kaud,,hamlet,,Tehri Garhwal,30.29954,78.36282
342114464,Kaudiyala,,village,,Tehri Garhwal,30.07471,78.50179
7858062636,Kaugi,,hamlet,,Tehri Garhwal,30.47512,78.28772
7837776817,Kaunyadhar,,hamlet,,Tehri Garhwal,30.28146,78.83648
7888665190,Kauriala,,hamlet,,Tehri Garhwal,30.07775,78.49457
7862020106,Kelwangaon,,hamlet,,Tehri Garhwal,30.36603,78.27375
342116211,Kempty Fall,,village,,Tehri Garhwal,30.48710,78.03612
7862020085,Kemrigaon,,hamlet,,Tehri Garhwal,30.35392,78.35535
7853797401,Kemsari,,village,,Tehri Garhwal,30.37399,78.44356
7886507877,Kemsur,,hamlet,,Tehri Garhwal,30.22577,78.48768
7872911858,Kemwaigaon,,hamlet,,Tehri Garhwal,30.33725,78.43500
342111212,Kepars,,hamlet,,Tehri Garhwal,30.51400,78.65143
7856663539,Khad,,hamlet,,Tehri Garhwal,30.48280,78.27873
7864708578,Khadi Malli,,hamlet,,Tehri Garhwal,30.28560,78.36964
7886719414,Khaglia,,hamlet,,Tehri Garhwal,30.12137,78.42442
7886624347,Khagori,,hamlet,,Tehri Garhwal,30.13058,78.37466
7439352858,Khairar,,hamlet,,Tehri Garhwal,30.57539,78.01225
7872921392,Khal,,hamlet,,Tehri Garhwal,30.30487,78.45998
7875125755,Khamakhal,,hamlet,,Tehri Garhwal,30.56556,78.49097
7873054467,Khand,,hamlet,,Tehri Garhwal,30.26327,78.47577
7880676975,Khand,,hamlet,,Tehri Garhwal,30.52889,78.34874
7886624340,Khaneti,,hamlet,,Tehri Garhwal,30.16624,78.41560
7862020131,Khankai,,hamlet,,Tehri Garhwal,30.30206,78.36956
7840229712,Khapolgaon,,hamlet,,Tehri Garhwal,30.53028,78.66402
7836158099,Khar,,hamlet,,Tehri Garhwal,30.45379,78.78248
7886990246,Kharagad,,hamlet,,Tehri Garhwal,30.21534,78.31595
7854583035,Kharak,,hamlet,,Tehri Garhwal,30.54573,78.00619
7875125757,Kharala,,hamlet,,Tehri Garhwal,30.56927,78.47888
342114291,Khard,,village,,Tehri Garhwal,30.22751,78.54813
7853017093,Kharikhal,,hamlet,,Tehri Garhwal,30.38528,78.38365
7852043561,Kharoi,,hamlet,,Tehri Garhwal,30.42187,78.47830
7979282243,Kharsun,,hamlet,,Tehri Garhwal,30.55036,77.99538
342114608,Khartijel,,hamlet,,Tehri Garhwal,30.36896,78.19657
7843672363,Khata,,hamlet,,Tehri Garhwal,30.50595,78.24831
7880927747,Khatsal,,hamlet,,Tehri Garhwal,30.51140,78.32613
7872911874,Khatyar,,hamlet,,Tehri Garhwal,30.30417,78.38728
342111152,Khawara,,hamlet,,Tehri Garhwal,30.55405,78.66407
7843672351,Khera Malla,,hamlet,,Tehri Garhwal,30.51421,78.18030
7843672352,Khera Talla,,hamlet,,Tehri Garhwal,30.51169,78.17328
7887076735,Kheradhar,,hamlet,,Tehri Garhwal,30.18111,78.32427
7887076736,Kheragad,,hamlet,,Tehri Garhwal,30.18247,78.31816
7864715102,Khettu,,hamlet,,Tehri Garhwal,30.34507,78.37226
7979282239,Khiragad,,hamlet,,Tehri Garhwal,30.50890,77.98465
7840290588,Khirbhel,,hamlet,,Tehri Garhwal,30.54449,78.67459
7852043556,Khola,,hamlet,,Tehri Garhwal,30.41730,78.48886
7853797440,Kholgad,,hamlet,,Tehri Garhwal,30.46170,78.49319
7853797438,Kholgad batta,,hamlet,,Tehri Garhwal,30.46251,78.48101
7862020113,Khotiar,,village,,Tehri Garhwal,30.32023,78.36857
7875125751,Khurmufa,,hamlet,,Tehri Garhwal,30.57977,78.49410
7853239308,Khyarsi,,village,,Tehri Garhwal,30.52243,78.10961
7858062609,Kilwangaon,,hamlet,,Tehri Garhwal,30.44590,78.29299
7853017126,Kilyakhal,,hamlet,,Tehri Garhwal,30.44335,78.39865
7843781724,Kinsu,,hamlet,,Tehri Garhwal,30.52946,78.17494
7887076754,Kinwani,,hamlet,,Tehri Garhwal,30.15479,78.29596
7886507876,Kirara,,hamlet,,Tehri Garhwal,30.23399,78.49227
7847147872,Kiret,,hamlet,,Tehri Garhwal,30.47781,78.59711
7853795293,Kirganni,,hamlet,,Tehri Garhwal,30.40340,78.40660
7873054452,Kirthwalgaon,,hamlet,,Tehri Garhwal,30.26378,78.44192
12989276733,Kirtinagar,,village,1517,Tehri Garhwal,30.21479,78.74836
7858062593,Kiulagi,,hamlet,,Tehri Garhwal,30.44449,78.37346
7886990231,Kodarna,,hamlet,,Tehri Garhwal,30.19712,78.26066
7887157128,Kodarna,,hamlet,,Tehri Garhwal,30.16275,78.32243
7835784736,Koilbagi,,hamlet,,Tehri Garhwal,30.53999,78.81815
7886990230,Kol,,hamlet,,Tehri Garhwal,30.20002,78.25006
7852043566,Koldhar,,hamlet,,Tehri Garhwal,30.44109,78.45715
7872911843,Koldhar,,hamlet,,Tehri Garhwal,30.33431,78.44689
7887157130,Koli,,hamlet,,Tehri Garhwal,30.16368,78.33568
7840290589,Koni,,hamlet,,Tehri Garhwal,30.54662,78.68026
7839895896,Kopardhar,,hamlet,,Tehri Garhwal,30.53293,78.75022
7853017098,Korai,,hamlet,,Tehri Garhwal,30.39890,78.41108
7875019223,Kordi,,hamlet,,Tehri Garhwal,30.51262,78.44449
7880782310,Koshal,,hamlet,,Tehri Garhwal,30.51038,78.35248
342110414,Kot,,village,,Tehri Garhwal,30.59280,78.68134
342113174,Kot,,village,,Tehri Garhwal,30.36621,78.39432
6433873388,Kot,,hamlet,,Tehri Garhwal,30.54964,78.60295
7853021825,Kot,,hamlet,,Tehri Garhwal,30.45030,78.37578
7886507870,Kot,,hamlet,,Tehri Garhwal,30.24669,78.47236
7887157143,Kotali,,hamlet,,Tehri Garhwal,30.17535,78.35117
7886655686,Kotar,,hamlet,,Tehri Garhwal,30.19572,78.46124
342113234,Koteshwar,,village,,Tehri Garhwal,30.25675,78.49755
7886624380,Kothdi,,hamlet,,Tehri Garhwal,30.22750,78.39056
7887157133,Kothli,,hamlet,,Tehri Garhwal,30.15847,78.34754
6167218698,Koti,,hamlet,,Tehri Garhwal,30.35565,78.45493
7837784281,Koti,,hamlet,,Tehri Garhwal,30.32535,78.76263
7838021558,Koti,,hamlet,,Tehri Garhwal,30.61156,78.63391
7852995983,Koti,,hamlet,,Tehri Garhwal,30.43387,78.37666
7853017118,Koti,,hamlet,,Tehri Garhwal,30.40399,78.45609
7872911866,Koti,,hamlet,,Tehri Garhwal,30.27908,78.38318
7880927726,Koti,,hamlet,,Tehri Garhwal,30.55274,78.27031
7856628339,Koti Dobhaju Ki,,hamlet,,Tehri Garhwal,30.47087,78.35164
7872921390,Koti math,,hamlet,,Tehri Garhwal,30.30723,78.46184
7853017089,Kotigar,,hamlet,,Tehri Garhwal,30.37636,78.39299
7875125748,Kotiyalgaon,,hamlet,,Tehri Garhwal,30.56285,78.47365
7839637442,Kotwalgaon,,hamlet,,Tehri Garhwal,30.50776,78.53115
7886655702,Kua,,hamlet,,Tehri Garhwal,30.19458,78.44539
7843774365,Kudaun,,hamlet,,Tehri Garhwal,30.52121,78.05899
7862020159,Kujni,,hamlet,,Tehri Garhwal,30.33395,78.25637
7862020142,Kukhai Bichli,,hamlet,,Tehri Garhwal,30.26025,78.30076
7862020141,Kukhar Malli,,hamlet,,Tehri Garhwal,30.25543,78.30179
7836158106,Kulen,,hamlet,,Tehri Garhwal,30.44342,78.79307
7853017088,Kulogi,,hamlet,,Tehri Garhwal,30.37491,78.39657
7873054406,Kulpi,,hamlet,,Tehri Garhwal,30.27728,78.48686
7862020127,Kumali,,hamlet,,Tehri Garhwal,30.28698,78.35887
7849259229,Kumargaon,,hamlet,,Tehri Garhwal,30.48802,78.50500
7864715111,Kumargaon,,hamlet,,Tehri Garhwal,30.35754,78.34064
7887076753,Kumharkhera,,hamlet,,Tehri Garhwal,30.16120,78.30304
342111250,Kumshila,,village,,Tehri Garhwal,30.48431,78.70880
7979327559,Kun,,hamlet,,Tehri Garhwal,30.51543,77.95418
7856839165,Kunal,,hamlet,,Tehri Garhwal,30.48517,78.26089
7853797410,Kund,,hamlet,,Tehri Garhwal,30.38159,78.45451
7886990234,Kund,,hamlet,,Tehri Garhwal,30.20664,78.27909
7886655699,Kundaliya,,hamlet,,Tehri Garhwal,30.19974,78.41769
7840249070,Kundi,,hamlet,,Tehri Garhwal,30.56706,78.67074
7838058739,Kundriyali,,hamlet,,Tehri Garhwal,30.56866,78.65868
7887543648,Kunir Gad,,hamlet,,Tehri Garhwal,30.09917,78.44440
7838105622,Kunjani,,hamlet,,Tehri Garhwal,30.50493,78.74825
7887076750,Kunjapur,,hamlet,,Tehri Garhwal,30.17412,78.31443
7836165207,Kunyad,,hamlet,,Tehri Garhwal,30.33057,78.78762
7887157136,Kur,,hamlet,,Tehri Garhwal,30.14748,78.34679
7873054408,Kurgoli,,hamlet,,Tehri Garhwal,30.27640,78.47757
7839691732,Kuri,,hamlet,,Tehri Garhwal,30.51561,78.53148
7862001384,Kurialgaon,,hamlet,,Tehri Garhwal,30.34751,78.35132
7864715113,Kurialgaon,,hamlet,,Tehri Garhwal,30.35762,78.35093
7862020098,Kurmargaon,,hamlet,,Tehri Garhwal,30.35212,78.32577
7887157137,Kusram,,hamlet,,Tehri Garhwal,30.15021,78.35329
7872911870,Kuti,,hamlet,,Tehri Garhwal,30.29242,78.38865
7843766540,Kuwa,,hamlet,,Tehri Garhwal,30.51251,78.15705
7886755228,Kwi Gad,,hamlet,,Tehri Garhwal,30.17060,78.47882
7886655703,Kyara,,hamlet,,Tehri Garhwal,30.20057,78.45292
7880927749,Kyarda,,hamlet,,Tehri Garhwal,30.52526,78.30377
7853239310,Kyari,,hamlet,,Tehri Garhwal,30.54087,78.11137
7856839153,Kyari,,hamlet,,Tehri Garhwal,30.46891,78.30958
7872921403,Kyari,,hamlet,,Tehri Garhwal,30.32747,78.48564
7880927719,Kyari,,hamlet,,Tehri Garhwal,30.57918,78.25454
342114739,Kyari(002),,village,,Tehri Garhwal,30.49465,78.49978
7886624363,Kyark,,hamlet,,Tehri Garhwal,30.20937,78.39919
7887157127,Kyarki,,hamlet,,Tehri Garhwal,30.13941,78.35162
7875019225,Kyarki Gad,,hamlet,,Tehri Garhwal,30.51999,78.43816
7876303708,Ladhur,,hamlet,,Tehri Garhwal,30.48206,78.10112
7836159787,Laini,,hamlet,,Tehri Garhwal,30.42450,78.81548
7839895900,Laini,,hamlet,,Tehri Garhwal,30.50284,78.71081
7733745106,Lala,,hamlet,,Tehri Garhwal,30.61501,78.84373
7853239311,Lalothan,,hamlet,,Tehri Garhwal,30.52785,78.11779
7850301262,Laluri,,hamlet,,Tehri Garhwal,30.55367,78.30006
7880927748,Lalwani,,hamlet,,Tehri Garhwal,30.51787,78.32565
342114788,Lambgaon,,village,,Tehri Garhwal,30.51321,78.49594
7875293905,Lambgaon,,hamlet,,Tehri Garhwal,30.51386,78.49204
7886624353,Lamdhar,,hamlet,,Tehri Garhwal,30.16717,78.39088
7875293901,Lamila,,hamlet,,Tehri Garhwal,30.53344,78.47446
7864715126,Lamkane,,hamlet,,Tehri Garhwal,30.34575,78.26759
7872911857,Lamkot,,hamlet,,Tehri Garhwal,30.34521,78.43050
7862020125,Lamyali,,hamlet,,Tehri Garhwal,30.25886,78.37359
342114457,Lasher,,village,,Tehri Garhwal,30.23163,78.52478
7840229708,Lasyalgaon,,hamlet,,Tehri Garhwal,30.51838,78.66683
7836128275,Latni,,hamlet,,Tehri Garhwal,30.46489,78.78649
7886507865,Lawabdara,,hamlet,,Tehri Garhwal,30.24201,78.44517
7862020090,Lawadhar,,hamlet,,Tehri Garhwal,30.32651,78.37511
7872911846,Lawadhar,,hamlet,,Tehri Garhwal,30.34455,78.45963
7850301257,Lawarkha,,village,,Tehri Garhwal,30.48258,78.38001
7886507875,Lawgaon,,hamlet,,Tehri Garhwal,30.23782,78.49238
6520221966,Legarwadi,,hamlet,,Tehri Garhwal,30.67272,78.68155
7856628345,Legrath,,hamlet,,Tehri Garhwal,30.45228,78.33415
342114761,Lekwar Gaon,,hamlet,,Tehri Garhwal,30.51001,78.53697
7839895912,Lodas,,hamlet,,Tehri Garhwal,30.53178,78.62650
7880927751,Loldi,,hamlet,,Tehri Garhwal,30.52419,78.31196
7835793246,Lom,,hamlet,,Tehri Garhwal,30.53743,78.75979
7887543655,Lorsi,,hamlet,,Tehri Garhwal,30.10771,78.45693
7839795561,Ludhaji,,hamlet,,Tehri Garhwal,30.52524,78.57957
7837784277,Lunyar,,hamlet,,Tehri Garhwal,30.33603,78.77221
7875293908,Lwarkha,,hamlet,,Tehri Garhwal,30.51312,78.48266
342113289,Madan Negi,,village,,Tehri Garhwal,30.40329,78.49320
342114326,Mahar,,village,,Tehri Garhwal,30.18219,78.60993
7836179293,Mahar,,hamlet,,Tehri Garhwal,30.37261,78.77627
7835793256,Mahargaon,,hamlet,,Tehri Garhwal,30.52390,78.79727
7836159789,Mahargaon,,hamlet,,Tehri Garhwal,30.42929,78.82045
7875125743,Mahargaon,,hamlet,,Tehri Garhwal,30.55858,78.47000
7880927710,Mahera,,hamlet,,Tehri Garhwal,30.60242,78.28257
7836159786,Maidwangaon,,hamlet,,Tehri Garhwal,30.42886,78.80889
3194975499,Maindkhal,,village,,Tehri Garhwal,30.49515,78.32773
7880927729,Majkhet,,hamlet,,Tehri Garhwal,30.54772,78.27658
7856839166,Makhrot,,hamlet,,Tehri Garhwal,30.49717,78.28533
7840255942,Malakot,,hamlet,,Tehri Garhwal,30.50441,78.65225
7886990263,Malas,,hamlet,,Tehri Garhwal,30.24669,78.35850
7886507869,Maldhar,,hamlet,,Tehri Garhwal,30.24231,78.46581
7835793243,Maletha,,hamlet,,Tehri Garhwal,30.53429,78.77627
7837778588,Malgarhi,,hamlet,,Tehri Garhwal,30.27456,78.85719
342113316,Mali Dewal,,village,,Tehri Garhwal,30.41843,78.44489
7880927755,Malla,,hamlet,,Tehri Garhwal,30.53835,78.33070
7853797424,Malla Ratnau,,hamlet,,Tehri Garhwal,30.44779,78.38037
342113107,Malla Uppu,,village,,Tehri Garhwal,30.44812,78.42392
10813290303,Malli,,hamlet,,Tehri Garhwal,30.13655,78.33909
7858062642,Malogi,,hamlet,,Tehri Garhwal,30.49848,78.32011
7880676968,Malogigad,,hamlet,,Tehri Garhwal,30.51543,78.33758
7836179291,Malykot,,hamlet,,Tehri Garhwal,30.37006,78.78398
2357231750,Managi,,hamlet,,Tehri Garhwal,30.31213,78.45588
7862020087,Manda,,hamlet,,Tehri Garhwal,30.33369,78.36301
7872911863,Manda,,hamlet,,Tehri Garhwal,30.27397,78.40479
7872921394,Manda,,hamlet,,Tehri Garhwal,30.32377,78.46324
7840229706,Mandara,,hamlet,,Tehri Garhwal,30.50934,78.65611
7840255941,Mandarsari,,hamlet,,Tehri Garhwal,30.50584,78.65589
7887543662,Mandiyargaon,,hamlet,,Tehri Garhwal,30.11363,78.47659
7839637441,Maniketh,,hamlet,,Tehri Garhwal,30.50158,78.55115
7850301242,Manjal,,hamlet,,Tehri Garhwal,30.48202,78.38239
7888665192,Manjilgaon,,hamlet,,Tehri Garhwal,30.07554,78.45324
7880927746,Manjkot,,hamlet,,Tehri Garhwal,30.50828,78.32121
7856839148,Manjruwal,,hamlet,,Tehri Garhwal,30.49300,78.33855
7837853897,Manjuli,,hamlet,,Tehri Garhwal,30.32477,78.86108
7872911820,Manjur,,hamlet,,Tehri Garhwal,30.34368,78.39614
7880676979,Manjyari,,hamlet,,Tehri Garhwal,30.54687,78.33503
7886655697,Manjyari,,hamlet,,Tehri Garhwal,30.18674,78.41865
7886624374,Mansera,,hamlet,,Tehri Garhwal,30.24758,78.38024
7835850580,Manuna,,hamlet,,Tehri Garhwal,30.55376,78.80165
7880927735,Marara,,hamlet,,Tehri Garhwal,30.51243,78.27216
7836158101,Margaon,,hamlet,,Tehri Garhwal,30.44636,78.78286
7836165206,Margaon Koti,,hamlet,,Tehri Garhwal,30.33122,78.78387
7872921406,Marh,,hamlet,,Tehri Garhwal,30.34766,78.47620
13285011423,Marod,,hamlet,,Tehri Garhwal,30.58812,78.01207
342113569,Marora,,village,,Tehri Garhwal,30.35797,78.26111
7853797454,Marora,,hamlet,,Tehri Garhwal,30.41811,78.44189
342114299,Maroragad,,village,,Tehri Garhwal,30.20004,78.54676
7838072356,Marwari,,hamlet,,Tehri Garhwal,30.60280,78.61133
7944723363,Masniya Bani,,village,,Tehri Garhwal,30.14576,78.60088
7875125747,Mastadi,,hamlet,,Tehri Garhwal,30.55966,78.47586
7855019695,Masun,,hamlet,,Tehri Garhwal,30.56631,78.04117
7855089054,Matela,,hamlet,,Tehri Garhwal,30.50108,78.04216
7886655693,Mathesera,,hamlet,,Tehri Garhwal,30.18657,78.44144
7862020153,Mathiangaon,,hamlet,,Tehri Garhwal,30.33527,78.31520
7835793251,Mathkunja,,hamlet,,Tehri Garhwal,30.50122,78.75612
7886655700,Mathyali,,hamlet,,Tehri Garhwal,30.19512,78.42341
7872921386,Mathyasan,,hamlet,,Tehri Garhwal,30.30521,78.45414
7854751831,Matli,,village,,Tehri Garhwal,30.58533,78.02752
342115228,Maugi,,village,,Tehri Garhwal,30.56391,78.06450
3204131186,Mauita,,hamlet,,Tehri Garhwal,30.28517,78.46971
7872911873,Maun,,hamlet,,Tehri Garhwal,30.30335,78.39535
7862020112,Maund,,hamlet,,Tehri Garhwal,30.31380,78.36610
7862020104,Maunder,,hamlet,,Tehri Garhwal,30.37275,78.27735
7880751575,Mauryan,,hamlet,,Tehri Garhwal,30.52379,78.27440
7838072355,Medh,,hamlet,,Tehri Garhwal,30.60668,78.59635
7835784738,Mendu,,hamlet,,Tehri Garhwal,30.54679,78.80849
7835784735,Mengwalgaon Malla,,hamlet,,Tehri Garhwal,30.53537,78.81533
7835784734,Mengwalgaon Talla,,hamlet,,Tehri Garhwal,30.53898,78.80582
7979282242,Milgao,,hamlet,,Tehri Garhwal,30.53205,77.99501
7839895908,Mindali,,hamlet,,Tehri Garhwal,30.51372,78.67457
7856663542,Mindarwal,,hamlet,,Tehri Garhwal,30.43868,78.27836
7854751828,Miriyagaon,,hamlet,,Tehri Garhwal,30.59194,78.04822
7853797442,Misarwengaon,,hamlet,,Tehri Garhwal,30.47107,78.48843
7854583050,Mistryana,,hamlet,,Tehri Garhwal,30.49969,78.04761
7854751826,Miyani,,village,,Tehri Garhwal,30.59186,78.06059
7858004684,Molakharak,,hamlet,,Tehri Garhwal,30.41752,78.35765
4989193099,Moldhar,,village,,Tehri Garhwal,30.37584,78.43965
7875125741,Moliyagaon,,hamlet,,Tehri Garhwal,30.55742,78.48768
2377985052,Molnau,,hamlet,,Tehri Garhwal,30.36877,78.59961
342113098,Motna,,village,,Tehri Garhwal,30.47607,78.42591
7887076741,Mugwar,,hamlet,,Tehri Garhwal,30.19028,78.33608
2377985077,Mukhem,,hamlet,,Tehri Garhwal,30.57659,78.46874
7875125752,Mukhmalgaon,,hamlet,,Tehri Garhwal,30.58016,78.48890
7843781718,Muldhar,,hamlet,,Tehri Garhwal,30.54822,78.19988
7887543661,Mundala,,hamlet,,Tehri Garhwal,30.10704,78.47350
7886990240,Mundasev,,hamlet,,Tehri Garhwal,30.20623,78.29797
7843766539,Mundni,,hamlet,,Tehri Garhwal,30.51191,78.14358
7843770859,Munghori,,hamlet,,Tehri Garhwal,30.54986,78.15256
7854751832,Munog,,hamlet,,Tehri Garhwal,30.58054,78.02377
7853017090,Muriagaon,,hamlet,,Tehri Garhwal,30.38078,78.39700
7853797447,Murkyaki,,hamlet,,Tehri Garhwal,30.48249,78.48831
7845944551,Musangaon,,hamlet,,Tehri Garhwal,30.26442,78.74559
7838109821,Myar,,hamlet,,Tehri Garhwal,30.54527,78.56429
7875293910,Nag,,hamlet,,Tehri Garhwal,30.51447,78.47330
7862020116,Nagani,,hamlet,,Tehri Garhwal,30.32158,78.35099
7853797450,Nagar,,hamlet,,Tehri Garhwal,30.40227,78.42670
7858062626,Nager,,hamlet,,Tehri Garhwal,30.39864,78.34102
7880927756,Nagrajdhar,,hamlet,,Tehri Garhwal,30.54619,78.32107
7880927717,Nagungad,,hamlet,,Tehri Garhwal,30.57713,78.27310
7872357326,Nagurgad,,hamlet,,Tehri Garhwal,30.59064,78.46541
7886755243,Naigaon,,hamlet,,Tehri Garhwal,30.13832,78.48030
7886755246,Naigaon,,hamlet,,Tehri Garhwal,30.12900,78.47908
7839895910,Naikwara,,hamlet,,Tehri Garhwal,30.54077,78.64451
342113164,Nail,,village,,Tehri Garhwal,30.38269,78.41492
342115258,Nainbagh,,village,,Tehri Garhwal,30.57049,78.00505
342115270,Naingaon,,village,,Tehri Garhwal,30.60972,78.01653
7836159791,Nakhuna,,hamlet,,Tehri Garhwal,30.43439,78.81732
342113265,Nakot,,village,,Tehri Garhwal,30.32776,78.46573
7852043570,Nakot,,hamlet,,Tehri Garhwal,30.45446,78.43661
10810502992,Nakot,,village,,Tehri Garhwal,30.58583,78.06990
7872911868,Nala,,hamlet,,Tehri Garhwal,30.28323,78.38440
7880927722,Nala,,hamlet,,Tehri Garhwal,30.57000,78.27394
7733745105,Nalangaon,,hamlet,,Tehri Garhwal,30.61113,78.83880
7843758085,Naljakha,,hamlet,,Tehri Garhwal,30.52501,78.25069
7853017108,Nalkhakhal,,hamlet,,Tehri Garhwal,30.42077,78.39067
7853017092,Nandgaon,,hamlet,,Tehri Garhwal,30.38541,78.40129
342110764,Nanua,,village,,Tehri Garhwal,30.40466,78.59482
342113257,Naramghat,,village,,Tehri Garhwal,30.32964,78.48782
7837744965,Narangi,,hamlet,,Tehri Garhwal,30.25502,78.81024
7872911825,Narangi,,hamlet,,Tehri Garhwal,30.33364,78.37996
342114412,Narendranagar,,village,6049,Tehri Garhwal,30.16071,78.28531
7853017120,Narsingh Dhar,,hamlet,,Tehri Garhwal,30.41789,78.40352
7839895904,Naskundi,,hamlet,,Tehri Garhwal,30.50537,78.68938
7887543660,Nasogi,,hamlet,,Tehri Garhwal,30.10168,78.47897
7840249069,Naudi Chak,,hamlet,,Tehri Garhwal,30.56553,78.67756
7886624354,Naudu,,hamlet,,Tehri Garhwal,30.17771,78.37878
7886624356,Naudu,,hamlet,,Tehri Garhwal,30.18409,78.38388
7843781720,Naugaon,,hamlet,,Tehri Garhwal,30.54973,78.18520
342114450,Naugarh,,village,,Tehri Garhwal,30.22888,78.49732
7856628333,Nauli,,hamlet,,Tehri Garhwal,30.49090,78.36224
7862020121,Naur,,hamlet,,Tehri Garhwal,30.25299,78.35664
7852043560,Nautar,,hamlet,,Tehri Garhwal,30.41989,78.47388
7839691726,Navgarh,,hamlet,,Tehri Garhwal,30.51859,78.49912
7862020105,Nawagaon,,hamlet,,Tehri Garhwal,30.37117,78.27945
7856628340,Neri,,hamlet,,Tehri Garhwal,30.46632,78.34035
245770131,New Tehri,नई टिहरी,town,5000,Tehri Garhwal,30.37445,78.43277
7864715112,Nidwalgaon,,hamlet,,Tehri Garhwal,30.35632,78.34168
7887157134,Nir,,hamlet,,Tehri Garhwal,30.15691,78.34170
7887157126,Nirgad,,hamlet,,Tehri Garhwal,30.13902,78.34718
7838072357,Niwalgaon,,hamlet,,Tehri Garhwal,30.59150,78.61803
342111380,Nyalchami,,village,,Tehri Garhwal,30.38269,78.79257
7864715103,Nyugalgaon,,hamlet,,Tehri Garhwal,30.35088,78.35026
7886624369,Odara,,hamlet,,Tehri Garhwal,30.22023,78.38048
342113326,Okhla,,village,,Tehri Garhwal,30.45685,78.44788
7837853902,Okhli,,hamlet,,Tehri Garhwal,30.34710,78.83888
342112923,Oklakhal,,village,,Tehri Garhwal,30.46472,78.44522
3205259029,Olani,,hamlet,,Tehri Garhwal,30.44696,78.40664
7875125758,Onalgaon,,hamlet,,Tehri Garhwal,30.56553,78.48229
7887076755,Oni,,hamlet,,Tehri Garhwal,30.15081,78.26613
7843770865,Ontor,,hamlet,,Tehri Garhwal,30.55721,78.17538
7840267584,Padhoka,,hamlet,,Tehri Garhwal,30.53946,78.65275
7856839150,Pagari,,hamlet,,Tehri Garhwal,30.49077,78.32359
7839795559,Pailda,,hamlet,,Tehri Garhwal,30.51426,78.59726
7837790431,Pailgaon,,hamlet,,Tehri Garhwal,30.28926,78.76215
2613454983,Pailyuan,,hamlet,,Tehri Garhwal,30.40299,78.45718
7886755239,Pajaingaon,,hamlet,,Tehri Garhwal,30.14626,78.47729
7864715127,Pakiya,,hamlet,,Tehri Garhwal,30.31930,78.25718
7872921400,Palam,,hamlet,,Tehri Garhwal,30.30606,78.48732
7880927742,Palan,,hamlet,,Tehri Garhwal,30.50524,78.30119
7862020133,Palas,,hamlet,,Tehri Garhwal,30.32062,78.34574
2613452551,Pali,,hamlet,,Tehri Garhwal,30.36571,78.40359
7853017096,Pali,,hamlet,,Tehri Garhwal,30.39996,78.42344
7873054479,Pali,,hamlet,,Tehri Garhwal,30.26298,78.43004
7864708580,Paliga,,hamlet,,Tehri Garhwal,30.28390,78.37801
7872911864,Paligaon,,hamlet,,Tehri Garhwal,30.28460,78.38168
7836159788,Paliyalgaon,,hamlet,,Tehri Garhwal,30.42704,78.81441
7873054472,Palogi,,hamlet,,Tehri Garhwal,30.24880,78.46062
7886624367,Palogi,,hamlet,,Tehri Garhwal,30.21886,78.39252
7887157121,Palsara,,hamlet,,Tehri Garhwal,30.14348,78.29465
7880676980,Palyuja,,hamlet,,Tehri Garhwal,30.55245,78.33727
7862020108,Palyuri,,hamlet,,Tehri Garhwal,30.36802,78.29623
7875125740,Pandargaon,,hamlet,,Tehri Garhwal,30.55484,78.47794
7856839147,Pandogi,,hamlet,,Tehri Garhwal,30.49513,78.33715
7853797389,Paneth,,hamlet,,Tehri Garhwal,30.43056,78.41878
7886655685,Pangad,,hamlet,,Tehri Garhwal,30.19277,78.46457
7872911853,Pangar,,hamlet,,Tehri Garhwal,30.36610,78.44316
7875293907,Paniyala,,hamlet,,Tehri Garhwal,30.51227,78.47551
7836159792,Pankhoi,,hamlet,,Tehri Garhwal,30.43561,78.82155
7872911875,Pantnagar,,hamlet,,Tehri Garhwal,30.31210,78.40861
342116199,Pantwari,,village,,Tehri Garhwal,30.58551,78.08897
7839895898,Panyakoti,,hamlet,,Tehri Garhwal,30.51251,78.74047
7843672354,Papra Malla,,hamlet,,Tehri Garhwal,30.50588,78.18084
7843672353,Papra Talla,,hamlet,,Tehri Garhwal,30.50485,78.17122
342113335,Paria raika,,village,,Tehri Garhwal,30.44312,78.47534
7837784279,Parkoti,,hamlet,,Tehri Garhwal,30.33316,78.75988
7853239306,Parori,,hamlet,,Tehri Garhwal,30.50524,78.12617
7886655701,Parshpani,,hamlet,,Tehri Garhwal,30.20304,78.42638
7886624362,Pasar,,hamlet,,Tehri Garhwal,30.20451,78.39992
7872911850,Pasi,,hamlet,,Tehri Garhwal,30.35810,78.43876
7887076751,Pater,,hamlet,,Tehri Garhwal,30.16995,78.31997
7887157125,Pathaur,,hamlet,,Tehri Garhwal,30.13563,78.30862
7852043562,Pathiyana,,hamlet,,Tehri Garhwal,30.42810,78.47854
7837744967,Pathwara,,hamlet,,Tehri Garhwal,30.26772,78.81970
7886655691,Patia,,hamlet,,Tehri Garhwal,30.17667,78.44429
7837816085,Paturi,,hamlet,,Tehri Garhwal,30.29199,78.79586
7858062648,Patwaldhar,,hamlet,,Tehri Garhwal,30.41537,78.26313
7839895909,Paudhar Chat,,hamlet,,Tehri Garhwal,30.51258,78.67000
7880927758,Paukhal,,hamlet,,Tehri Garhwal,30.54934,78.32758
342111370,Pauli,,village,,Tehri Garhwal,30.39093,78.74176
7839795555,Paunara,,hamlet,,Tehri Garhwal,30.54779,78.59879
7873054465,Pavalgaon,,hamlet,,Tehri Garhwal,30.26689,78.48508
7853198201,Paweth,,hamlet,,Tehri Garhwal,30.58097,78.09817
7886507871,Payalgaon,,hamlet,,Tehri Garhwal,30.24368,78.47903
342112848,Petouri,,village,,Tehri Garhwal,30.48431,78.47534
342114432,Phakot,,village,,Tehri Garhwal,30.22717,78.35185
7886507861,Phalsari,,hamlet,,Tehri Garhwal,30.24847,78.42213
7854751834,Phaphrog,,hamlet,,Tehri Garhwal,30.56886,78.01703
7886990247,Phart,,hamlet,,Tehri Garhwal,30.21517,78.30553
7837853900,Phatkanda,,hamlet,,Tehri Garhwal,30.33190,78.84323
7873054463,Phipalti,,hamlet,,Tehri Garhwal,30.28864,78.47500
342114723,Pilani dhar,,village,,Tehri Garhwal,30.48843,78.49457
2357573472,Pillaigul,,hamlet,,Tehri Garhwal,30.31592,78.46766
7887076740,Pilri,,hamlet,,Tehri Garhwal,30.19076,78.32851
7840153162,Pilwa,,hamlet,,Tehri Garhwal,30.50485,78.62425
2377985092,Pinswār,,village,,Tehri Garhwal,30.66094,78.66973
7862020124,Pipleth,,hamlet,,Tehri Garhwal,30.27415,78.35599
7853797400,Pipli,,village,,Tehri Garhwal,30.38072,78.44618
7837744958,Pitkoti,,hamlet,,Tehri Garhwal,30.26431,78.78946
342111276,Pokhar,,village,,Tehri Garhwal,30.46234,78.70056
7839637447,Pokhirialgaon,,hamlet,,Tehri Garhwal,30.50577,78.50966
7875125762,Pokhri,,hamlet,,Tehri Garhwal,30.57924,78.45908
7880927752,Pokhri,,hamlet,,Tehri Garhwal,30.53537,78.31591
7886624364,Pokhri,,hamlet,,Tehri Garhwal,30.21103,78.39434
342114749,Pokhri(001),,hamlet,,Tehri Garhwal,30.50121,78.54172
342113246,Pokhri(004),,village,,Tehri Garhwal,30.25251,78.46869
7835793254,Pora,,hamlet,,Tehri Garhwal,30.49885,78.77906
7854733596,Prab,,hamlet,,Tehri Garhwal,30.56052,78.02024
7837744957,Prachunda,,hamlet,,Tehri Garhwal,30.26363,78.77667
7854583046,Praogi,,hamlet,,Tehri Garhwal,30.52087,78.02625
342112835,Pratapnagar,,village,,Tehri Garhwal,30.45410,78.48633
2378000389,Pratāpnagar,,hamlet,,Tehri Garhwal,30.46667,78.48333
7843774368,Pujaidi,,hamlet,,Tehri Garhwal,30.50243,78.07821
7843781719,Pujaldi,,hamlet,,Tehri Garhwal,30.54725,78.19204
7856628351,Pujalri,,hamlet,,Tehri Garhwal,30.39107,78.32316
7835784733,Pujargaon,,hamlet,,Tehri Garhwal,30.53498,78.80182
7839691729,Pujargaon,,hamlet,,Tehri Garhwal,30.51492,78.51891
7862020155,Pujargaon,,hamlet,,Tehri Garhwal,30.35273,78.26662
7875293909,Pujargaon,,hamlet,,Tehri Garhwal,30.51610,78.48303
7856628358,Pujiargaon,,hamlet,,Tehri Garhwal,30.37832,78.28306
7836179289,Pundoll,,hamlet,,Tehri Garhwal,30.36400,78.79073
7886624355,Pungad,,hamlet,,Tehri Garhwal,30.18487,78.39000
7836158103,Purvalgaon,,hamlet,,Tehri Garhwal,30.44038,78.77691
7886507852,Pyanthali,,hamlet,,Tehri Garhwal,30.20838,78.42260
7838109822,Ragari,,hamlet,,Tehri Garhwal,30.54110,78.56932
7838058734,Ragasya,,hamlet,,Tehri Garhwal,30.58080,78.64644
7875125742,Raikkagaon,,hamlet,,Tehri Garhwal,30.55838,78.46212
7835784730,Raitgaon,,hamlet,,Tehri Garhwal,30.52829,78.80356
342114733,Rajakhet,,village,,Tehri Garhwal,30.38544,78.54401
7853797390,Rajgaon,,hamlet,,Tehri Garhwal,30.43369,78.42227
7887157140,Rakhara,,hamlet,,Tehri Garhwal,30.17080,78.36443
7853797451,Ramgaon,,hamlet,,Tehri Garhwal,30.40532,78.43440
342114127,Ramolgaon,,village,,Tehri Garhwal,30.53513,78.34626
7872921393,Ramolgaon,,hamlet,,Tehri Garhwal,30.31125,78.46268
7880782312,Ramolsari,,hamlet,,Tehri Garhwal,30.51086,78.34398
7864708579,Rampur,,hamlet,,Tehri Garhwal,30.29035,78.37775
7853222436,Rampur Negiyana,,hamlet,,Tehri Garhwal,30.59719,78.08983
7875125738,Randryalgaon,,hamlet,,Tehri Garhwal,30.54894,78.48036
7979282238,Ranog,,hamlet,,Tehri Garhwal,30.50669,77.97922
7836159790,Rathkana,,hamlet,,Tehri Garhwal,30.43190,78.81406
342113072,Ratnogad,,village,,Tehri Garhwal,30.44204,78.38224
7852043569,Raulkot,,village,,Tehri Garhwal,30.43926,78.44672
7886624371,Raundeli,,hamlet,,Tehri Garhwal,30.23163,78.38063
7853797434,Raunia,,hamlet,,Tehri Garhwal,30.43826,78.47832
7839637445,Raunian,,hamlet,,Tehri Garhwal,30.50801,78.50552
7856663551,Raunshkhal,,hamlet,,Tehri Garhwal,30.41933,78.32830
7875293903,Rautgaon,,hamlet,,Tehri Garhwal,30.53044,78.47629
7855089055,Rayalgaon,,hamlet,,Tehri Garhwal,30.50641,78.03423
6520218277,Reeh,,hamlet,,Tehri Garhwal,30.58899,78.82309
7835850576,Reni Buth,,hamlet,,Tehri Garhwal,30.53282,78.82800
7837853901,Rigoli,,hamlet,,Tehri Garhwal,30.33816,78.84284
7862020168,Ringaliya,,hamlet,,Tehri Garhwal,30.31751,78.27178
7880782286,Ripadhand,,hamlet,,Tehri Garhwal,30.57045,78.31754
7835784732,Rishidhar,,hamlet,,Tehri Garhwal,30.53040,78.80166
342113194,Sabli,,village,,Tehri Garhwal,30.32501,78.39432
7875125761,Sadgaon,,hamlet,,Tehri Garhwal,30.57511,78.45885
7872911845,Sagwangaon,,hamlet,,Tehri Garhwal,30.34051,78.46805
7864715099,Saimwari,,hamlet,,Tehri Garhwal,30.34316,78.37434
342111422,Sain,,village,,Tehri Garhwal,30.41565,78.59757
7886624336,Sain,,hamlet,,Tehri Garhwal,30.16689,78.43492
7886755232,Sain Gadna,,hamlet,,Tehri Garhwal,30.17198,78.48763
7886655687,Sainbhagenti,,hamlet,,Tehri Garhwal,30.18761,78.45083
7854583040,Sainj,,hamlet,,Tehri Garhwal,30.50545,78.01882
7880676969,Sainsari,,hamlet,,Tehri Garhwal,30.52354,78.33769
7853797435,Saknyani chak,,hamlet,,Tehri Garhwal,30.45345,78.48169
7886990249,Saldogi,,hamlet,,Tehri Garhwal,30.22681,78.31718
7862020123,Salekh,,hamlet,,Tehri Garhwal,30.26429,78.35393
7872911859,Samalta,,hamlet,,Tehri Garhwal,30.32703,78.42932
7873054470,Samnarkhoti,,hamlet,,Tehri Garhwal,30.25138,78.48088
7855019693,Sanam,,hamlet,,Tehri Garhwal,30.56218,78.04705
7853795296,Sandana,,hamlet,,Tehri Garhwal,30.39518,78.49774
7850301254,Sankri,,village,,Tehri Garhwal,30.46998,78.37870
7880782309,Sano,,hamlet,,Tehri Garhwal,30.50545,78.36490
7839691727,Sanyari,,hamlet,,Tehri Garhwal,30.51071,78.49857
7856731288,Saolwani,,hamlet,,Tehri Garhwal,30.37950,78.25338
7839795558,Sarkanda,,hamlet,,Tehri Garhwal,30.51797,78.60426
7837816087,Sarkena,,hamlet,,Tehri Garhwal,30.29466,78.78018
7858062610,Sarket,,hamlet,,Tehri Garhwal,30.44711,78.28825
7853122736,Sarl,,hamlet,,Tehri Garhwal,30.44879,78.39517
7887076746,Saroli,,hamlet,,Tehri Garhwal,30.19181,78.29848
7880676981,Sarot,,hamlet,,Tehri Garhwal,30.54894,78.33919
7887076733,Sarswar,,hamlet,,Tehri Garhwal,30.17949,78.33230
2377440469,Sartāll,,hamlet,,Tehri Garhwal,30.48222,77.97500
7854583044,Sarwo,,hamlet,,Tehri Garhwal,30.52944,78.01646
7864715100,Satiariyon,,hamlet,,Tehri Garhwal,30.34381,78.36642
7835784731,Satiyalagaon,,hamlet,,Tehri Garhwal,30.52918,78.81037
7836160340,Satpoli,,hamlet,,Tehri Garhwal,30.44936,78.82113
7856628356,Satyun,,hamlet,,Tehri Garhwal,30.37382,78.28439
7856663536,Saund,,hamlet,,Tehri Garhwal,30.46432,78.26153
7886507878,Saundari,,hamlet,,Tehri Garhwal,30.22800,78.49279
7871511344,Saundi,,hamlet,,Tehri Garhwal,30.61546,78.48852
7872457196,Saundi Gad,,hamlet,,Tehri Garhwal,30.60884,78.49199
7872911838,Saundkoti,,hamlet,,Tehri Garhwal,30.33627,78.41792
342111112,Saunla,,village,,Tehri Garhwal,30.57231,78.66162
7840153164,Saunp,,hamlet,,Tehri Garhwal,30.52208,78.63426
7873054468,Sauntilgaon,,hamlet,,Tehri Garhwal,30.25682,78.48772
2377985116,Saur,,hamlet,,Tehri Garhwal,30.25000,78.51667
7839691731,Saur,,hamlet,,Tehri Garhwal,30.51737,78.52708
7856628347,Saur,,hamlet,,Tehri Garhwal,30.39744,78.33387
7853239307,Sauri,,hamlet,,Tehri Garhwal,30.51080,78.11866
7880927723,Sauri Chak,,hamlet,,Tehri Garhwal,30.56825,78.26274
7853797430,Seiur,,hamlet,,Tehri Garhwal,30.42756,78.39983
7840229713,Sem,,hamlet,,Tehri Garhwal,30.53164,78.66166
7840290591,Semarwara,,hamlet,,Tehri Garhwal,30.55598,78.67239
7840249074,Semma,,hamlet,,Tehri Garhwal,30.53977,78.67803
7853017106,Semwalgaon,,hamlet,,Tehri Garhwal,30.41743,78.39820
7853222430,Sendul,,hamlet,,Tehri Garhwal,30.61234,78.08181
7856663558,Senwalipatal,,hamlet,,Tehri Garhwal,30.44449,78.30810
7886624381,Sera,,hamlet,,Tehri Garhwal,30.22596,78.40940
7856731286,Shangaon,,hamlet,,Tehri Garhwal,30.40852,78.32883
7852043564,Shein,,hamlet,,Tehri Garhwal,30.43635,78.46230
7837790432,Shil,,hamlet,,Tehri Garhwal,30.28675,78.75958
7880751581,Shilagaon,,hamlet,,Tehri Garhwal,30.55009,78.29250
7877113878,Shilari,,hamlet,,Tehri Garhwal,30.50278,78.44715
7836179287,Shillpundoli,,hamlet,,Tehri Garhwal,30.35563,78.79442
7875293916,Shilori,,hamlet,,Tehri Garhwal,30.50672,78.46929
7840290585,Shivnagar,,hamlet,,Tehri Garhwal,30.55738,78.66667
7886624339,Shivpuri,,hamlet,,Tehri Garhwal,30.13808,78.39217
342115882,Shrikot,,village,,Tehri Garhwal,30.61940,78.12502
7880927720,Shriphora,,hamlet,,Tehri Garhwal,30.57276,78.28357
342115246,Sigunisera,,village,,Tehri Garhwal,30.56175,78.00429
7836128277,Sil,,hamlet,,Tehri Garhwal,30.46533,78.77050
7862020118,Silasaur,,hamlet,,Tehri Garhwal,30.31017,78.34230
7837790434,Silkakhal,,hamlet,,Tehri Garhwal,30.27718,78.78528
7886755241,Silkani,,village,,Tehri Garhwal,30.15414,78.46684
7853017086,Silkoti,,hamlet,,Tehri Garhwal,30.37797,78.37885
7853797386,Silla Uppu,,hamlet,,Tehri Garhwal,30.44908,78.41273
2377440470,Sillar,शिवपुरी,hamlet,,Tehri Garhwal,30.13348,78.38579
7872457194,Siloda,,hamlet,,Tehri Garhwal,30.59249,78.49289
7856839143,Silogi,,hamlet,,Tehri Garhwal,30.38624,78.35357
7886990261,Simlet,,hamlet,,Tehri Garhwal,30.24044,78.35705
7862020102,Simwalgaon Palla,,hamlet,,Tehri Garhwal,30.36438,78.28192
7839691730,Sindwalgaon,,hamlet,,Tehri Garhwal,30.51212,78.52574
7888665195,Singtal,,hamlet,,Tehri Garhwal,30.06297,78.48457
7880927734,Sinjal,,hamlet,,Tehri Garhwal,30.50556,78.25821
7840153161,Siphon,,hamlet,,Tehri Garhwal,30.50589,78.62801
342113116,Sirai,,village,,Tehri Garhwal,30.43074,78.42817
7840153163,Sirakot,,hamlet,,Tehri Garhwal,30.51219,78.62636
7843766552,Siras,,hamlet,,Tehri Garhwal,30.53190,78.15336
7853797445,Sirkhol,,hamlet,,Tehri Garhwal,30.48422,78.48564
7875125739,Sirwani,,hamlet,,Tehri Garhwal,30.55916,78.49354
7837778587,Sityar,,hamlet,,Tehri Garhwal,30.27926,78.85626
2613476696,Sod Uppu,,hamlet,,Tehri Garhwal,30.44743,78.43340
7850301260,Sonargaon,,village,,Tehri Garhwal,30.49827,78.38003
7858062629,Sonargaon,,hamlet,,Tehri Garhwal,30.38937,78.34336
7862020132,Sonarkut,,hamlet,,Tehri Garhwal,30.29802,78.37277
7853017095,Srikot,,hamlet,,Tehri Garhwal,30.39016,78.40481
7862005645,Sudhara,,hamlet,,Tehri Garhwal,30.34097,78.36325
7873054441,Sudhara,,hamlet,,Tehri Garhwal,30.35044,78.38089
7872911865,Suir,,hamlet,,Tehri Garhwal,30.28108,78.39020
7836179313,Sukhtal,,hamlet,,Tehri Garhwal,30.40534,78.77349
7835793252,Sumangaon,,hamlet,,Tehri Garhwal,30.51827,78.76286
7862020097,Sunalgaon,,hamlet,,Tehri Garhwal,30.34682,78.33112
7853017122,Sunargaon,,hamlet,,Tehri Garhwal,30.42903,78.40672
7886624373,Sunargaon,,hamlet,,Tehri Garhwal,30.24406,78.38637
342110743,Sunari,,village,,Tehri Garhwal,30.43076,78.58109
7843766538,Sunau,,hamlet,,Tehri Garhwal,30.51064,78.13260
7843708093,Sunkhila,,hamlet,,Tehri Garhwal,30.61906,78.15831
7854583034,Surasi,,hamlet,,Tehri Garhwal,30.55166,78.00398
7872911827,Surkhot,,hamlet,,Tehri Garhwal,30.35355,78.40470
7835784739,Surmori,,hamlet,,Tehri Garhwal,30.55193,78.80951
7862020099,Swari,,hamlet,,Tehri Garhwal,30.35773,78.33479
342110794,Syalkhund,,hamlet,,Tehri Garhwal,30.35797,78.61954
7836165208,Syalsaur,,hamlet,,Tehri Garhwal,30.33729,78.77851
2613508300,Syansu,,village,,Tehri Garhwal,30.49342,78.39003
6169107784,Syul,,hamlet,,Tehri Garhwal,30.34462,78.36223
2622060819,Syunta,,hamlet,,Tehri Garhwal,30.34148,78.38687
7872911824,Syunta Bara,,hamlet,,Tehri Garhwal,30.33662,78.38387
7886990245,Syur,,hamlet,,Tehri Garhwal,30.21074,78.31769
7840290590,Syura,,hamlet,,Tehri Garhwal,30.55152,78.67657
7886990262,Tachhla,,hamlet,,Tehri Garhwal,30.24398,78.36269
7886624342,Tail,,hamlet,,Tehri Garhwal,30.14806,78.40749
7843774367,Takarna,,hamlet,,Tehri Garhwal,30.50894,78.07443
7887076757,Talain,,hamlet,,Tehri Garhwal,30.16962,78.27767
7886624359,Talain Malli,,hamlet,,Tehri Garhwal,30.19631,78.38571
7886624360,Talain Talli,,hamlet,,Tehri Garhwal,30.20399,78.38187
7875125759,Talisain,,hamlet,,Tehri Garhwal,30.56839,78.47511
7853017132,Talla (uppu),,hamlet,,Tehri Garhwal,30.45396,78.42047
7887076759,Talla Kodana,,hamlet,,Tehri Garhwal,30.18917,78.26298
7853797425,Talla Ratnau,,hamlet,,Tehri Garhwal,30.44641,78.38278
7864715097,Talli,,hamlet,,Tehri Garhwal,30.35136,78.37041
7886624378,Tamiyar,,hamlet,,Tehri Garhwal,30.22651,78.40504
7886624370,Tamoli,,hamlet,,Tehri Garhwal,30.22692,78.38166
7886990238,Tandil,,hamlet,,Tehri Garhwal,30.20944,78.29051
7880927715,Tangethi,,hamlet,,Tehri Garhwal,30.58183,78.29115
7837853898,Tangla,,hamlet,,Tehri Garhwal,30.32762,78.84837
10810502995,Tangri,,hamlet,,Tehri Garhwal,30.57361,78.07285
7837784280,Tapli,,hamlet,,Tehri Garhwal,30.32881,78.76294
7856663543,Taru,,hamlet,,Tehri Garhwal,30.44418,78.26767
7880751574,Tatra,,hamlet,,Tehri Garhwal,30.52011,78.28102
7858062634,Tegna,,hamlet,,Tehri Garhwal,30.40506,78.27043
7838138979,Tehan,,hamlet,,Tehri Garhwal,30.65327,78.65051
7843770866,Tewa,,hamlet,,Tehri Garhwal,30.55235,78.17830
7853222438,Thadwangaon,,hamlet,,Tehri Garhwal,30.59171,78.09050
7862020117,Than,,hamlet,,Tehri Garhwal,30.31673,78.35232
7862020130,Than,,hamlet,,Tehri Garhwal,30.30165,78.35499
7872911823,Than,,hamlet,,Tehri Garhwal,30.33085,78.39250
7856731285,Thangdhar,,hamlet,,Tehri Garhwal,30.41134,78.34179
7880751579,Thangi,,hamlet,,Tehri Garhwal,30.53868,78.28830
7839677650,Thangra,,hamlet,,Tehri Garhwal,30.58436,78.50151
7886507867,Thanyul,,hamlet,,Tehri Garhwal,30.24316,78.45622
7853239303,Thapla,,hamlet,,Tehri Garhwal,30.50589,78.09256
7875293913,Thapla,,hamlet,,Tehri Garhwal,30.50481,78.48552
7872911837,Tharsalgaon,,hamlet,,Tehri Garhwal,30.33516,78.40578
7836160338,That,,hamlet,,Tehri Garhwal,30.44743,78.80706
7835793244,Thati,,hamlet,,Tehri Garhwal,30.52467,78.76521
7837776813,Thati,,hamlet,,Tehri Garhwal,30.29115,78.83717
7858062592,Thauldhar,,hamlet,,Tehri Garhwal,30.44668,78.37114
7843781725,Thika,,hamlet,,Tehri Garhwal,30.53382,78.17550
7880927727,Thirani,,hamlet,,Tehri Garhwal,30.55346,78.27675
7875293914,Thorki,,hamlet,,Tehri Garhwal,30.50205,78.46514
7880927714,Thulsera,,hamlet,,Tehri Garhwal,30.58637,78.27064
7836158100,Thuwa,,hamlet,,Tehri Garhwal,30.44874,78.77988
2377985118,Thāti Kathūr,,hamlet,,Tehri Garhwal,30.57897,78.64914
7864708583,Tibli,,hamlet,,Tehri Garhwal,30.29005,78.36762
7856628346,Tikhon,,hamlet,,Tehri Garhwal,30.45680,78.34607
7843774364,Tikri,,hamlet,,Tehri Garhwal,30.51914,78.13003
7854751829,Tikri,,hamlet,,Tehri Garhwal,30.59206,78.04162
7886655694,Tilban,,hamlet,,Tehri Garhwal,30.19103,78.43937
7862005641,Tilwalgaon,,hamlet,,Tehri Garhwal,30.36232,78.35977
7886624341,Timli,,hamlet,,Tehri Garhwal,30.15426,78.41187
7862020165,Timli Gad,,hamlet,,Tehri Garhwal,30.34741,78.28026
7886655695,Timli Tolki Nala,,hamlet,,Tehri Garhwal,30.17826,78.41054
7873054449,Timwari,,hamlet,,Tehri Garhwal,30.26657,78.40163
7835793235,Tindroli,,hamlet,,Tehri Garhwal,30.55170,78.79570
7872921387,Tingri,,hamlet,,Tehri Garhwal,30.29320,78.45551
7839637443,Tinwalgaon,,hamlet,,Tehri Garhwal,30.50592,78.52863
7838021555,Tiolung,,hamlet,,Tehri Garhwal,30.60958,78.67484
7864715110,Tipkhalgaon,,hamlet,,Tehri Garhwal,30.35412,78.34398
2357223587,Tipri,,hamlet,,Tehri Garhwal,30.37823,78.49441
7853021824,Tipri,,hamlet,,Tehri Garhwal,30.45056,78.37874
7886755229,Tipri,,hamlet,,Tehri Garhwal,30.17080,78.46910
7838058737,Tisrara,,hamlet,,Tehri Garhwal,30.56515,78.65666
7836158104,Titangaon,,hamlet,,Tehri Garhwal,30.43752,78.78166
7840694850,Titurana,,hamlet,,Tehri Garhwal,30.60078,78.65220
7837880049,Tityuna,,hamlet,,Tehri Garhwal,30.38629,78.80459
7853797453,Tiwargaon,,hamlet,,Tehri Garhwal,30.41352,78.44526
7838058741,Toli,,hamlet,,Tehri Garhwal,30.59437,78.68906
7872911862,Toli,,hamlet,,Tehri Garhwal,30.27734,78.41481
7880927731,Totarpani,,hamlet,,Tehri Garhwal,30.52755,78.25701
7839795557,Tungana,,hamlet,,Tehri Garhwal,30.50700,78.59848
7872921391,Tungoli,,hamlet,,Tehri Garhwal,30.31821,78.45963
7839795554,Udari,,hamlet,,Tehri Garhwal,30.54362,78.59806
7843781723,Udarsu,,hamlet,,Tehri Garhwal,30.54177,78.18134
7862020144,Udkhanda,,hamlet,,Tehri Garhwal,30.27797,78.33269
7856839140,Udkot Maniyar,,village,,Tehri Garhwal,30.38072,78.36445
7835793238,Uina,,hamlet,,Tehri Garhwal,30.53868,78.79073
11980437127,Uina,,hamlet,,Tehri Garhwal,30.53288,78.78373
7853797423,Ujadgaon,,hamlet,,Tehri Garhwal,30.44612,78.37771
7836179312,Uknown,,hamlet,,Tehri Garhwal,30.40730,78.77851
7837790435,Ulana,,hamlet,,Tehri Garhwal,30.27013,78.79124
7856628359,Umelgaon,,hamlet,,Tehri Garhwal,30.39008,78.29651
7839637446,Uniyalgaon,,hamlet,,Tehri Garhwal,30.51012,78.50936
2379393093,Upla,,hamlet,,Tehri Garhwal,30.35509,78.38578
7862020088,Upli,,hamlet,,Tehri Garhwal,30.33008,78.36348
7838138982,Urni,,hamlet,,Tehri Garhwal,30.66062,78.66176
7872911877,Vid,,hamlet,,Tehri Garhwal,30.31462,78.42011
7880676971,Vikol,,hamlet,,Tehri Garhwal,30.52966,78.33183
7880751572,Vindalkoti,,hamlet,,Tehri Garhwal,30.53326,78.29776
7864715124,Walla,,hamlet,,Tehri Garhwal,30.36973,78.27171
7886990266,Wasi,,hamlet,,Tehri Garhwal,30.22767,78.36760
7880927744,Wasyul,,hamlet,,Tehri Garhwal,30.50759,78.31484
7887543652,Wilogi,,hamlet,,Tehri Garhwal,30.11367,78.44612
342116030,Yamuna Pul,,village,,Tehri Garhwal,30.51016,77.98427
7886990251,agar,,hamlet,,Tehri Garhwal,30.21930,78.33421
7843254416,agar channi,,hamlet,,Tehri Garhwal,30.69515,78.70160
7865669011,akhorisain,,hamlet,,Tehri Garhwal,30.34685,78.55306
7865636916,amilda,,hamlet,,Tehri Garhwal,30.28701,78.53904
7861409930,amoli,,hamlet,,Tehri Garhwal,30.33434,78.64697
7846778081,andaria,,hamlet,,Tehri Garhwal,30.43107,78.63988
7865789494,andreti,,hamlet,,Tehri Garhwal,30.30133,78.60446
7865789500,anjanisain,,village,,Tehri Garhwal,30.31433,78.58779
7851913514,anuwa,,village,,Tehri Garhwal,30.49930,78.60805
7884560835,aralgaon,,hamlet,,Tehri Garhwal,30.31080,78.22966
7863511860,arota,,hamlet,,Tehri Garhwal,30.28775,78.64584
7865779863,asena,,hamlet,,Tehri Garhwal,30.38349,78.59313
7872911871,atali,,hamlet,,Tehri Garhwal,30.29628,78.38363
7875610754,awli,,hamlet,,Tehri Garhwal,30.49299,78.24832
7849443784,badil,,hamlet,,Tehri Garhwal,30.40763,78.50819
7863969413,badon,,hamlet,,Tehri Garhwal,30.27535,78.73364
7849902181,badongaon,,hamlet,,Tehri Garhwal,30.44741,78.57657
7872911856,badongaon,,hamlet,,Tehri Garhwal,30.34099,78.42389
7875660278,badwala,,hamlet,,Tehri Garhwal,30.43115,78.23786
7856839152,bageri,,hamlet,,Tehri Garhwal,30.48407,78.34956
7853797408,bagi,,hamlet,,Tehri Garhwal,30.38174,78.46071
7863511841,bagi,,hamlet,,Tehri Garhwal,30.27334,78.64044
7865755917,bagi,,hamlet,,Tehri Garhwal,30.32702,78.56999
7865773093,bagi,,hamlet,,Tehri Garhwal,30.26459,78.54586
7846550856,baheri,,hamlet,,Tehri Garhwal,30.46271,78.62992
7865789493,bainsoli,,hamlet,,Tehri Garhwal,30.30193,78.59082
7862020101,balog,,hamlet,,Tehri Garhwal,30.36548,78.32136
7876278063,bamangaon,,hamlet,,Tehri Garhwal,30.48650,78.06797
7852995980,banali,,village,,Tehri Garhwal,30.46460,78.46959
7862020169,banali,,village,,Tehri Garhwal,30.31615,78.28950
7875573515,bandari,,hamlet,,Tehri Garhwal,30.45289,78.20535
7876242258,banglo ki kandi,,hamlet,,Tehri Garhwal,30.48227,78.03150
7863893248,banjwari,,hamlet,,Tehri Garhwal,30.35331,78.72869
7863969435,banjwari,,hamlet,,Tehri Garhwal,30.33508,78.71396
7875520609,bansi,,hamlet,,Tehri Garhwal,30.48803,78.18894
8025077641,baret,,hamlet,,Tehri Garhwal,30.24848,78.80705
7865755905,bargaon,,hamlet,,Tehri Garhwal,30.30723,78.57596
7862020091,bariyan,,hamlet,,Tehri Garhwal,30.32888,78.37144
7849487213,barkot,,hamlet,,Tehri Garhwal,30.37042,78.53519
7856628334,barnoli,,hamlet,,Tehri Garhwal,30.46014,78.36992
7856663546,barnu Bichla,,hamlet,,Tehri Garhwal,30.46329,78.32190
7856663545,barnu Talla,,hamlet,,Tehri Garhwal,30.46393,78.32546
7856663544,barnu malla,,hamlet,,Tehri Garhwal,30.46175,78.32516
7863658615,barsila,,hamlet,,Tehri Garhwal,30.30298,78.68540
7863893245,barsila,,hamlet,,Tehri Garhwal,30.34147,78.71868
7863658589,barsoli,,hamlet,,Tehri Garhwal,30.27256,78.67945
7862020122,basu,,hamlet,,Tehri Garhwal,30.25692,78.35608
7846956939,baunr,,hamlet,,Tehri Garhwal,30.42360,78.64207
7865755916,baunsta,,hamlet,,Tehri Garhwal,30.32406,78.56817
7853017109,baur,,hamlet,,Tehri Garhwal,30.40479,78.41929
7846956924,beleshwar,,hamlet,,Tehri Garhwal,30.46392,78.63784
7865581958,belkandi,,hamlet,,Tehri Garhwal,30.30208,78.53025
7863536836,belta,,hamlet,,Tehri Garhwal,30.35144,78.69274
7849443776,belthasaur,,hamlet,,Tehri Garhwal,30.38893,78.51449
7853017111,bergani,,hamlet,,Tehri Garhwal,30.39424,78.41672
7865636917,bhadli,,hamlet,,Tehri Garhwal,30.28787,78.53247
7875669309,bhainsiyan,,hamlet,,Tehri Garhwal,30.37958,78.21142
7863511849,bhainskot,,hamlet,,Tehri Garhwal,30.25047,78.62269
7875610739,bhajni,,hamlet,,Tehri Garhwal,30.46661,78.22197
7863511852,bhaldana,,hamlet,,Tehri Garhwal,30.26442,78.61913
7849902179,bhaldgaon,,hamlet,,Tehri Garhwal,30.44237,78.57501
7863658595,bhandali,,hamlet,,Tehri Garhwal,30.25753,78.69450
7856839151,bhandarki,,hamlet,,Tehri Garhwal,30.49783,78.32617
7874322159,bhanswari,,hamlet,,Tehri Garhwal,30.46556,78.16600
7863658609,bharpur,,hamlet,,Tehri Garhwal,30.29221,78.66681
7849443771,bhasli,,hamlet,,Tehri Garhwal,30.39967,78.53075
7849487216,bhatkanda,,hamlet,,Tehri Garhwal,30.36722,78.52655
7865581960,bhatkot,,hamlet,,Tehri Garhwal,30.31010,78.50937
7853021826,bhattgaon,,hamlet,,Tehri Garhwal,30.45223,78.38114
7849970985,bhatwara,,hamlet,,Tehri Garhwal,30.45637,78.57179
7850045860,bhatwara,,hamlet,,Tehri Garhwal,30.39811,78.55392
7875610751,bhatwari,,hamlet,,Tehri Garhwal,30.48825,78.24247
7875610743,bhawan,,hamlet,,Tehri Garhwal,30.47957,78.22192
7849259210,bhelunta,,hamlet,,Tehri Garhwal,30.46067,78.52136
7874433652,bhorkhandi,,hamlet,,Tehri Garhwal,30.36623,78.14416
7875669313,bhutsi,,hamlet,,Tehri Garhwal,30.39533,78.21119
7876242263,bingali gad,,hamlet,,Tehri Garhwal,30.49371,78.02886
7876278058,biragaon,,hamlet,,Tehri Garhwal,30.47727,78.06022
7863969434,birkhal,,hamlet,,Tehri Garhwal,30.33650,78.71951
7875660284,birkot,,hamlet,,Tehri Garhwal,30.45497,78.23512
7849464486,bisatli,,hamlet,,Tehri Garhwal,30.41421,78.51171
7863446841,budena,,hamlet,,Tehri Garhwal,30.32065,78.65917
7863511859,burkot,,hamlet,,Tehri Garhwal,30.28561,78.64970
7865755912,chadyara,,hamlet,,Tehri Garhwal,30.30939,78.57795
7850045843,chah,,hamlet,,Tehri Garhwal,30.36291,78.56275
7851913519,chailli,,hamlet,,Tehri Garhwal,30.47706,78.58554
7865636915,chaka,,hamlet,,Tehri Garhwal,30.28363,78.53330
7846956903,challi,,hamlet,,Tehri Garhwal,30.48389,78.70090
7863511854,chameri,,hamlet,,Tehri Garhwal,30.27139,78.62413
7846956922,chamyala,,village,,Tehri Garhwal,30.47988,78.62785
7865773091,chapoli,,village,,Tehri Garhwal,30.25690,78.55007
7863658618,chauki,,hamlet,,Tehri Garhwal,30.31103,78.70537
7850045858,chaund,,hamlet,,Tehri Garhwal,30.39622,78.55789
7865755913,chaund (jaspur),,hamlet,,Tehri Garhwal,30.31511,78.55177
7852043576,chaundhaur,,village,,Tehri Garhwal,30.47210,78.44979
7865669013,chaunthi,,hamlet,,Tehri Garhwal,30.35761,78.56156
7865581966,chheti,,hamlet,,Tehri Garhwal,30.32415,78.52314
7875669316,chhoti gad,,hamlet,,Tehri Garhwal,30.40108,78.23320
7884499773,chiphaldi,,hamlet,,Tehri Garhwal,30.32188,78.18232
7849487212,cholgaon,,village,,Tehri Garhwal,30.36630,78.53527
7863536842,choparya,,hamlet,,Tehri Garhwal,30.35779,78.69621
7875669326,chorgarh,,hamlet,,Tehri Garhwal,30.41312,78.24706
7875660274,chulistan,,hamlet,,Tehri Garhwal,30.41684,78.24527
7851858792,churerna,,hamlet,,Tehri Garhwal,30.44338,78.60227
7863658604,chyalni,,hamlet,,Tehri Garhwal,30.27904,78.66649
7863511856,chyazi,,hamlet,,Tehri Garhwal,30.28987,78.65619
7875660281,dabali,,hamlet,,Tehri Garhwal,30.45087,78.24036
7863536838,dagar,,hamlet,,Tehri Garhwal,30.35027,78.69702
7846885728,dakhwangaon,,hamlet,,Tehri Garhwal,30.43346,78.73965
7849259222,dandasori,,hamlet,,Tehri Garhwal,30.47873,78.51861
7872921401,dandeli,,hamlet,,Tehri Garhwal,30.31121,78.48320
7872921402,danderi,,hamlet,,Tehri Garhwal,30.32280,78.48427
7850301246,dang,,village,,Tehri Garhwal,30.46634,78.40144
8025077646,dang rotela,,hamlet,,Tehri Garhwal,30.24266,78.75485
7875610738,dangala,,hamlet,,Tehri Garhwal,30.47267,78.22403
7884608107,darak,,hamlet,,Tehri Garhwal,30.34168,78.22699
7884608105,darwa,,hamlet,,Tehri Garhwal,30.34225,78.23778
7865773097,dasholi,,hamlet,,Tehri Garhwal,30.27478,78.54314
7865789497,dasholi,,hamlet,,Tehri Garhwal,30.31213,78.58551
7849259221,dewal,,hamlet,,Tehri Garhwal,30.47243,78.50155
7863511836,dewalkandi,,hamlet,,Tehri Garhwal,30.26558,78.63126
7846956896,dewat,,hamlet,,Tehri Garhwal,30.48923,78.71097
7865803532,dharun,,hamlet,,Tehri Garhwal,30.27914,78.58860
7884467264,dhaulagiri,,hamlet,,Tehri Garhwal,30.34671,78.17837
7861409931,dhaulangi,,hamlet,,Tehri Garhwal,30.33631,78.63886
7876242252,dhobighat,,hamlet,,Tehri Garhwal,30.47089,78.03387
7849902180,dhung chaudana,,village,,Tehri Garhwal,30.44064,78.57998
7851858791,dhung khavogi,,hamlet,,Tehri Garhwal,30.44688,78.59680
7849902176,diuli,,hamlet,,Tehri Garhwal,30.43607,78.57556
7865636919,dob,,hamlet,,Tehri Garhwal,30.28270,78.51919
7863511847,dobh,,hamlet,,Tehri Garhwal,30.25588,78.63534
7863511835,dobla,,hamlet,,Tehri Garhwal,30.26175,78.64028
7863536835,dolkhyari,,hamlet,,Tehri Garhwal,30.34455,78.69744
7875520605,dolsi,,hamlet,,Tehri Garhwal,30.48196,78.20485
7846956909,donipali,,hamlet,,Tehri Garhwal,30.48045,78.72537
7846956910,doniwali,,hamlet,,Tehri Garhwal,30.47205,78.71925
7849911806,dopanath,,hamlet,,Tehri Garhwal,30.45984,78.56142
7872911881,drgothi,,hamlet,,Tehri Garhwal,30.28694,78.43753
7884439227,dubra,,hamlet,,Tehri Garhwal,30.32856,78.16108
7849259206,dulyavgaon,,hamlet,,Tehri Garhwal,30.45820,78.50973
7875660283,dunda,,hamlet,,Tehri Garhwal,30.45564,78.24335
7863969432,dunik,,hamlet,,Tehri Garhwal,30.32707,78.72434
7850045839,gadoliya,,hamlet,,Tehri Garhwal,30.36421,78.57091
7863969412,gahar,,hamlet,,Tehri Garhwal,30.26929,78.71918
7873054448,gaind,,hamlet,,Tehri Garhwal,30.26407,78.39642
7873054450,gaindi,,hamlet,,Tehri Garhwal,30.26870,78.38825
7846550857,ganagar,,hamlet,,Tehri Garhwal,30.45986,78.63151
8025121992,gandasu,,hamlet,,Tehri Garhwal,30.24068,78.84428
7852995978,ganogi,,hamlet,,Tehri Garhwal,30.39542,78.38556
7849443777,ganoli,,hamlet,,Tehri Garhwal,30.39703,78.51080
7865755906,gansari,,hamlet,,Tehri Garhwal,30.30297,78.56361
7876242268,gaonkhet,,hamlet,,Tehri Garhwal,30.49853,78.00020
7865755909,garakot,,hamlet,,Tehri Garhwal,30.31034,78.56558
7875610755,garheth,,hamlet,,Tehri Garhwal,30.49081,78.23310
7863658591,gaunli,,hamlet,,Tehri Garhwal,30.26919,78.69535
7863511850,gausil,,hamlet,,Tehri Garhwal,30.25483,78.61512
7884499772,gawalidande,,hamlet,,Tehri Garhwal,30.31980,78.19876
7846550859,gawana,,hamlet,,Tehri Garhwal,30.47002,78.62848
7863658602,gawana,,hamlet,,Tehri Garhwal,30.27110,78.67342
7875610746,gawana,,hamlet,,Tehri Garhwal,30.48270,78.22512
7846956937,gawandgaon,,hamlet,,Tehri Garhwal,30.44444,78.66972
7863969433,gawanra,,hamlet,,Tehri Garhwal,30.33231,78.72970
7849487223,geonli,,hamlet,,Tehri Garhwal,30.36207,78.51081
7849259217,ghanti,,hamlet,,Tehri Garhwal,30.47516,78.50772
7850089301,ghanti,,hamlet,,Tehri Garhwal,30.40434,78.60023
7876278061,ghatudhar,,hamlet,,Tehri Garhwal,30.48228,78.05565
7875593304,gheria,,hamlet,,Tehri Garhwal,30.37544,78.19459
7863446839,ghogas,,hamlet,,Tehri Garhwal,30.30711,78.60719
7849259193,gholdipani,,hamlet,,Tehri Garhwal,30.45986,78.54240
7846885750,ghurangaon,,hamlet,,Tehri Garhwal,30.40949,78.69364
7875610740,goran,,hamlet,,Tehri Garhwal,30.47054,78.21523
8025077644,gothaing,,hamlet,,Tehri Garhwal,30.24584,78.78144
7846885754,gudyari,,hamlet,,Tehri Garhwal,30.40086,78.71263
7863511837,gujeta,,hamlet,,Tehri Garhwal,30.27165,78.65692
7863511865,gurain,,hamlet,,Tehri Garhwal,30.28645,78.62790
7863658590,gurchholi,,hamlet,,Tehri Garhwal,30.26498,78.70065
7863893250,guwar,,hamlet,,Tehri Garhwal,30.35618,78.73666
7865669010,gwalka,,hamlet,,Tehri Garhwal,30.34726,78.55882
7862005643,gwar,,hamlet,,Tehri Garhwal,30.35203,78.34655
7873054420,gwar,,hamlet,,Tehri Garhwal,30.35746,78.44773
7864715116,hadam Malla,,hamlet,,Tehri Garhwal,30.36771,78.37580
7853797431,hadgi,,hamlet,,Tehri Garhwal,30.42303,78.41981
7846778065,haldephar,,hamlet,,Tehri Garhwal,30.36371,78.69922
7884608106,hatwalgaon,,hamlet,,Tehri Garhwal,30.34045,78.24381
7846778077,indrola,,hamlet,,Tehri Garhwal,30.39959,78.62035
7872921388,jagathi,,hamlet,,Tehri Garhwal,30.29502,78.45865
7884499770,jaintwari,,hamlet,,Tehri Garhwal,30.31723,78.16972
7846885727,jakh,,hamlet,,Tehri Garhwal,30.43836,78.72644
7863446842,jakhand,,village,,Tehri Garhwal,30.33071,78.65569
7863658597,jakher,,hamlet,,Tehri Garhwal,30.25094,78.67090
7863969426,jakher,,hamlet,,Tehri Garhwal,30.30263,78.73121
7863969431,jakhi,,hamlet,,Tehri Garhwal,30.32751,78.72840
7865581979,jakhnidhar,,village,,Tehri Garhwal,30.33409,78.51088
7846885751,jakhnyali,,hamlet,,Tehri Garhwal,30.40846,78.69895
7865636918,jamti,,hamlet,,Tehri Garhwal,30.28929,78.52288
7853797415,jamuda,,hamlet,,Tehri Garhwal,30.49315,78.49491
7863536839,jandoli,,hamlet,,Tehri Garhwal,30.35890,78.69102
7865803527,jarola,,hamlet,,Tehri Garhwal,30.26040,78.59913
7853017113,jaspur,,village,,Tehri Garhwal,30.39524,78.43494
7865755923,jelam,,hamlet,,Tehri Garhwal,30.32824,78.55881
7863511863,jhaldgaon,,hamlet,,Tehri Garhwal,30.28914,78.63730
7863511867,jhaldgaon,,hamlet,,Tehri Garhwal,30.28608,78.61016
7875669318,jhalki,,hamlet,,Tehri Garhwal,30.40280,78.24430
7875579215,jhamtiyalgaon,,hamlet,,Tehri Garhwal,30.39336,78.20232
7865779862,jhurangaon,,village,,Tehri Garhwal,30.35988,78.60563
7876278057,jinsi,,hamlet,,Tehri Garhwal,30.47856,78.06980
7865773096,jogdhar,,hamlet,,Tehri Garhwal,30.27660,78.55418
7865803520,jogyana,,hamlet,,Tehri Garhwal,30.27059,78.61777
7875520603,jokhani gad,,hamlet,,Tehri Garhwal,30.46432,78.19532
7865779861,juili,,hamlet,,Tehri Garhwal,30.35355,78.59364
7863446837,jurana,,hamlet,,Tehri Garhwal,30.29967,78.61785
7863511858,kadans,,hamlet,,Tehri Garhwal,30.28284,78.64211
7856628336,kainchhu,,hamlet,,Tehri Garhwal,30.46985,78.36887
7865789496,kaintholi,,hamlet,,Tehri Garhwal,30.30689,78.59926
7875610757,kakhon,,hamlet,,Tehri Garhwal,30.49534,78.23805
7858062630,kakhwari,,hamlet,,Tehri Garhwal,30.38657,78.34235
7865789498,kalana,,hamlet,,Tehri Garhwal,30.31066,78.58797
7856628337,kamand,,village,,Tehri Garhwal,30.47264,78.36511
7875520610,kameta,,hamlet,,Tehri Garhwal,30.48469,78.18959
7863658616,kamtoli,,hamlet,,Tehri Garhwal,30.30540,78.68217
7874322162,kanalta,,hamlet,,Tehri Garhwal,30.46247,78.14993
7858062627,kand,,hamlet,,Tehri Garhwal,30.39785,78.34576
7874322173,kanda,,hamlet,,Tehri Garhwal,30.48102,78.12005
7865581963,kandadang,,village,,Tehri Garhwal,30.30463,78.52974
7850045838,kandi,,hamlet,,Tehri Garhwal,30.36824,78.58081
7865803528,kandi,,hamlet,,Tehri Garhwal,30.27223,78.59497
7851858797,kandogi,,hamlet,,Tehri Garhwal,30.42076,78.59544
7862020147,kanigad,,hamlet,,Tehri Garhwal,30.30800,78.31647
7853017085,kanthargaon,,hamlet,,Tehri Garhwal,30.38146,78.37842
7863511853,kanyari,,hamlet,,Tehri Garhwal,30.27895,78.61520
7863658607,kaphald,,hamlet,,Tehri Garhwal,30.29251,78.67917
7876303716,kaphalta,,hamlet,,Tehri Garhwal,30.48168,78.08711
7849319623,kaphlog,,hamlet,,Tehri Garhwal,30.41785,78.52540
7865581967,kapholgaon,,hamlet,,Tehri Garhwal,30.32190,78.50599
7865755901,kapholgaon,,hamlet,,Tehri Garhwal,30.29807,78.56360
7874322179,kapholta,,hamlet,,Tehri Garhwal,30.49501,78.15517
7865789492,kaphulna,,hamlet,,Tehri Garhwal,30.29934,78.59707
7863969423,kaproli,,hamlet,,Tehri Garhwal,30.29628,78.74494
7865755910,karakot,,hamlet,,Tehri Garhwal,30.30941,78.57147
7865789491,karans,,hamlet,,Tehri Garhwal,30.29592,78.59883
7875669314,kardar,,hamlet,,Tehri Garhwal,30.39354,78.23179
7876381326,karmalda,,hamlet,,Tehri Garhwal,30.34365,78.13618
3194957945,karnoli,,hamlet,,Tehri Garhwal,30.47996,78.33671
7865803529,kashigaon,,hamlet,,Tehri Garhwal,30.26761,78.58980
7849970988,kastal,,hamlet,,Tehri Garhwal,30.44860,78.56277
7863658611,katal,,hamlet,,Tehri Garhwal,30.30041,78.69498
7849443781,kathuli,,hamlet,,Tehri Garhwal,30.40365,78.50296
7873054464,kathur,,hamlet,,Tehri Garhwal,30.27145,78.46380
7864715105,kati,,hamlet,,Tehri Garhwal,30.34640,78.36192
7853017094,kemargaon,,hamlet,,Tehri Garhwal,30.38828,78.38507
7876242262,kempty,,village,,Tehri Garhwal,30.48984,78.04155
7884560831,kendanda,,hamlet,,Tehri Garhwal,30.31815,78.21433
7865755920,khand,,hamlet,,Tehri Garhwal,30.32143,78.54146
7875610756,khandanu,,hamlet,,Tehri Garhwal,30.49801,78.24297
7865581969,khandi,,hamlet,,Tehri Garhwal,30.31952,78.50705
7872921389,khandkari,,hamlet,,Tehri Garhwal,30.30091,78.45551
7865755924,khandogi,,hamlet,,Tehri Garhwal,30.33060,78.55621
7875660282,khanori,,hamlet,,Tehri Garhwal,30.44750,78.24755
7884499766,kharangaon,,hamlet,,Tehri Garhwal,30.31070,78.17250
7853017103,khark,,hamlet,,Tehri Garhwal,30.40995,78.39282
7849259223,kharoli,,hamlet,,Tehri Garhwal,30.48377,78.50875
7846885720,khaseti,,hamlet,,Tehri Garhwal,30.45042,78.72830
7863511844,khateli,,hamlet,,Tehri Garhwal,30.27799,78.63004
7876278053,khattapani,,hamlet,,Tehri Garhwal,30.47399,78.08262
7846550852,khemra,,hamlet,,Tehri Garhwal,30.45046,78.63580
7853797402,khemra,,hamlet,,Tehri Garhwal,30.37184,78.46153
7849259212,khetgaon,,hamlet,,Tehri Garhwal,30.46289,78.50961
7875669323,khetu,,hamlet,,Tehri Garhwal,30.40604,78.23590
7884467265,khetu,,hamlet,,Tehri Garhwal,30.34860,78.17122
7849259197,khita,,hamlet,,Tehri Garhwal,30.49746,78.54669
7849911805,khola,,hamlet,,Tehri Garhwal,30.46202,78.56351
7851913524,khola,,hamlet,,Tehri Garhwal,30.46228,78.60629
7865773094,khon,,hamlet,,Tehri Garhwal,30.26747,78.54279
7865773089,khudoli malli,,hamlet,,Tehri Garhwal,30.25257,78.57094
7856628350,khuret,,hamlet,,Tehri Garhwal,30.39820,78.31956
7862005644,kildagi,,hamlet,,Tehri Garhwal,30.33705,78.36142
7874322163,kimoi,,hamlet,,Tehri Garhwal,30.46381,78.13708
7875520611,kimora,,hamlet,,Tehri Garhwal,30.48624,78.16806
7875610733,kith,,hamlet,,Tehri Garhwal,30.46951,78.23938
7876303709,koiti,,hamlet,,Tehri Garhwal,30.47616,78.11081
7884499775,kokliyalgaon,,hamlet,,Tehri Garhwal,30.32931,78.16970
7850045859,kolgaon,,hamlet,,Tehri Garhwal,30.39406,78.55585
7846550861,konti,,hamlet,,Tehri Garhwal,30.47508,78.61511
7849443769,kotchaunri,,hamlet,,Tehri Garhwal,30.39446,78.54240
7846778058,kothi,,hamlet,,Tehri Garhwal,30.38720,78.74755
7884499754,kothi,,hamlet,,Tehri Garhwal,30.30371,78.20664
7863658598,kothi gadni,,hamlet,,Tehri Garhwal,30.25770,78.66562
7846550860,kothiara,,hamlet,,Tehri Garhwal,30.47698,78.62364
7863969428,koti,,hamlet,,Tehri Garhwal,30.31561,78.72407
7865552911,koti,,hamlet,,Tehri Garhwal,30.34645,78.50894
7863536833,kuledi,,hamlet,,Tehri Garhwal,30.35444,78.70377
7865581970,kumardhar,,hamlet,,Tehri Garhwal,30.32772,78.51213
7865773098,kumrata,,hamlet,,Tehri Garhwal,30.28333,78.55801
7863658606,kund,,hamlet,,Tehri Garhwal,30.28876,78.66910
7864715130,kund,,hamlet,,Tehri Garhwal,30.30643,78.25373
7875610734,kund,,hamlet,,Tehri Garhwal,30.46541,78.24068
7873054407,kundakhet,,hamlet,,Tehri Garhwal,30.27788,78.47182
7849259209,kundali,,hamlet,,Tehri Garhwal,30.46111,78.51798
7849911814,kundi (yadetgaon),,hamlet,,Tehri Garhwal,30.48072,78.57757
7865755896,kunetha,,hamlet,,Tehri Garhwal,30.31615,78.57055
7846885753,kunjyanu,,hamlet,,Tehri Garhwal,30.40317,78.70654
7863511840,kunri,,hamlet,,Tehri Garhwal,30.27756,78.65406
342112795,kurangaon,,hamlet,,Tehri Garhwal,30.48157,78.50968
342112805,kurialgaon,,hamlet,,Tehri Garhwal,30.48157,78.51517
7853017116,kutha,,hamlet,,Tehri Garhwal,30.39229,78.45401
7846778069,kwanli,,hamlet,,Tehri Garhwal,30.36230,78.61439
7861409932,kwili,,hamlet,,Tehri Garhwal,30.33948,78.62990
7851913521,kyuns,,hamlet,,Tehri Garhwal,30.47044,78.59208
7876303713,lagarasu,,hamlet,,Tehri Garhwal,30.49410,78.11204
7876278067,lagwalgaon,,hamlet,,Tehri Garhwal,30.49557,78.04330
7846778075,langu,,hamlet,,Tehri Garhwal,30.38467,78.61235
7865755914,lantar,,hamlet,,Tehri Garhwal,30.31791,78.56273
7846956921,lathigaon,,village,,Tehri Garhwal,30.49073,78.62700
7861377458,lavoigaon,,hamlet,,Tehri Garhwal,30.34947,78.60448
7851858798,lhasi,,hamlet,,Tehri Garhwal,30.42254,78.60205
7863511866,lingwangaon,,hamlet,,Tehri Garhwal,30.28778,78.62093
7876381339,loarkha,,hamlet,,Tehri Garhwal,30.35070,78.15045
7861409929,machyarri,,hamlet,,Tehri Garhwal,30.32457,78.62953
7874369047,magra,,hamlet,,Tehri Garhwal,30.45409,78.16481
7861377454,magron,,hamlet,,Tehri Garhwal,30.35113,78.62728
7884439228,mahendrapur,,hamlet,,Tehri Garhwal,30.33052,78.14820
7875520614,maid,,hamlet,,Tehri Garhwal,30.49659,78.19459
7863658622,maikhandi,,hamlet,,Tehri Garhwal,30.32221,78.67593
7875520616,majaipur,,hamlet,,Tehri Garhwal,30.49556,78.18227
7875610749,makhret,,hamlet,,Tehri Garhwal,30.48270,78.23671
8025077645,malana,,hamlet,,Tehri Garhwal,30.24928,78.75539
7853017099,malathi,,hamlet,,Tehri Garhwal,30.40108,78.41438
7865789490,malda,,hamlet,,Tehri Garhwal,30.29149,78.58376
7865773088,malu maruda,,hamlet,,Tehri Garhwal,30.25671,78.58297
7863969421,malupani,,hamlet,,Tehri Garhwal,30.28965,78.70713
7865581964,malyakot,,hamlet,,Tehri Garhwal,30.32088,78.52876
7872911882,mamooya ka Paur,,hamlet,,Tehri Garhwal,30.29278,78.42586
7873054469,mangaon,,hamlet,,Tehri Garhwal,30.25430,78.48680
7849259205,manjaph,,village,,Tehri Garhwal,30.46810,78.52182
7862020107,manjgaon,,hamlet,,Tehri Garhwal,30.36495,78.26531
7856628341,manjkot,,hamlet,,Tehri Garhwal,30.46390,78.34926
7863893246,manjuli,,hamlet,,Tehri Garhwal,30.34703,78.71321
7853017087,manjyargaon,,hamlet,,Tehri Garhwal,30.37550,78.38455
7865669014,manthal,,hamlet,,Tehri Garhwal,30.35604,78.55788
7853017107,margaon,,hamlet,,Tehri Garhwal,30.41722,78.39103
8025121993,margaon,,hamlet,,Tehri Garhwal,30.24965,78.85368
7865552909,mariao,,hamlet,,Tehri Garhwal,30.35543,78.53227
7865581968,marora,,hamlet,,Tehri Garhwal,30.31751,78.50453
7865755900,marora,,hamlet,,Tehri Garhwal,30.29447,78.54559
7884608099,marura,,hamlet,,Tehri Garhwal,30.36160,78.24512
7853797432,maset,,hamlet,,Tehri Garhwal,30.42188,78.41590
7874322171,matauli,,hamlet,,Tehri Garhwal,30.47428,78.12173
7862020160,mathiyangaon,,hamlet,,Tehri Garhwal,30.33321,78.27508
7875520613,mathlaon nichla,,hamlet,,Tehri Garhwal,30.49631,78.20662
7875610758,mathlaon uparla,,hamlet,,Tehri Garhwal,30.49807,78.22279
7865669015,mathyali,,hamlet,,Tehri Garhwal,30.35843,78.54655
7865755922,matkhani,,hamlet,,Tehri Garhwal,30.32415,78.54957
7863658620,maturgaon,,hamlet,,Tehri Garhwal,30.31606,78.67824
7876303715,mawana,,hamlet,,Tehri Garhwal,30.49182,78.09573
7865789499,migwali,,hamlet,,Tehri Garhwal,30.31277,78.59220
7849259211,misravangaon,,hamlet,,Tehri Garhwal,30.46610,78.50616
7865755911,moli,,hamlet,,Tehri Garhwal,30.31373,78.58018
7865755927,molkhali,,hamlet,,Tehri Garhwal,30.33766,78.57179
7851858794,molta,,hamlet,,Tehri Garhwal,30.44101,78.58858
7846885718,mundeti,,hamlet,,Tehri Garhwal,30.44793,78.74000
7884499771,muriagaon,,hamlet,,Tehri Garhwal,30.32358,78.19152
7850089300,musankn,,hamlet,,Tehri Garhwal,30.40725,78.58319
7846885755,muyalgaon,,hamlet,,Tehri Garhwal,30.39718,78.71997
7850045854,myunda,,hamlet,,Tehri Garhwal,30.38276,78.56786
7849970989,myundi,,hamlet,,Tehri Garhwal,30.45249,78.56303
7865636906,nagar,,hamlet,,Tehri Garhwal,30.25259,78.53064
7853017097,nagot,,hamlet,,Tehri Garhwal,30.39936,78.41756
7858062588,nair,,hamlet,,Tehri Garhwal,30.42037,78.34387
7853017100,nakot,,hamlet,,Tehri Garhwal,30.40558,78.41316
7864715115,nakot,,hamlet,,Tehri Garhwal,30.35940,78.36411
7863658613,nandi,,hamlet,,Tehri Garhwal,30.30295,78.70610
7865773095,nandoli,,hamlet,,Tehri Garhwal,30.26309,78.55337
7875610735,nanghar,,hamlet,,Tehri Garhwal,30.46142,78.23253
7850089299,nanuwan,,hamlet,,Tehri Garhwal,30.40380,78.59409
7876381336,narayanpur,,hamlet,,Tehri Garhwal,30.33918,78.15223
7849443774,nargarh,,hamlet,,Tehri Garhwal,30.38588,78.52836
7863658592,nauli,,hamlet,,Tehri Garhwal,30.26670,78.68294
7851913522,nauligaon,,hamlet,,Tehri Garhwal,30.47330,78.59392
7863511843,nausa,,hamlet,,Tehri Garhwal,30.27302,78.64559
7876278062,nautha,,hamlet,,Tehri Garhwal,30.48607,78.05980
7846550853,nawai (chamolgaon),,hamlet,,Tehri Garhwal,30.45401,78.63332
7865581977,nawakot,,hamlet,,Tehri Garhwal,30.33306,78.51910
7876278064,nawaridhar,,hamlet,,Tehri Garhwal,30.48890,78.05713
7865779860,negyana,,hamlet,,Tehri Garhwal,30.34915,78.59711
7849443779,nelra,,village,,Tehri Garhwal,30.40313,78.52106
7856628335,nersi,,hamlet,,Tehri Garhwal,30.46251,78.37539
7876381337,nihaldanda,,hamlet,,Tehri Garhwal,30.33797,78.16130
7865755895,nuali,,hamlet,,Tehri Garhwal,30.32405,78.57625
7863658612,nyura,,hamlet,,Tehri Garhwal,30.29735,78.70412
7852043578,okhla,,hamlet,,Tehri Garhwal,30.46036,78.44393
7853797407,pInola Malla,,hamlet,,Tehri Garhwal,30.38152,78.45805
7853797406,pInola talla,,hamlet,,Tehri Garhwal,30.37815,78.45047
7863969422,pab,,hamlet,,Tehri Garhwal,30.29822,78.71211
7849443773,pachri,,hamlet,,Tehri Garhwal,30.39139,78.53261
7850089311,padagali,,hamlet,,Tehri Garhwal,30.40084,78.60585
7865755897,paidula,,hamlet,,Tehri Garhwal,30.29244,78.57749
7863969420,painyula,,hamlet,,Tehri Garhwal,30.29148,78.71022
7865755908,pajyara,,hamlet,,Tehri Garhwal,30.30623,78.54699
7846885712,pakh,,hamlet,,Tehri Garhwal,30.45762,78.71892
7863969415,pakriya,,hamlet,,Tehri Garhwal,30.28190,78.74476
7853017130,palas,,hamlet,,Tehri Garhwal,30.44406,78.42582
7846778067,pali,,hamlet,,Tehri Garhwal,30.36715,78.69292
7861377457,pali,,hamlet,,Tehri Garhwal,30.35886,78.63197
7863969406,pali,,hamlet,,Tehri Garhwal,30.25262,78.72111
7865755915,palkot,,hamlet,,Tehri Garhwal,30.32169,78.56336
7872911880,palli,,hamlet,,Tehri Garhwal,30.31947,78.43303
7861377456,paluni,,hamlet,,Tehri Garhwal,30.35890,78.64630
7865803530,panchur,,hamlet,,Tehri Garhwal,30.27212,78.58451
7865755903,panjanu,,hamlet,,Tehri Garhwal,30.30006,78.57724
7849259201,pansut,,hamlet,,Tehri Garhwal,30.48095,78.52617
8025091677,paprasu,,hamlet,,Tehri Garhwal,30.24819,78.90400
7865581965,parsari,,hamlet,,Tehri Garhwal,30.32509,78.53900
7884488772,pasni,,hamlet,,Tehri Garhwal,30.29215,78.24533
7865755899,pata,,hamlet,,Tehri Garhwal,30.29160,78.55598
7872911848,pata,,hamlet,,Tehri Garhwal,30.35523,78.46539
7863658588,patakhal,,hamlet,,Tehri Garhwal,30.27421,78.68807
7850089313,patala,,hamlet,,Tehri Garhwal,30.39384,78.60537
7875667587,patthar chunda,,hamlet,,Tehri Garhwal,30.44669,78.22114
7849319626,paturi,,hamlet,,Tehri Garhwal,30.42549,78.51365
7862020110,paturi,,hamlet,,Tehri Garhwal,30.32226,78.36934
7850089314,pauridhar,,hamlet,,Tehri Garhwal,30.39450,78.59788
7865636908,pendars,,hamlet,,Tehri Garhwal,30.26212,78.50495
7865581975,petab,,hamlet,,Tehri Garhwal,30.34232,78.53439
7863511833,pharasuli,,hamlet,,Tehri Garhwal,30.25916,78.65282
7875520608,phedi,,hamlet,,Tehri Garhwal,30.47361,78.17213
7875610736,phidogi,,hamlet,,Tehri Garhwal,30.45963,78.22191
7865636914,pichwara,,hamlet,,Tehri Garhwal,30.28056,78.53133
7846778080,pilkhi,,hamlet,,Tehri Garhwal,30.41569,78.63694
7863969430,pilkhi,,hamlet,,Tehri Garhwal,30.31985,78.72674
7863536837,piplidhar,,hamlet,,Tehri Garhwal,30.35433,78.69579
7846778083,pipola,,hamlet,,Tehri Garhwal,30.41812,78.62122
7849487217,pipola,,hamlet,,Tehri Garhwal,30.37573,78.52023
7863658625,poth,,hamlet,,Tehri Garhwal,30.33931,78.70844
7863511862,pujargaon,,hamlet,,Tehri Garhwal,30.28193,78.62986
7865581978,ragda pipola,,hamlet,,Tehri Garhwal,30.33700,78.50443
7856839160,raidoni,,hamlet,,Tehri Garhwal,30.47827,78.29819
7863536840,raitasi,,hamlet,,Tehri Garhwal,30.35805,78.68253
7846550863,rajgaon,,hamlet,,Tehri Garhwal,30.48538,78.62126
7865581957,rama,,hamlet,,Tehri Garhwal,30.30674,78.53816
7884560839,rangalgaon,,hamlet,,Tehri Garhwal,30.31066,78.21592
7872911860,ranichauri,,hamlet,,Tehri Garhwal,30.32073,78.40702
7846885713,ranlyankoti,,hamlet,,Tehri Garhwal,30.45690,78.72352
7875579219,ranwali,,hamlet,,Tehri Garhwal,30.39939,78.20414
7863893249,raragad,,hamlet,,Tehri Garhwal,30.35211,78.72671
7850045846,raswari,,hamlet,,Tehri Garhwal,30.36969,78.56550
7865581973,ratoli,,hamlet,,Tehri Garhwal,30.33111,78.53926
7846956938,raunsal,,hamlet,,Tehri Garhwal,30.44017,78.66773
7865803533,raurdhar,,hamlet,,Tehri Garhwal,30.28436,78.59350
7865773090,rikhwani,,hamlet,,Tehri Garhwal,30.26088,78.56906
7849464487,rindol,,hamlet,,Tehri Garhwal,30.41462,78.50513
7884608103,ringalgarh,,hamlet,,Tehri Garhwal,30.35244,78.23472
7846778066,ringolgaon,,hamlet,,Tehri Garhwal,30.36532,78.69921
7846550858,riunti,,hamlet,,Tehri Garhwal,30.46710,78.62928
7856839163,sabli,,hamlet,,Tehri Garhwal,30.49432,78.25860
7865581971,sain,,hamlet,,Tehri Garhwal,30.33176,78.50271
7865636910,saina,,hamlet,,Tehri Garhwal,30.27045,78.53653
7865755904,saina,,hamlet,,Tehri Garhwal,30.30227,78.58297
7865636907,saingaon,,hamlet,,Tehri Garhwal,30.25118,78.50166
7849902178,sainj,,hamlet,,Tehri Garhwal,30.44282,78.56781
7865755919,saipal,,hamlet,,Tehri Garhwal,30.32766,78.54761
7846778056,sakari,,hamlet,,Tehri Garhwal,30.39354,78.73021
7846778073,salugi gad,,hamlet,,Tehri Garhwal,30.38812,78.61260
7865581962,sankund,,hamlet,,Tehri Garhwal,30.31206,78.52236
7850045862,sarphal,,hamlet,,Tehri Garhwal,30.39894,78.58120
7846885724,sarun,,hamlet,,Tehri Garhwal,30.44337,78.74555
7884608102,satengal,,hamlet,,Tehri Garhwal,30.35431,78.21725
7865755918,saundhar,,hamlet,,Tehri Garhwal,30.32693,78.56306
7863658593,saundu,,hamlet,,Tehri Garhwal,30.26331,78.68878
7849319624,saur,,hamlet,,Tehri Garhwal,30.42163,78.51990
7851913513,saur,,hamlet,,Tehri Garhwal,30.49425,78.62666
7875610750,saur,,hamlet,,Tehri Garhwal,30.48765,78.22887
7863446833,savchunni,,hamlet,,Tehri Garhwal,30.29706,78.63468
7849970986,sema,,hamlet,,Tehri Garhwal,30.45179,78.57533
8025019875,seman,,hamlet,,Tehri Garhwal,30.23376,78.75157
7851858796,semya,,hamlet,,Tehri Garhwal,30.42834,78.59667
7846550849,sendul,,hamlet,,Tehri Garhwal,30.43988,78.63766
7884560837,sera,,hamlet,,Tehri Garhwal,30.30408,78.23314
7863446836,shakrisain,,hamlet,,Tehri Garhwal,30.29480,78.60999
7846956923,shrikol,,hamlet,,Tehri Garhwal,30.46832,78.63956
7865773087,shrikot,,hamlet,,Tehri Garhwal,30.28439,78.57650
7875593301,sila,,hamlet,,Tehri Garhwal,30.36313,78.17443
7863511848,silgarh,,hamlet,,Tehri Garhwal,30.25796,78.63945
7849443768,siloli,,hamlet,,Tehri Garhwal,30.39074,78.54511
7861377455,silor,,hamlet,,Tehri Garhwal,30.34591,78.61687
7861409934,silor,,hamlet,,Tehri Garhwal,30.33427,78.61834
7849259213,silwalgaon,,hamlet,,Tehri Garhwal,30.46738,78.51562
7846956925,silyara,,hamlet,,Tehri Garhwal,30.45749,78.63866
7863658610,simla,,hamlet,,Tehri Garhwal,30.29466,78.70039
7865636922,simlasu,,hamlet,,Tehri Garhwal,30.29145,78.51266
8025077640,sindri,,hamlet,,Tehri Garhwal,30.24885,78.82817
7865773100,singoli,,hamlet,,Tehri Garhwal,30.28347,78.54952
7865803524,sirmauli,,hamlet,,Tehri Garhwal,30.25311,78.59028
7874408763,sita riwar,,hamlet,,Tehri Garhwal,30.37276,78.15451
7876278059,siyagaon,,hamlet,,Tehri Garhwal,30.48411,78.04533
7884499763,sondana,,hamlet,,Tehri Garhwal,30.30395,78.18265
7876381327,sripur,,hamlet,,Tehri Garhwal,30.34420,78.13967
7853797416,sujjargaon,,hamlet,,Tehri Garhwal,30.49781,78.49697
7849259226,sukri,,hamlet,,Tehri Garhwal,30.48711,78.51530
7846778062,sumarath,,hamlet,,Tehri Garhwal,30.39117,78.73440
7846550866,sunargaon,,hamlet,,Tehri Garhwal,30.49376,78.61585
7874322168,suridhar,,hamlet,,Tehri Garhwal,30.47919,78.15988
7865669012,swari,,hamlet,,Tehri Garhwal,30.35798,78.57985
7875610741,syalsi nichli,,hamlet,,Tehri Garhwal,30.47961,78.21505
7875610742,syalsi uparli,,hamlet,,Tehri Garhwal,30.47578,78.21773
7853797418,sylangi,,hamlet,,Tehri Garhwal,30.49371,78.48616
7851858790,syuri,,hamlet,,Tehri Garhwal,30.45219,78.58676
7865636913,syuta,,hamlet,,Tehri Garhwal,30.28076,78.54015
7874408762,tachhla,,hamlet,,Tehri Garhwal,30.38029,78.16727
7863658614,takoli,,hamlet,,Tehri Garhwal,30.30382,78.67389
7875579213,tal,,hamlet,,Tehri Garhwal,30.38204,78.20241
7837853903,tala,,hamlet,,Tehri Garhwal,30.35892,78.74722
7876242265,talogi,,hamlet,,Tehri Garhwal,30.49873,78.03275
7863658596,talyakot,,hamlet,,Tehri Garhwal,30.25406,78.67601
7863658621,talyamandal,,hamlet,,Tehri Garhwal,30.31462,78.66951
7874322178,tathyur,,village,,Tehri Garhwal,30.49637,78.16351
7875610747,than,,hamlet,,Tehri Garhwal,30.47179,78.23172
7874322170,thapla,,hamlet,,Tehri Garhwal,30.48723,78.15914
7846885744,thapta,,hamlet,,Tehri Garhwal,30.41121,78.65788
7851858795,tharkoti,,hamlet,,Tehri Garhwal,30.43157,78.59445
7850045865,that,,hamlet,,Tehri Garhwal,30.41007,78.58081
7849487224,tipri,,hamlet,,Tehri Garhwal,30.36828,78.50206
7849487225,tipri,,hamlet,,Tehri Garhwal,30.37601,78.50070
7865581972,tipri,,hamlet,,Tehri Garhwal,30.33212,78.52650
7863511855,toli,,hamlet,,Tehri Garhwal,30.28340,78.61600
7876278056,tuneta,,hamlet,,Tehri Garhwal,30.48016,78.07690
7875593299,tunetha,,hamlet,,Tehri Garhwal,30.37210,78.20846
7851913520,tungri,,hamlet,,Tehri Garhwal,30.48184,78.59051
7846885736,tunkhand,,hamlet,,Tehri Garhwal,30.40430,78.73002
7863446832,tyalni,,hamlet,,Tehri Garhwal,30.30680,78.65320
7863511857,tyargaon,,hamlet,,Tehri Garhwal,30.28848,78.65846
7863446834,tyuna,,hamlet,,Tehri Garhwal,30.30069,78.64185
7863658599,umari,,village,,Tehri Garhwal,30.26365,78.66945
7850045844,undoli,,hamlet,,Tehri Garhwal,30.36611,78.56339
7849487218,uthar,,hamlet,,Tehri Garhwal,30.37578,78.51467
7846778072,vanchuri,,hamlet,,Tehri Garhwal,30.39318,78.64061
7846550862,vangaon,,hamlet,,Tehri Garhwal,30.47843,78.61014
7873054456,virogi,,hamlet,,Tehri Garhwal,30.27006,78.44039
7863511851,wainspani,,hamlet,,Tehri Garhwal,30.26455,78.61180
13671068061,Arvindnagar,,village,,Udham Singh Nagar,28.97506,79.67636
13671153688,Baikunthpur,,village,,Udham Singh Nagar,29.03184,79.64412
4342034596,Bajpur,बाजपुर,town,,Udham Singh Nagar,29.16128,79.15386
11083664950,Bara,,village,,Udham Singh Nagar,28.86763,79.60364
14210990923,Baruwabagh,,village,,Udham Singh Nagar,28.96863,79.68506
14211613301,Bawanpuri,,village,,Udham Singh Nagar,28.95558,79.69683
2377100949,Bhojpur,,hamlet,,Udham Singh Nagar,28.93333,79.81667
342102707,Burkuda,,village,,Udham Singh Nagar,28.91327,79.92005
11083788255,Chhattarpur,,village,,Udham Singh Nagar,29.03097,79.39013
11083636119,Danpur,,village,,Udham Singh Nagar,28.98580,79.35078
13671053213,Devnagar,,village,,Udham Singh Nagar,29.01360,79.63954
6618170014,Dhimar Khera,,village,,Udham Singh Nagar,29.09049,79.21508
11083744599,Dineshpur,दिनेशपुर,town,,Udham Singh Nagar,29.04957,79.32193
342107816,Gadarpur,गदरपुर,town,,Udham Singh Nagar,29.04236,79.24851
342107586,Garappu,,hamlet,,Udham Singh Nagar,29.23970,79.27421
342112595,Ghari Negi,,village,,Udham Singh Nagar,29.28269,78.94913
13671121173,Govindnagar,,village,,Udham Singh Nagar,29.05722,79.64756
13671108304,Gurugram,,village,,Udham Singh Nagar,28.99574,79.64093
11059540196,Haldi,,village,,Udham Singh Nagar,29.03715,79.44687
6618128344,Harlalpur,,village,,Udham Singh Nagar,29.14623,79.11064
342112639,Jaspur,जसपुर,town,,Udham Singh Nagar,29.27872,78.82771
342102745,Kalaunia,,village,,Udham Singh Nagar,29.08905,80.01480
342112628,Kaliawala,,village,,Udham Singh Nagar,29.28324,78.85227
14211593404,Kalyanpur,,village,,Udham Singh Nagar,29.00208,79.69838
1209752072,Kashipur,काशीपुर,town,,Udham Singh Nagar,29.21176,78.96173
342107820,Kelakhera,,village,,Udham Singh Nagar,29.09042,79.17710
4742227194,Khatīma,खटीमा,town,1000,Udham Singh Nagar,28.91972,79.97026
1201711061,Kichha,किच्छा,town,41965,Udham Singh Nagar,28.91032,79.51894
342107628,Kilawali,,village,,Udham Singh Nagar,29.30567,78.95958
13671053211,Kushmoth,,village,,Udham Singh Nagar,28.99476,79.65977
342105570,Lalpur,,village,3975,Udham Singh Nagar,28.93934,79.46211
342107798,Mahatosh More,,village,,Udham Singh Nagar,29.01901,79.28147
6618128343,Maheshpura,,village,,Udham Singh Nagar,29.13970,79.10974
6618170013,Maseet,,village,,Udham Singh Nagar,29.08136,79.19747
14211594963,Nakulia,,village,,Udham Singh Nagar,28.97904,79.71918
342107208,Nanakmata,,village,,Udham Singh Nagar,28.94074,79.81156
13671068060,Nirmalnagar,,village,,Udham Singh Nagar,28.99735,79.66465
245767462,Pantnagar,पन्तनगर,town,,Udham Singh Nagar,29.02840,79.48321
342112616,Patrampur,,village,,Udham Singh Nagar,29.33427,78.87709
13671061294,Pipaliya,,village,,Udham Singh Nagar,28.98997,79.65337
11083664941,Pulbhatta,,village,,Udham Singh Nagar,28.87789,79.51747
13613761123,Rajnagar,,village,,Udham Singh Nagar,28.98504,79.68020
13671103614,Rudpur,,village,,Udham Singh Nagar,29.03434,79.65369
342104645,Rudrapur,रुद्रपुर,city,140857,Udham Singh Nagar,28.97072,79.39728
14211601026,Sadhunagar,,village,,Udham Singh Nagar,29.01379,79.71581
342102695,Satramil,,village,,Udham Singh Nagar,28.84186,79.90357
13410595650,Shaktigarh,शक्तिगढ़,city,40000,Udham Singh Nagar,29.00872,79.65004
11083695137,Sisai Khera,,village,,Udham Singh Nagar,28.93594,79.75311
14210996274,Sisona,,village,,Udham Singh Nagar,28.98432,79.69682
245767231,Sitarganj,सितारगंज,town,1000,Udham Singh Nagar,28.92774,79.70289
10832342305,Sultanpur,सुल्तानपुर,town,,Udham Singh Nagar,29.15749,79.05657
342107808,Surajpur,,village,,Udham Singh Nagar,29.03275,79.26087
13671096117,Surendranagar,,village,,Udham Singh Nagar,29.01664,79.65352
13671108305,Tagorenagar,,village,,Udham Singh Nagar,29.01610,79.64894
14211543128,Tiliyapur,,village,,Udham Singh Nagar,28.98568,79.61936
7880671576,Adni,,hamlet,,Uttarkashi,30.60166,78.34339
7843165368,Akholi,,hamlet,,Uttarkashi,30.71191,78.15925
7871371559,Aleth,,hamlet,,Uttarkashi,30.68897,78.48693
7843165373,Andachu,,hamlet,,Uttarkashi,30.72632,78.13839
9830507201,Angora,,hamlet,,Uttarkashi,30.89276,78.08861
7880676983,Anol,,hamlet,,Uttarkashi,30.55936,78.35142
342115679,Arakot,,hamlet,,Uttarkashi,31.04187,77.82852
7841100406,Asnor,,hamlet,,Uttarkashi,30.94918,78.42674
7882746952,Astal,,hamlet,,Uttarkashi,30.70105,78.35460
7882746960,Athal,,hamlet,,Uttarkashi,30.73551,78.35423
7843522244,Athangaon,,hamlet,,Uttarkashi,30.67239,78.18622
7880927706,Athunj Gad,,hamlet,,Uttarkashi,30.60248,78.29184
8880775801,Aulaikhera,,hamlet,,Uttarkashi,30.95064,77.88974
4989665734,Aungee,,village,,Uttarkashi,30.76079,78.56399
6532587560,Aurgaon,,hamlet,,Uttarkashi,30.98150,78.14197
6520255079,Bachangawn,,village,,Uttarkashi,30.90505,78.23700
9830507109,Bachhiya,,hamlet,,Uttarkashi,30.77683,78.06063
7882985069,Badalda,,hamlet,,Uttarkashi,30.66060,78.25186
2383409853,Badaun,,hamlet,,Uttarkashi,31.04109,78.01129
342114140,Badethi,,village,,Uttarkashi,30.60489,78.31900
7880676984,Badhangaon,,hamlet,,Uttarkashi,30.55160,78.34739
7843140491,Badhina,,hamlet,,Uttarkashi,30.75090,78.18534
7881048878,Badiyargaon,,hamlet,,Uttarkashi,30.74836,78.33283
7843126290,Badli,,hamlet,,Uttarkashi,30.68564,78.20971
7847576224,Badogi,,hamlet,,Uttarkashi,30.64921,78.05949
7880671568,Badsi,,hamlet,,Uttarkashi,30.57784,78.34554
7871371573,Bagari,,hamlet,,Uttarkashi,30.71185,78.47666
342113428,Bagasu,,village,,Uttarkashi,30.80292,78.16086
7880782297,Bagi,,hamlet,,Uttarkashi,30.58600,78.30681
7882985068,Bagi,,hamlet,,Uttarkashi,30.66186,78.26010
7872357329,Bagolri,,hamlet,,Uttarkashi,30.56217,78.38291
4989751157,Bagori,,village,,Uttarkashi,31.03987,78.75916
7018190656,Bagori,,village,,Uttarkashi,30.77024,78.47463
7837824062,Bagori,,village,,Uttarkashi,31.03959,78.74169
342114152,Bagsari,,village,,Uttarkashi,30.65735,78.42316
4989596740,Bagyal Gaon,,village,,Uttarkashi,30.74666,78.45775
7841197415,Bailuri,,hamlet,,Uttarkashi,30.86421,78.26510
7843071303,Bajana,,hamlet,,Uttarkashi,30.62609,78.24192
7847419964,Bajlari,,hamlet,,Uttarkashi,30.73848,78.11930
7882985052,Bajyurachak,,hamlet,,Uttarkashi,30.67745,78.26162
9830507315,Bakhreti,,hamlet,,Uttarkashi,30.86549,78.20173
7875019242,Baldogi,,hamlet,,Uttarkashi,30.51783,78.38365
7882746933,Balla,,hamlet,,Uttarkashi,30.70644,78.32957
342113710,Bamangaon,,village,,Uttarkashi,30.67246,78.46024
7843564734,Banari,,hamlet,,Uttarkashi,30.61140,78.19139
7841100407,Banas,,hamlet,,Uttarkashi,30.95432,78.41221
342113019,Banchoura,,village,,Uttarkashi,30.64905,78.21640
7882746963,Bandarkot,,hamlet,,Uttarkashi,30.74397,78.36073
7846284046,Bandogi,,hamlet,,Uttarkashi,30.74446,78.07031
7843071309,Bandolgaon,,hamlet,,Uttarkashi,30.66173,78.24236
7882746929,Bandu,,hamlet,,Uttarkashi,30.66724,78.31364
342113010,Bangaon,,village,,Uttarkashi,30.68894,78.18833
7843126289,Baniyana,,hamlet,,Uttarkashi,30.69391,78.20949
7843140489,Banjra,,hamlet,,Uttarkashi,30.73906,78.16573
7841395091,Bankhet,,hamlet,,Uttarkashi,30.77352,78.48433
7843071311,Banola,,hamlet,,Uttarkashi,30.67367,78.24129
7872289216,Banun Murkhil,,hamlet,,Uttarkashi,30.59903,78.37946
7871371579,Barahat,,hamlet,,Uttarkashi,30.74412,78.48927
2383591881,Barangaon,,village,,Uttarkashi,30.80347,78.38133
7843165378,Barathu,,hamlet,,Uttarkashi,30.71778,78.13044
7843140496,Barba Tok,,hamlet,,Uttarkashi,30.73822,78.19093
7843165369,Barba Tok,,hamlet,,Uttarkashi,30.71629,78.15162
7839691724,Bareth,,village,,Uttarkashi,30.54034,78.50029
7882985056,Bareth,,hamlet,,Uttarkashi,30.69424,78.27647
2389527163,Bari,,hamlet,,Uttarkashi,31.15613,78.08695
2377984900,Barkot,बड़कोट,town,,Uttarkashi,30.80861,78.20596
7015317096,Barnala Bugyal,,hamlet,,Uttarkashi,30.83660,78.57631
7877183940,Baroi,,hamlet,,Uttarkashi,30.50345,78.41101
7841148016,Barota,,hamlet,,Uttarkashi,30.87700,78.28790
7881048875,Barsali,,hamlet,,Uttarkashi,30.73361,78.33740
342114041,Barsu,,village,,Uttarkashi,30.84211,78.60390
9830507324,Basrali,,hamlet,,Uttarkashi,30.90565,78.21261
7882991087,Batara,,hamlet,,Uttarkashi,30.63447,78.31406
8628827547,Bathotra,,village,,Uttarkashi,30.98113,77.96644
7841361597,Baun,,village,,Uttarkashi,30.76524,78.35769
7837971439,Bayana,,hamlet,,Uttarkashi,30.74372,78.55957
1356150752,Bebra,,hamlet,,Uttarkashi,30.85102,78.49217
8880775807,Begal,,hamlet,,Uttarkashi,30.95809,77.87440
7882985037,Begyalkot,,hamlet,,Uttarkashi,30.71896,78.28241
7875125764,Bejabag,,hamlet,,Uttarkashi,30.55509,78.43384
7881072791,Beklidatu,,hamlet,,Uttarkashi,30.72420,78.31254
7882746923,Bhadari,,hamlet,,Uttarkashi,30.68666,78.30793
7871511353,Bhailura,,hamlet,,Uttarkashi,30.70651,78.45644
342110623,Bhaironghati,,hamlet,,Uttarkashi,31.02672,78.86788
8880775805,Bhakwari,,hamlet,,Uttarkashi,30.96618,77.90550
7841233365,Bhalangaon,,village,,Uttarkashi,30.75008,78.32185
7882746947,Bhalsi,,hamlet,,Uttarkashi,30.68468,78.36029
4989751140,Bhangeli,,village,,Uttarkashi,30.91739,78.66947
7875019218,Bhaniyatgaon,,hamlet,,Uttarkashi,30.55441,78.39637
5247883687,Bhankoli,,village,,Uttarkashi,30.84390,78.46063
9830507104,Bhankoli,,hamlet,,Uttarkashi,30.76365,78.07846
7841197405,Bhansari,,hamlet,,Uttarkashi,30.84151,78.28595
2377984904,Bharkot,,hamlet,,Uttarkashi,30.62385,78.54740
7838161522,Bharkot,,hamlet,,Uttarkashi,30.63182,78.53046
7880671564,Bharkot,,hamlet,,Uttarkashi,30.57277,78.35108
342114011,Bhatwari,,village,,Uttarkashi,30.81116,78.61954
7847419952,Bhaunti,,hamlet,,Uttarkashi,30.70031,78.10586
7847419959,Bhausar,,hamlet,,Uttarkashi,30.71995,78.12224
7882991085,Bhental,,hamlet,,Uttarkashi,30.64413,78.31070
7875019238,Bheti,,hamlet,,Uttarkashi,30.52141,78.39889
2377984902,Bhetiyara,,village,,Uttarkashi,30.60969,78.51756
7854987696,Bhithua,,hamlet,,Uttarkashi,30.61948,78.01688
7841404566,Bhitri,,village,,Uttarkashi,31.12512,78.09600
1772740701,Bhojwasa,,hamlet,,Uttarkashi,30.95045,79.05151
7880782300,Bhugyara,,hamlet,,Uttarkashi,30.59739,78.29911
7854987693,Bhunargaon,,hamlet,,Uttarkashi,30.61347,78.05850
9830507318,Bigrari,,hamlet,,Uttarkashi,30.86237,78.17781
7847419955,Bijauri,,hamlet,,Uttarkashi,30.71489,78.10643
342116161,Bijuri,,village,,Uttarkashi,30.71503,78.10456
8628827548,Bindri,,hamlet,,Uttarkashi,30.97982,77.96103
342113656,Binshya,,village,,Uttarkashi,30.77408,78.14301
7882746953,Birpur,,hamlet,,Uttarkashi,30.70657,78.34280
7882985075,Bithari,,hamlet,,Uttarkashi,30.63477,78.27997
9830507329,Biyalnli,,hamlet,,Uttarkashi,30.88923,78.19369
7872289218,Boga,,hamlet,,Uttarkashi,30.71288,78.44964
7841233378,Borai,,hamlet,,Uttarkashi,30.79284,78.28167
342113063,Brahmkhal,,village,,Uttarkashi,30.69855,78.30231
7847402199,Bufa,,hamlet,,Uttarkashi,30.71984,78.10456
7847545459,Buggi,,hamlet,,Uttarkashi,30.63890,78.10912
342110607,Bukhi,,village,,Uttarkashi,30.86609,78.65250
342116168,Burniad,,village,,Uttarkashi,30.72120,78.08546
7847545464,Bursi,,hamlet,,Uttarkashi,30.66438,78.10811
7882985042,Butiyara,,hamlet,,Uttarkashi,30.71092,78.28121
7847419958,Camra,,hamlet,,Uttarkashi,30.71493,78.11688
7843553121,Chabera,,hamlet,,Uttarkashi,30.62286,78.22140
7015376941,Chaithathar,,hamlet,,Uttarkashi,30.80950,78.49591
7871569158,Chakon,,hamlet,,Uttarkashi,30.66944,78.44060
7871926324,Chamkot,,hamlet,,Uttarkashi,30.73414,78.38443
7882985034,Chamroli,,hamlet,,Uttarkashi,30.72498,78.26364
9830507103,Chamyana,,hamlet,,Uttarkashi,30.75766,78.08026
7880671582,Chamyari,,hamlet,,Uttarkashi,30.62597,78.34427
13272390144,Chandeni,,hamlet,,Uttarkashi,30.85118,78.08890
7872289209,Channapur,,hamlet,,Uttarkashi,30.61362,78.36985
9830507194,Chaptari,,hamlet,,Uttarkashi,30.86760,78.06726
6520256802,Chapthari,,village,,Uttarkashi,30.91089,78.23386
342114002,Charethi,,village,,Uttarkashi,30.81802,78.61817
7841361591,Chatrali,,hamlet,,Uttarkashi,30.79990,78.37034
7882746961,Chauiyal Gaon,,hamlet,,Uttarkashi,30.74124,78.34967
7843071324,Chauki,,hamlet,,Uttarkashi,30.74455,78.24400
7871511343,Chaundiyargaon,,hamlet,,Uttarkashi,30.62405,78.49926
7843168087,Chaungai,,hamlet,,Uttarkashi,30.73193,78.14522
7841163211,Chaunthal,,hamlet,,Uttarkashi,30.86980,78.27375
342114184,Chaurangikhal,,village,,Uttarkashi,30.64499,78.48770
1772740702,Cherbasa,,hamlet,,Uttarkashi,30.97987,79.02395
7843071313,Chhaijula,,village,,Uttarkashi,30.68779,78.22222
6532593306,Chhani,,hamlet,,Uttarkashi,30.94780,78.24004
9830507202,Chhara,,hamlet,,Uttarkashi,30.88891,78.08149
7877183939,Chhatimunl,,hamlet,,Uttarkashi,30.50300,78.40439
7847383498,Chhuri,,hamlet,,Uttarkashi,30.74300,78.09554
7015427141,Chilapada,,hamlet,,Uttarkashi,30.82483,78.56546
7880782306,Chilor,,hamlet,,Uttarkashi,30.62760,78.29206
7841361598,Chinakholi,,hamlet,,Uttarkashi,30.75824,78.35942
7882746964,Chinakilati,,hamlet,,Uttarkashi,30.74928,78.35469
7880782296,Chinyali,,hamlet,,Uttarkashi,30.58456,78.31437
342114133,Chinyalisaur,चिन्यालीसौड़,town,,Uttarkashi,30.57441,78.32766
2383637787,Chiwān,,hamlet,,Uttarkashi,30.77526,78.46028
7843514013,Chopragaon,,hamlet,,Uttarkashi,30.69431,78.14295
7839677652,Chuliketh,,hamlet,,Uttarkashi,30.57311,78.50235
7875019232,Chundiyan,,hamlet,,Uttarkashi,30.53884,78.43290
7880751584,Chuphalya,,hamlet,,Uttarkashi,30.57724,78.31415
7843514020,Dabara,,hamlet,,Uttarkashi,30.70317,78.12806
7841148031,Dabarkot,,hamlet,,Uttarkashi,30.90540,78.34554
7881072789,Dag,,hamlet,,Uttarkashi,30.70814,78.30589
7841100396,Dagnugaon,,hamlet,,Uttarkashi,30.92180,78.39067
7847383499,Dalanu,,hamlet,,Uttarkashi,30.74864,78.09540
7841100401,Damani,,hamlet,,Uttarkashi,30.91706,78.40575
7872289207,Damodarnagar,,hamlet,,Uttarkashi,30.61759,78.36636
342115278,Damta,,village,,Uttarkashi,30.64834,78.01703
7847603711,Damtiyathat,,hamlet,,Uttarkashi,30.62599,78.03769
7871926328,Danda,,hamlet,,Uttarkashi,30.69863,78.37877
11360030549,Dandalgaon,,village,,Uttarkashi,30.80637,78.23956
1356149946,Dandalka,,village,,Uttarkashi,30.84636,78.48161
7839691722,Daneti,,village,,Uttarkashi,30.55326,78.50187
7882991097,Dangda,,hamlet,,Uttarkashi,30.66987,78.29205
7871674304,Dangria,,hamlet,,Uttarkashi,30.64531,78.43432
9830507205,Danmana,,hamlet,,Uttarkashi,30.88164,78.06357
9830507114,Dara ki Chhani,,hamlet,,Uttarkashi,30.79925,78.03413
2383592083,Dargan,दर्गन,hamlet,,Uttarkashi,31.06665,78.12617
7838167691,Dargeni,,hamlet,,Uttarkashi,30.68299,78.51440
7847576221,Darka,,hamlet,,Uttarkashi,30.70647,78.07454
7847383494,Darogi,,hamlet,,Uttarkashi,30.74719,78.11995
7847545463,Darogi,,hamlet,,Uttarkashi,30.65679,78.09931
6532631492,Darsaun,,hamlet,,Uttarkashi,30.95938,78.19586
7841377135,Dasra,,hamlet,,Uttarkashi,30.84894,78.47464
2382821348,Datmir,,hamlet,,Uttarkashi,31.08450,78.27591
7882985067,Daul Chak,,hamlet,,Uttarkashi,30.66627,78.26409
7838161520,Daunra,,hamlet,,Uttarkashi,30.62376,78.53489
7837971438,Dedsari,,hamlet,,Uttarkashi,30.74456,78.55696
7841415197,Deora,द्योरा,hamlet,,Uttarkashi,31.05945,78.10658
8628622422,Deoti,,hamlet,,Uttarkashi,30.98991,77.94428
7882746945,Dermoli,,hamlet,,Uttarkashi,30.67826,78.37144
7871926335,Devail,,hamlet,,Uttarkashi,30.66693,78.38624
7841404563,Deval,,hamlet,,Uttarkashi,31.10449,78.08453
7882985036,Devariyand,,hamlet,,Uttarkashi,30.72426,78.27875
7880671566,Devi Saur,,hamlet,,Uttarkashi,30.57207,78.33677
7847419951,Dewal,,hamlet,,Uttarkashi,30.69862,78.12115
342113028,Dewarikhol,,hamlet,,Uttarkashi,30.62940,78.21592
9830507207,Dhakara,,hamlet,,Uttarkashi,30.88923,78.03947
7837824059,Dhakroliya,,hamlet,,Uttarkashi,31.03492,78.73124
7875019230,Dhamiya,,hamlet,,Uttarkashi,30.53425,78.43411
7871674292,Dhanari,,hamlet,,Uttarkashi,30.66227,78.36987
7882746942,Dhanari Gad,,hamlet,,Uttarkashi,30.66472,78.37799
7871511355,Dhanpur,,hamlet,,Uttarkashi,30.69415,78.47663
7880782295,Dhanpur,,hamlet,,Uttarkashi,30.59701,78.31739
7841596904,Dhara,,village,,Uttarkashi,31.11863,78.24072
342110686,Dharali,धराली,village,,Uttarkashi,31.04085,78.78153
7880671579,Dhargaon,,hamlet,,Uttarkashi,30.61859,78.35905
7843071306,Dhargarh,,hamlet,,Uttarkashi,30.64657,78.24877
7843165383,Dhari,,village,,Uttarkashi,30.74217,78.13418
7843071298,Dharkot,,hamlet,,Uttarkashi,30.64930,78.22308
7843140488,Dharsaun,,hamlet,,Uttarkashi,30.73441,78.17179
2377984940,Dharāsu,,hamlet,,Uttarkashi,30.61464,78.31471
6532630389,Dhaula,,hamlet,,Uttarkashi,31.13152,78.07661
9830507333,Dhaunsali,,hamlet,,Uttarkashi,30.91230,78.16959
7846305760,Dhirara,,hamlet,,Uttarkashi,30.73423,78.08506
9830507198,Dhiunra,,hamlet,,Uttarkashi,30.91103,78.08966
342114203,Dhountri,,village,,Uttarkashi,30.60385,78.51594
7875019247,Dhungaldhar,,hamlet,,Uttarkashi,30.62918,78.41060
7882746943,Dhungi,,hamlet,,Uttarkashi,30.66780,78.36177
3194410972,Dichali Bichali,,village,,Uttarkashi,30.49804,78.40890
7872357328,Dichligad,,hamlet,,Uttarkashi,30.55243,78.37271
4989596757,Didsari,,village,,Uttarkashi,30.75126,78.57094
4989665735,Didsari,,village,,Uttarkashi,30.76244,78.58919
7880782289,Dikoli,,hamlet,,Uttarkashi,30.61188,78.32180
7871674302,Dikthol,,hamlet,,Uttarkashi,30.65878,78.43781
7875019216,Dilchigad,,hamlet,,Uttarkashi,30.54414,78.39308
7882985053,Dimkyachauvari,,hamlet,,Uttarkashi,30.68837,78.25901
7847419956,Dindera,,hamlet,,Uttarkashi,30.71812,78.11232
6532614071,Dingari,,village,,Uttarkashi,30.94652,78.21732
7854987694,Diyari,,hamlet,,Uttarkashi,30.61190,78.05537
7841100397,Diyasli,,hamlet,,Uttarkashi,30.91546,78.39223
6532596802,Doni,,village,,Uttarkashi,31.15017,78.09986
7871569159,Dugalgaon,,hamlet,,Uttarkashi,30.67025,78.42433
7847576223,Duink,,hamlet,,Uttarkashi,30.63988,78.04758
7882746951,Dunda,,hamlet,,Uttarkashi,30.69559,78.34829
7882746954,Dunda,,hamlet,,Uttarkashi,30.70657,78.34945
7838067156,Dung,,hamlet,,Uttarkashi,30.59498,78.53663
7847383496,Duni,,hamlet,,Uttarkashi,30.74106,78.10196
4989751011,Dwari,,village,,Uttarkashi,30.80485,78.61998
7838167696,Elaru,,hamlet,,Uttarkashi,30.65995,78.56320
7880671578,Forest Chauki,,hamlet,,Uttarkashi,30.62081,78.34877
9830507322,Gadalgaon,,hamlet,,Uttarkashi,30.91504,78.22463
7843140487,Gadogi,,hamlet,,Uttarkashi,30.73064,78.17204
342113871,Gadoli,,village,,Uttarkashi,30.85922,78.19382
7841163207,Gadoli,,hamlet,,Uttarkashi,30.85236,78.31029
7843553118,Gadoli,,hamlet,,Uttarkashi,30.60535,78.22251
7841415196,Gaichangaon,गैछवान,village,,Uttarkashi,31.06354,78.10980
7843140499,Gair,,hamlet,,Uttarkashi,30.72271,78.19352
7841358865,Gajoli,,village,,Uttarkashi,30.83946,78.44428
7841388884,Gambirgaon,,hamlet,,Uttarkashi,30.76061,78.40086
7872289208,Gamri,,hamlet,,Uttarkashi,30.61657,78.36948
8628281834,Gamri,,hamlet,,Uttarkashi,30.99873,77.83982
7872289206,Gamrigad,,hamlet,,Uttarkashi,30.61613,78.36566
7841395089,Ganeshpur,,town,,Uttarkashi,30.75529,78.47547
342112963,Gangani,,village,,Uttarkashi,30.82901,78.25287
342110614,Gangnani,,village,,Uttarkashi,30.90298,78.67978
1052455042,Gangnani (village),,hamlet,,Uttarkashi,30.91246,78.67581
342113842,Gangori,,town,,Uttarkashi,30.75720,78.45375
342110021,Gangotri,गंगोत्री,town,,Uttarkashi,30.99437,78.93987
5956393745,Gangwar,,village,,Uttarkashi,31.10813,78.31282
7843102180,Ganna,,hamlet,,Uttarkashi,30.71840,78.17933
7843535384,Garh,,hamlet,,Uttarkashi,30.62535,78.20924
7881048877,Garh,,hamlet,,Uttarkashi,30.74580,78.33982
7875019226,Garhwalgad,,hamlet,,Uttarkashi,30.51626,78.41642
7843553117,Gari,,hamlet,,Uttarkashi,30.60175,78.23200
7847576228,Gatu,,hamlet,,Uttarkashi,30.67002,78.09295
9830507330,Gaul,,hamlet,,Uttarkashi,30.87718,78.20180
7841412935,Genwala,,village,,Uttarkashi,30.75050,78.36339
7882985049,Genwala,,hamlet,,Uttarkashi,30.69790,78.29078
7882985064,Ghandiyal Dhar,,hamlet,,Uttarkashi,30.65545,78.28827
9830507331,Ghund,,hamlet,,Uttarkashi,30.90375,78.18219
7880671567,Gilari,,hamlet,,Uttarkashi,30.57935,78.33369
7871371560,Ginda,,hamlet,,Uttarkashi,30.69464,78.49190
342112992,Giunoti,,hamlet,,Uttarkashi,30.75578,78.27396
7843520229,Godar,,hamlet,,Uttarkashi,30.68311,78.12405
7841197402,Godigad,,hamlet,,Uttarkashi,30.82600,78.32315
7847576230,Godin,,hamlet,,Uttarkashi,30.65436,78.08227
2383591880,Godyara,,hamlet,,Uttarkashi,30.79547,78.38979
9830507313,Golari,,hamlet,,Uttarkashi,30.85906,78.20000
7875019215,Goran,,hamlet,,Uttarkashi,30.54355,78.40097
7843553120,Gorath,,hamlet,,Uttarkashi,30.61648,78.22061
7839691723,Gorsada,,village,,Uttarkashi,30.54727,78.50252
7846706565,Gotu,,hamlet,,Uttarkashi,30.72168,78.65830
6532604159,Goul,,hamlet,,Uttarkashi,30.95081,78.24174
342113890,Goyar,,village,,Uttarkashi,30.87278,78.19831
6520194255,Gui,,hamlet,,Uttarkashi,30.81448,78.57426
7843071299,Gunali,,hamlet,,Uttarkashi,30.63843,78.23487
342113375,Gundet gaon,,village,,Uttarkashi,30.93412,78.12461
2383592082,Gurari,,village,,Uttarkashi,31.04834,78.09625
7841395088,Gurudwara,,hamlet,,Uttarkashi,30.75262,78.47835
2383338079,Guwanu,,hamlet,,Uttarkashi,31.05605,77.99956
6532592203,Gwalgaon,,hamlet,,Uttarkashi,31.16399,78.11228
7841336565,Gwalgaon,,hamlet,,Uttarkashi,31.17145,78.10434
7871926334,Gwana,,hamlet,,Uttarkashi,30.67149,78.38006
2387787856,Gyanja,,hamlet,,Uttarkashi,30.75411,78.41436
342113685,Gyansu,,village,,Uttarkashi,30.73256,78.42473
7880702585,Hadiari,,hamlet,,Uttarkashi,30.55655,78.34913
7841336568,Hadwari,,hamlet,,Uttarkashi,31.13680,78.07094
7872289205,Halgaon,,hamlet,,Uttarkashi,30.61760,78.36286
7841163208,Halna,,hamlet,,Uttarkashi,30.85743,78.30607
7837824060,Halunga,,hamlet,,Uttarkashi,31.03344,78.74367
9830507064,Hamlet,,hamlet,,Uttarkashi,30.78281,78.09966
342114676,Hanuman Chatti,,village,,Uttarkashi,30.93117,78.39956
7882746941,Harati,,hamlet,,Uttarkashi,30.64406,78.33273
342110674,Harsil,,village,,Uttarkashi,31.03691,78.75065
7734073234,Harut Tok,,hamlet,,Uttarkashi,31.12810,78.25553
2390870715,Hataru,,hamlet,,Uttarkashi,30.78464,78.06969
7843522242,Hatnali,,hamlet,,Uttarkashi,30.66710,78.20440
342115856,Himraula,,hamlet,,Uttarkashi,30.74387,78.15811
342111613,Hindoligad,,hamlet,,Uttarkashi,31.07678,78.96146
342113804,Hinna,,village,,Uttarkashi,30.74145,78.50721
342113862,Hiraka,,village,,Uttarkashi,30.84567,78.20812
7882746927,Horeti,,hamlet,,Uttarkashi,30.67132,78.30467
13272415997,Hudoli,,hamlet,,Uttarkashi,30.83001,78.10543
4989751122,Hurri,,village,,Uttarkashi,30.90044,78.69402
7841358863,Hyundeyali,,hamlet,,Uttarkashi,30.82457,78.45360
7841100409,Imri,,hamlet,,Uttarkashi,30.96710,78.44069
7880927704,Indra,,hamlet,,Uttarkashi,30.61400,78.28455
7871674293,Irgaon,,hamlet,,Uttarkashi,30.64670,78.38889
2385471687,Jadhang,,village,,Uttarkashi,31.18152,79.04417
7847545466,Jadungaon,,hamlet,,Uttarkashi,30.68053,78.10578
7875019214,Jagargaon,,hamlet,,Uttarkashi,30.55177,78.41372
7880927703,Jagdei,,hamlet,,Uttarkashi,30.61799,78.27619
342113054,Jagyara,,hamlet,,Uttarkashi,30.66875,78.27789
7875019224,Jakath Bichla,,hamlet,,Uttarkashi,30.52652,78.43974
9830507332,Jakhali,,hamlet,,Uttarkashi,30.91145,78.17343
7882746956,Jakhari,,hamlet,,Uttarkashi,30.71028,78.33806
7882985083,Jakhari,,hamlet,,Uttarkashi,30.65558,78.31237
7841596906,Jakhol,,hamlet,,Uttarkashi,31.11117,78.22918
7875019245,Jakragad,,hamlet,,Uttarkashi,30.53779,78.36240
7838167697,Jalang,,hamlet,,Uttarkashi,30.65345,78.56701
7881072787,Jalog,,hamlet,,Uttarkashi,30.70943,78.29559
4989665733,Jamak,,village,,Uttarkashi,30.73589,78.52718
7838067159,Jamana,,hamlet,,Uttarkashi,30.60224,78.55299
7881048881,Janangaon,,hamlet,,Uttarkashi,30.73653,78.31065
342114711,Janki Chatti,,village,,Uttarkashi,30.97645,78.43834
342113367,Jarmola,,hamlet,,Uttarkashi,30.94986,78.09769
4989596739,Jaspur,जसपुर,village,,Uttarkashi,30.72721,78.46364
7837824057,Jaspur,,village,,Uttarkashi,31.02594,78.70643
7880671583,Jaspur,,hamlet,,Uttarkashi,30.62192,78.33969
7881048880,Jaspur,,hamlet,,Uttarkashi,30.74728,78.32915
7882991089,Jaspur,,hamlet,,Uttarkashi,30.70445,78.29922
7843071305,Jastwari,,hamlet,,Uttarkashi,30.63389,78.24838
9831359937,Jaurab,,hamlet,,Uttarkashi,30.75504,78.66325
9830507312,Jawala,,hamlet,,Uttarkashi,30.86801,78.19077
7882991095,Jemar,,hamlet,,Uttarkashi,30.68751,78.28984
6532574152,Jewanu,,hamlet,,Uttarkashi,30.98290,78.15875
4989751141,Jhala,,village,,Uttarkashi,31.02486,78.71014
7837824056,Jhala,,hamlet,,Uttarkashi,31.01959,78.70507
7843514019,Jhilau,,hamlet,,Uttarkashi,30.69796,78.12853
9830507314,Jhumrara,,hamlet,,Uttarkashi,30.86114,78.20025
7847419950,Jilaur,,hamlet,,Uttarkashi,30.69904,78.12649
7882746926,Jineth,,hamlet,,Uttarkashi,30.67497,78.30666
7843071310,Jivya,,hamlet,,Uttarkashi,30.66946,78.23711
7841015754,Jiyurek Tok,,hamlet,,Uttarkashi,31.07522,78.25090
7875019229,Jogargaon,,hamlet,,Uttarkashi,30.53202,78.42832
7875019227,Jogath Talla,,hamlet,,Uttarkashi,30.52128,78.42566
7875019228,Jogathmala,,hamlet,,Uttarkashi,30.52754,78.43490
4989629048,Jokani,,village,,Uttarkashi,30.78495,78.60950
7843071304,Jokhni,,hamlet,,Uttarkashi,30.62973,78.23360
7841361596,Jugaldi,,village,,Uttarkashi,30.76861,78.36583
7843561678,Jugargaon,,hamlet,,Uttarkashi,30.65659,78.13632
7875019243,Jugyara,,hamlet,,Uttarkashi,30.51988,78.38069
7882985079,Jugyara,,hamlet,,Uttarkashi,30.66356,78.29220
7882985063,Junga,,hamlet,,Uttarkashi,30.66209,78.28600
342115673,Kaasta,,hamlet,,Uttarkashi,31.02951,77.83127
7847545470,Kahaula,,hamlet,,Uttarkashi,30.67674,78.11888
7847419961,Kainth,,hamlet,,Uttarkashi,30.73012,78.12065
7880927702,Kaithogi,,hamlet,,Uttarkashi,30.61797,78.26278
7871371562,Kakari,,hamlet,,Uttarkashi,30.70553,78.47937
7841358883,Kakhret,,hamlet,,Uttarkashi,30.78333,78.39528
7841604823,Kalaba,,hamlet,,Uttarkashi,31.09686,78.14543
7882985040,Kalanagar,,hamlet,,Uttarkashi,30.70933,78.28816
7841358864,Kaldiyāni,,hamlet,,Uttarkashi,30.82075,78.44734
7871511342,Kaligad,,hamlet,,Uttarkashi,30.62344,78.41876
7843165384,Kalogi,,hamlet,,Uttarkashi,30.74512,78.13527
7882985078,Kalyani,,hamlet,,Uttarkashi,30.64795,78.30374
7843514021,Kalyatra,,hamlet,,Uttarkashi,30.70558,78.14202
342114197,Kamand,,village,,Uttarkashi,30.63566,78.56186
7837971432,Kamar,,hamlet,,Uttarkashi,30.71916,78.54210
7843126293,Kamda,,hamlet,,Uttarkashi,30.67557,78.20836
2390680229,Kamra,,village,,Uttarkashi,30.79259,78.04715
7841415200,Kamra,,hamlet,,Uttarkashi,31.04037,78.12090
7880671572,Kand,,hamlet,,Uttarkashi,30.59187,78.35859
9830507319,Kanda,,hamlet,,Uttarkashi,30.86930,78.15996
7847576231,Kandari,,hamlet,,Uttarkashi,30.65026,78.07278
7880782301,Kandla,,hamlet,,Uttarkashi,30.59985,78.30557
5247883436,Kandola,,hamlet,,Uttarkashi,30.91890,78.43177
7880751583,Kansi,,hamlet,,Uttarkashi,30.55864,78.29274
342113667,Kapnol,,village,,Uttarkashi,30.75073,78.17459
7843140492,Kapnolgaon,,village,,Uttarkashi,30.75006,78.17624
7843126292,Kaprara,,hamlet,,Uttarkashi,30.67946,78.19863
7841163203,Kapula,,hamlet,,Uttarkashi,30.86097,78.33066
9830507204,Karara,,hamlet,,Uttarkashi,30.87687,78.05717
342110597,Karchha,,village,,Uttarkashi,31.04462,78.92578
7847603713,Karidi,,hamlet,,Uttarkashi,30.63262,78.02687
7882985077,Karnala,,hamlet,,Uttarkashi,30.64220,78.29310
8628587214,Karoli,,hamlet,,Uttarkashi,30.99048,77.87100
7841604815,Kashla,,hamlet,,Uttarkashi,31.15837,78.21726
9830507321,Kashlaun,,hamlet,,Uttarkashi,30.97095,78.23207
7843514014,Kaslana,,hamlet,,Uttarkashi,30.69592,78.13375
7872289210,Kastkhana,,hamlet,,Uttarkashi,30.58680,78.36931
7843165372,Katendi,,hamlet,,Uttarkashi,30.72534,78.14124
7839677651,Kaudhar,,hamlet,,Uttarkashi,30.58090,78.50136
7880782307,Kaura,,hamlet,,Uttarkashi,30.62877,78.30568
7875019220,Kawagiri,,hamlet,,Uttarkashi,30.55460,78.40230
2383591877,Kawan,,village,,Uttarkashi,30.78681,78.39005
7882985076,Kawara,,hamlet,,Uttarkashi,30.63092,78.26655
7843071314,Kawata,,hamlet,,Uttarkashi,30.69680,78.22802
7881072785,Kayan,,hamlet,,Uttarkashi,30.72841,78.28993
7847545469,Kewalgaon,,hamlet,,Uttarkashi,30.66723,78.11725
2383409828,Kewla,,hamlet,,Uttarkashi,31.04061,78.05703
7843071297,Khadara,,hamlet,,Uttarkashi,30.65539,78.21302
7837971435,Khaini,,hamlet,,Uttarkashi,30.73270,78.50587
9830507193,Khalari ki Chhani,,hamlet,,Uttarkashi,30.86136,78.07795
7847576229,Khamandi Talli,,hamlet,,Uttarkashi,30.65716,78.08844
7882985054,Khanare,,hamlet,,Uttarkashi,30.69740,78.27991
7843600108,Khanati,,hamlet,,Uttarkashi,30.60694,78.18709
7847603712,Khanati,,hamlet,,Uttarkashi,30.62691,78.02575
7841163209,Khanera,,hamlet,,Uttarkashi,30.85473,78.29386
7882985051,Khanerachak,,hamlet,,Uttarkashi,30.67441,78.26678
6532591321,Khanna,,hamlet,,Uttarkashi,31.15999,78.10053
342112953,Kharadi,,village,,Uttarkashi,30.84549,78.27210
342113956,Kharsari,,village,,Uttarkashi,30.97458,78.07434
2377998224,Kharsālī,,hamlet,,Uttarkashi,30.97279,78.43822
7841388881,Kharwan,,hamlet,,Uttarkashi,30.75309,78.39732
7838167698,Khatarwari,,hamlet,,Uttarkashi,30.65418,78.54817
7882746936,Khatukhal,,hamlet,,Uttarkashi,30.68246,78.33831
7843165380,Khawala,,hamlet,,Uttarkashi,30.73439,78.12827
7846330553,Khawala,,hamlet,,Uttarkashi,30.72455,78.08302
2383338119,Kheri,,hamlet,,Uttarkashi,31.06801,78.01782
7843102179,Khetu,,hamlet,,Uttarkashi,30.72157,78.17499
7847545471,Khirmu,,hamlet,,Uttarkashi,30.68011,78.11347
342113833,Khiryana,,village,,Uttarkashi,30.74802,78.48530
7871674290,Kholigaon,,hamlet,,Uttarkashi,30.65425,78.38136
7841361585,Khurkot,,hamlet,,Uttarkashi,30.80067,78.38878
7871371574,Khuroli,,hamlet,,Uttarkashi,30.71472,78.47880
7882746935,Khyarda Chak,,hamlet,,Uttarkashi,30.68352,78.34171
2377984975,Khālsi,,hamlet,,Uttarkashi,30.51377,78.40273
6532626794,Kimdar,,hamlet,,Uttarkashi,30.95144,78.23178
7838161525,Kimkhet,,hamlet,,Uttarkashi,30.64350,78.53973
7875125766,Kimkhet,,hamlet,,Uttarkashi,30.54625,78.44150
7841163210,Kishala,,hamlet,,Uttarkashi,30.85867,78.28315
2377984977,Kishanpur,,hamlet,,Uttarkashi,30.69295,78.50073
2387787583,Kishnapur,,hamlet,,Uttarkashi,30.67915,78.50697
7871926325,Kiula,,hamlet,,Uttarkashi,30.71950,78.36339
7882746962,Koilri,,hamlet,,Uttarkashi,30.73846,78.36960
7843520231,Kolonjgaon,,hamlet,,Uttarkashi,30.66620,78.13699
7843140495,Kolu,,hamlet,,Uttarkashi,30.74278,78.18689
2390870720,Kophara,,hamlet,,Uttarkashi,30.88993,78.02289
7880671575,Kot,,hamlet,,Uttarkashi,30.59660,78.34369
7880782287,Kot,,hamlet,,Uttarkashi,30.57401,78.30578
7841148038,Kothar,,hamlet,,Uttarkashi,30.92368,78.36555
342113410,Koti,,village,,Uttarkashi,30.89356,78.10044
342114697,Koti,,village,,Uttarkashi,30.88120,78.23777
9830507317,Koti,,hamlet,,Uttarkashi,30.86812,78.19918
4989542247,Kotiyal Gaon,,village,,Uttarkashi,30.72278,78.44539
9830507325,Kotla,,hamlet,,Uttarkashi,30.89316,78.17540
7847383495,Kucharu,,hamlet,,Uttarkashi,30.74650,78.10229
7015355897,Kuflon,,village,,Uttarkashi,30.80455,78.45132
8880775806,Kukrera,,hamlet,,Uttarkashi,30.96326,77.88805
7841415211,Kul,,hamlet,,Uttarkashi,31.00495,78.01752
4989612839,Kumalti,,village,,Uttarkashi,30.77408,78.60122
342114178,Kumarkoti,,village,,Uttarkashi,30.65598,78.27072
7882991090,Kumiara,,hamlet,,Uttarkashi,30.69576,78.29956
7843071300,Kumradhar,,hamlet,,Uttarkashi,30.63359,78.22764
7875019244,Kumrara,,hamlet,,Uttarkashi,30.52650,78.37086
7841415202,Kunara,,hamlet,,Uttarkashi,31.02449,78.10067
7841604827,Kunara,,hamlet,,Uttarkashi,31.08615,78.11541
7841100405,Kunda,,hamlet,,Uttarkashi,30.95614,78.43153
7882746957,Kundanpur,,hamlet,,Uttarkashi,30.71850,78.34782
7838067155,Kundgarh,,hamlet,,Uttarkashi,30.59560,78.52141
7882985050,Kuneyachak,,hamlet,,Uttarkashi,30.67669,78.27132
342115583,Kunigarh,,village,,Uttarkashi,30.97733,77.96997
7841148036,Kunshala,,hamlet,,Uttarkashi,30.90107,78.34835
7847419945,Kuphar,,hamlet,,Uttarkashi,30.72595,78.10718
7841148034,Kupra,,hamlet,,Uttarkashi,30.89319,78.34093
7882746958,Kurah,,hamlet,,Uttarkashi,30.72068,78.34625
9830507326,Kurgaon,,hamlet,,Uttarkashi,30.87733,78.18272
7882985066,Kurihora,,hamlet,,Uttarkashi,30.66187,78.26731
7881048882,Kurisi,,hamlet,,Uttarkashi,30.73907,78.32095
9830507203,Kurura,,hamlet,,Uttarkashi,30.88656,78.07559
7843165377,Kusiya,,hamlet,,Uttarkashi,30.71918,78.13234
342112944,Kutnaur,,hamlet,,Uttarkashi,30.87296,78.30231
9830507115,Kutogi,,hamlet,,Uttarkashi,30.79999,78.04657
342115863,Kuwa,,hamlet,,Uttarkashi,30.73155,78.08226
7882746922,Kwadha,,hamlet,,Uttarkashi,30.69093,78.31815
7882985060,Kyan,,hamlet,,Uttarkashi,30.67889,78.28952
7880671569,Kyarda,,hamlet,,Uttarkashi,30.57813,78.35750
7882746937,Kyarda,,hamlet,,Uttarkashi,30.68472,78.33767
342113036,Kyari,,hamlet,,Uttarkashi,30.66696,78.24463
7875019233,Kyari,,hamlet,,Uttarkashi,30.54345,78.42075
7841163201,Ladhari,,hamlet,,Uttarkashi,30.87419,78.32841
8628281832,Laktwari,,hamlet,,Uttarkashi,30.99124,77.85972
342110633,Lanka,,village,,Uttarkashi,31.03024,78.86798
7841100404,Lasni,,hamlet,,Uttarkashi,30.92298,78.41890
342113983,Lata,,village,,Uttarkashi,30.78091,78.61523
7841388883,Laturgaon,,hamlet,,Uttarkashi,30.76442,78.40105
7841148039,Leka,,hamlet,,Uttarkashi,30.94086,78.39205
2382821466,Lewari,,hamlet,,Uttarkashi,31.17447,78.22869
7838171416,Lodara,,hamlet,,Uttarkashi,30.61394,78.51139
7838161519,Lodu,,hamlet,,Uttarkashi,30.61709,78.53846
7841388882,Lokha,,hamlet,,Uttarkashi,30.76252,78.39419
7847545462,Londan,,hamlet,,Uttarkashi,30.65412,78.11535
7882746928,Lontu,,hamlet,,Uttarkashi,30.67311,78.31325
7882985058,Ludarka,,hamlet,,Uttarkashi,30.68439,78.27995
7841415203,Ludrala,,hamlet,,Uttarkashi,31.02333,78.11219
7837971437,Lunthru,,hamlet,,Uttarkashi,30.74186,78.55734
7841404561,Lurgayar,,hamlet,,Uttarkashi,31.09684,78.09007
7841100399,Madesh,,hamlet,,Uttarkashi,30.92309,78.40873
7843522239,Magarigaon,,hamlet,,Uttarkashi,30.65654,78.20170
7843140497,Maidanda,,hamlet,,Uttarkashi,30.73393,78.19378
7871511350,Maigaon,,hamlet,,Uttarkashi,30.66641,78.46305
7882985059,Mainola,,hamlet,,Uttarkashi,30.67435,78.27840
9830507206,Mairana,,hamlet,,Uttarkashi,30.88845,78.05426
7871926326,Majaph,,hamlet,,Uttarkashi,30.70156,78.36939
7882985032,Majhgaon,,hamlet,,Uttarkashi,30.73553,78.25776
7882985082,Majna,,hamlet,,Uttarkashi,30.65920,78.31439
7882985061,Makora,,hamlet,,Uttarkashi,30.67536,78.28967
7882985028,Malgaon,,hamlet,,Uttarkashi,30.73182,78.27800
342113993,Malla,,village,,Uttarkashi,30.78644,78.61542
7882985030,Mallasaur,,hamlet,,Uttarkashi,30.74469,78.25544
7882985084,Malna,,hamlet,,Uttarkashi,30.65320,78.31095
7847383493,Mandangaon,,hamlet,,Uttarkashi,30.74281,78.11998
7871371563,Mandav,,hamlet,,Uttarkashi,30.73743,78.45680
7837971436,Maneri,,village,,Uttarkashi,30.74330,78.53906
8628281833,Manjani,,hamlet,,Uttarkashi,30.99582,77.86511
6520221059,Manjhi,,hamlet,,Uttarkashi,30.87492,78.51945
7871371561,Manpur,,hamlet,,Uttarkashi,30.69715,78.48423
7875019236,Mar,,hamlet,,Uttarkashi,30.53759,78.37920
7843165374,Marendu,,hamlet,,Uttarkashi,30.72225,78.13845
7882746939,Margaon,,hamlet,,Uttarkashi,30.63343,78.33338
7843554485,Marial,,hamlet,,Uttarkashi,30.62328,78.20605
7882991092,Mariyasari,,hamlet,,Uttarkashi,30.69622,78.30795
7843126288,Markuri,,hamlet,,Uttarkashi,30.70628,78.21126
7734073512,Marori Tok,,hamlet,,Uttarkashi,31.08020,78.25826
7841197408,Masalgaon,,hamlet,,Uttarkashi,30.86256,78.25781
6532631881,Masri,,village,,Uttarkashi,31.16761,78.12328
7871371571,Mastari,,hamlet,,Uttarkashi,30.71251,78.46515
7882746924,Masun,,hamlet,,Uttarkashi,30.69339,78.31398
7843520230,Matari,,hamlet,,Uttarkashi,30.66719,78.12702
7880927699,Matdi,,hamlet,,Uttarkashi,30.62839,78.25933
342113394,Math,,village,,Uttarkashi,30.90454,78.10456
342113045,Mathali,,village,,Uttarkashi,30.66971,78.25699
9830507117,Mathayalora,,hamlet,,Uttarkashi,30.82033,78.01181
7880782303,Matholi,,hamlet,,Uttarkashi,30.61058,78.29613
7847603710,Matla,,hamlet,,Uttarkashi,30.63724,78.03584
342113676,Matli,,village,,Uttarkashi,30.73990,78.37195
7839677653,Matti,,village,,Uttarkashi,30.56257,78.50291
7880782302,Maug,,hamlet,,Uttarkashi,30.60503,78.29688
2383409700,Mauter,,hamlet,,Uttarkashi,31.02405,78.02792
2383409388,Mora,,hamlet,,Uttarkashi,30.98771,78.00278
7880782305,Morgi,,hamlet,,Uttarkashi,30.62048,78.30241
342115953,Mori,,village,,Uttarkashi,31.01921,78.04625
342115940,Motwar,,village,,Uttarkashi,31.07639,78.15002
10901669513,Mukhba,,village,,Uttarkashi,31.04496,78.77992
7843561677,Mulagaon,,hamlet,,Uttarkashi,30.65808,78.14312
7880676976,Munlar,,hamlet,,Uttarkashi,30.53938,78.35295
7843165379,Munna Chhani,,hamlet,,Uttarkashi,30.73079,78.13545
7843126294,Murogi,,hamlet,,Uttarkashi,30.66879,78.22147
7871371568,Mustik Saur,,hamlet,,Uttarkashi,30.70827,78.47924
7882985046,Nag,,hamlet,,Uttarkashi,30.71018,78.27014
7882985027,Nagal,,hamlet,,Uttarkashi,30.73405,78.27278
7841197407,Nagangaon,,village,,Uttarkashi,30.84522,78.25434
7880782293,Nagni,,hamlet,,Uttarkashi,30.58856,78.32459
7880927760,Nagun,,hamlet,,Uttarkashi,30.56464,78.32424
7847576227,Naguri Khal,,hamlet,,Uttarkashi,30.67325,78.09245
342115947,Naitwar,नैतवार,village,,Uttarkashi,31.06618,78.10293
7843165371,Nakhila,,hamlet,,Uttarkashi,30.70934,78.13685
7841163202,Nakora,,hamlet,,Uttarkashi,30.86215,78.32141
7881048876,Nakurigad,,hamlet,,Uttarkashi,30.74193,78.33898
7882991088,Nalapani,,hamlet,,Uttarkashi,30.65335,78.32783
9830507328,Nald,,hamlet,,Uttarkashi,30.88517,78.18566
7882985080,Nalda,,hamlet,,Uttarkashi,30.66494,78.30271
7882746931,Nalugad,,hamlet,,Uttarkashi,30.67944,78.32600
2383337691,Nanai,,hamlet,,Uttarkashi,31.01669,78.06857
6440168077,Nandgaon,,village,,Uttarkashi,30.82120,78.25506
7847419963,Naryunku,,hamlet,,Uttarkashi,30.73909,78.12342
9830507327,Nathergaon,,hamlet,,Uttarkashi,30.88442,78.17875
342113649,Naugaon,,village,,Uttarkashi,30.78644,78.13339
2383591843,Naugaon,,hamlet,,Uttarkashi,30.75630,78.47023
7018243273,Naugaon,,village,,Uttarkashi,30.85406,78.44326
7882746934,Nauliya Saur,,hamlet,,Uttarkashi,30.68284,78.34666
7843520232,Naurgaon,,hamlet,,Uttarkashi,30.66617,78.14947
7847419942,Navtar,,hamlet,,Uttarkashi,30.72299,78.09316
7882985038,Nawagaon,,hamlet,,Uttarkashi,30.72007,78.27134
342111603,Neelang,,village,,Uttarkashi,31.11266,79.00537
7880782288,Neri,,hamlet,,Uttarkashi,30.60046,78.32591
7882985031,Neri,,hamlet,,Uttarkashi,30.74095,78.25373
9830507192,Netri,,hamlet,,Uttarkashi,30.85324,78.08136
2382893626,Nicha Panva,,hamlet,,Uttarkashi,31.09818,78.19340
2381595443,Nilapani,,hamlet,,Uttarkashi,31.11335,79.15536
342113696,Nim,,village,,Uttarkashi,30.72589,78.43127
4989596742,Nirakot,,village,,Uttarkashi,30.74081,78.48727
7871371567,Nirakot,,hamlet,,Uttarkashi,30.73002,78.46736
7847402200,Nisani,,hamlet,,Uttarkashi,30.72153,78.10210
2383591879,Nismor,,hamlet,,Uttarkashi,30.79125,78.40257
7841100403,Nisni,,hamlet,,Uttarkashi,30.92549,78.41169
7841539129,Nuranu,,hamlet,,Uttarkashi,31.08303,78.06538
10810562468,Nyugaon,,village,,Uttarkashi,30.54205,78.52201
7843514018,Nyuri,,hamlet,,Uttarkashi,30.69289,78.12654
2377985081,Nākuri,,hamlet,,Uttarkashi,30.73736,78.35039
7018200208,Nāld,,village,,Uttarkashi,30.76866,78.46502
7875019241,Odargad,,hamlet,,Uttarkashi,30.51310,78.39111
7847545461,Odgaon,,hamlet,,Uttarkashi,30.65916,78.12570
7882991094,Olya,,hamlet,,Uttarkashi,30.70583,78.31113
2382584881,Osla,,village,,Uttarkashi,31.11890,78.34277
7843071296,Oukhola,,hamlet,,Uttarkashi,30.65696,78.22696
7841233364,Pabgaon,,hamlet,,Uttarkashi,30.75442,78.33598
7880927698,Padiyar Chauk,,hamlet,,Uttarkashi,30.62746,78.27750
4989629049,Pahi,,village,,Uttarkashi,30.79325,78.61435
7871674291,Painibhavai,,hamlet,,Uttarkashi,30.65748,78.37993
7841415199,Painsar,,village,,Uttarkashi,31.04734,78.10721
7882985073,Paintrian,,hamlet,,Uttarkashi,30.64423,78.27581
7882746925,Paithar,,hamlet,,Uttarkashi,30.67992,78.31046
342114031,Pala,,village,,Uttarkashi,30.83862,78.61817
7847419943,Palasu,,hamlet,,Uttarkashi,30.72434,78.08898
7841148019,Pali,,hamlet,,Uttarkashi,30.89792,78.29719
7843168086,Paluka,,hamlet,,Uttarkashi,30.74220,78.13878
7847419965,Pamari,,hamlet,,Uttarkashi,30.74037,78.11690
7871674303,Panchgaon,,hamlet,,Uttarkashi,30.65067,78.43031
7881048883,Panchpatiya,,hamlet,,Uttarkashi,30.73067,78.31100
7843165375,Panduchi,,hamlet,,Uttarkashi,30.71907,78.13846
7875019231,Pangri,,hamlet,,Uttarkashi,30.53780,78.44168
7841361595,Panjyala,,village,,Uttarkashi,30.77478,78.36792
7882991096,Panot,,hamlet,,Uttarkashi,30.68175,78.29868
7841010875,Panwani,,hamlet,,Uttarkashi,31.11626,78.32904
8628281831,Paoli,,hamlet,,Uttarkashi,30.98883,77.85447
2383592079,Pasa,,hamlet,,Uttarkashi,31.03985,78.08750
7882991086,Patara,,hamlet,,Uttarkashi,30.64247,78.31574
342115889,Patharkol,,hamlet,,Uttarkashi,30.61440,78.16698
6440163347,Pauathi,,village,,Uttarkashi,30.81384,78.18858
6532622445,Paunti,,hamlet,,Uttarkashi,30.94740,78.23579
7882985044,Pauri,,hamlet,,Uttarkashi,30.71177,78.27229
7882985048,Pensari,,hamlet,,Uttarkashi,30.70522,78.28593
342114704,Phari,,village,,Uttarkashi,30.87708,78.23502
7847576220,Phiphiyara,,hamlet,,Uttarkashi,30.70450,78.08115
342114683,Phulchatti,,hamlet,,Uttarkashi,30.96029,78.42711
7841197412,Phuldhar,,hamlet,,Uttarkashi,30.85202,78.27059
7882985035,Phulogi,,hamlet,,Uttarkashi,30.72880,78.27336
7847419957,Phulya,,hamlet,,Uttarkashi,30.71912,78.11575
7847545465,Phuwangaon,,hamlet,,Uttarkashi,30.68019,78.09326
2377985086,Pillung,,hamlet,,Uttarkashi,30.77160,78.66515
7841100400,Pindki,,hamlet,,Uttarkashi,30.91910,78.40911
7841377132,Pinwala,,hamlet,,Uttarkashi,30.84170,78.49076
7880671580,Pipalkhanda,,hamlet,,Uttarkashi,30.62127,78.35516
342114159,Pipli,,village,,Uttarkashi,30.65401,78.39168
6532629091,Pisa,,hamlet,,Uttarkashi,31.14555,78.08243
7880782299,Poina,,hamlet,,Uttarkashi,30.59420,78.30181
7841415201,Pokhri,,hamlet,,Uttarkashi,31.03677,78.10604
7875019217,Pokhri,,hamlet,,Uttarkashi,30.54557,78.39848
7843140490,Ponelaki,,hamlet,,Uttarkashi,30.74610,78.17025
342113384,Pora,,village,,Uttarkashi,30.92239,78.10593
7843126291,Pujargaon,,hamlet,,Uttarkashi,30.68704,78.20060
7875019219,Pujargaon,,hamlet,,Uttarkashi,30.55001,78.39458
7880671573,Pujargaon,,hamlet,,Uttarkashi,30.58589,78.34707
7882985045,Pujargaon,,hamlet,,Uttarkashi,30.71649,78.27167
7882985081,Pujargaon,,hamlet,,Uttarkashi,30.66002,78.30672
7841404564,Pujeli,,village,,Uttarkashi,31.10499,78.08881
9830507316,Pujeli,,hamlet,,Uttarkashi,30.86221,78.19530
7841148018,Pujyargaon,,hamlet,,Uttarkashi,30.88430,78.31069
7871926333,Pujyargaon,,hamlet,,Uttarkashi,30.67387,78.37590
342113419,Purola,,village,,Uttarkashi,30.87870,78.08319
342114020,Raithal,,village,1005,Uttarkashi,30.81672,78.60379
342112934,Rajgarhi,,village,,Uttarkashi,30.83968,78.23888
2383409810,Rajuk,,hamlet,,Uttarkashi,31.03298,78.02279
7841604814,Rala,,hamlet,,Uttarkashi,31.16705,78.21677
7839691725,Ramoli,,hamlet,,Uttarkashi,30.53432,78.50179
7841100395,Rana,,village,,Uttarkashi,30.92060,78.37857
7882746955,Ranari,,hamlet,,Uttarkashi,30.70889,78.35310
342112981,Rarighatti,,hamlet,,Uttarkashi,30.77133,78.25424
7843071308,Rarnoli,,hamlet,,Uttarkashi,30.65678,78.25048
342114801,Rataldhar,,village,,Uttarkashi,30.54442,78.50008
9830507211,Rateri,,hamlet,,Uttarkashi,30.90031,78.04711
7875125767,Ratnali,,hamlet,,Uttarkashi,30.56097,78.44070
7882746965,Raturi Sera,,hamlet,,Uttarkashi,30.74579,78.35146
7880671577,Rautal,,hamlet,,Uttarkashi,30.60839,78.34460
7841010870,Rawang Tok,,hamlet,,Uttarkashi,31.10082,78.30554
7673848543,Rekcha,,hamlet,,Uttarkashi,31.14264,78.24278
7882985062,Resgi,,hamlet,,Uttarkashi,30.66682,78.28218
7843522240,Rikhangaon,,hamlet,,Uttarkashi,30.65917,78.20035
7847576225,Rikhaun,,hamlet,,Uttarkashi,30.65598,78.06081
7841197409,Rikhtari,,hamlet,,Uttarkashi,30.86618,78.24894
2377985106,Rummu,,hamlet,,Uttarkashi,30.93365,78.10896
7841395085,Said,,village,,Uttarkashi,30.75833,78.40700
7871371570,Saikurj,,hamlet,,Uttarkashi,30.70802,78.47525
342113975,Sainj,,village,,Uttarkashi,30.76721,78.58795
4989612838,Sainj,,village,,Uttarkashi,30.77377,78.59816
7847603708,Sajibag Chak,,hamlet,,Uttarkashi,30.63530,78.07136
4989751019,Salang,,village,,Uttarkashi,30.84213,78.63557
7882746950,Salankhala,,hamlet,,Uttarkashi,30.68959,78.35185
2383592056,Salla,,hamlet,,Uttarkashi,31.00146,78.02576
7843565686,Sallyan Chak,,hamlet,,Uttarkashi,30.64373,78.15050
7841539126,Salra,,hamlet,,Uttarkashi,31.06376,78.02058
7841539127,Sami,,hamlet,,Uttarkashi,31.05510,78.04284
2383592059,Sandra,,hamlet,,Uttarkashi,31.00610,78.02749
342113850,Sangamchatti,,hamlet,,Uttarkashi,30.83588,78.45063
342110899,Sanglai,,village,,Uttarkashi,30.86060,78.65113
342113823,Sangrali,,village,,Uttarkashi,30.74624,78.44060
342115934,Sankri,,village,,Uttarkashi,31.07802,78.18411
7871511349,Santangaon,,hamlet,,Uttarkashi,30.66405,78.47008
2378000396,Sar,,hamlet,,Uttarkashi,30.96274,78.21709
7871965592,Sara,,hamlet,,Uttarkashi,30.70176,78.47484
7843165370,Sarana,,hamlet,,Uttarkashi,30.71445,78.14192
342113880,Sarari,,village,,Uttarkashi,30.85373,78.20069
7847576226,Sari,,hamlet,,Uttarkashi,30.67021,78.07677
7875019234,Sarp,,hamlet,,Uttarkashi,30.53819,78.41331
7881072786,Sartali,,hamlet,,Uttarkashi,30.72465,78.29920
342114190,Satiyalidhar,,hamlet,,Uttarkashi,30.62131,78.53744
7841336562,Satta,,village,,Uttarkashi,31.15005,78.10479
7841604817,Saturi,,hamlet,,Uttarkashi,31.11696,78.20797
7882985033,Saudgaon,,hamlet,,Uttarkashi,30.73357,78.26694
7841604816,Sauni,,hamlet,,Uttarkashi,31.12168,78.22740
7838067160,Saur,,hamlet,,Uttarkashi,30.60765,78.55918
7838171415,Saur,,village,,Uttarkashi,30.62098,78.50337
7875019239,Saur,,hamlet,,Uttarkashi,30.51681,78.39998
7877183938,Saur,,hamlet,,Uttarkashi,30.50357,78.39812
4989612840,Saura,,village,,Uttarkashi,30.77212,78.60752
7882985055,Saura,,hamlet,,Uttarkashi,30.69502,78.27252
5247931481,Seema,,hamlet,,Uttarkashi,31.11703,78.34994
7018164133,Seku,,village,,Uttarkashi,30.82795,78.45633
7854987695,Setwari,,hamlet,,Uttarkashi,30.60946,78.04544
6532629691,Sewa,,village,,Uttarkashi,31.17381,78.07470
9830507113,Shankhala,,hamlet,,Uttarkashi,30.80419,78.03323
9830507195,Shikaru,,hamlet,,Uttarkashi,30.86764,78.03868
6520174596,Shilla,,village,,Uttarkashi,30.77120,78.63251
7875019235,Shirkot,,hamlet,,Uttarkashi,30.53761,78.40249
7871371576,Shiror,,hamlet,,Uttarkashi,30.73952,78.48843
342114171,Shrikot,,village,,Uttarkashi,30.63812,78.29270
7882746959,Sigol,,hamlet,,Uttarkashi,30.72826,78.35567
7841233361,Sigot,,village,,Uttarkashi,30.76183,78.31985
7882746944,Siguni,,hamlet,,Uttarkashi,30.66920,78.35499
7875019240,Sil,,hamlet,,Uttarkashi,30.51829,78.39633
7882985026,Silkyara,,hamlet,,Uttarkashi,30.73752,78.27128
7843071315,Silkyari,,hamlet,,Uttarkashi,30.68929,78.22809
7871371572,Silpur,,hamlet,,Uttarkashi,30.71373,78.47110
7843168088,Singoli,,hamlet,,Uttarkashi,30.73464,78.15094
2382893596,Sirga,,hamlet,,Uttarkashi,31.08542,78.21114
7838067158,Siri,,village,,Uttarkashi,30.59854,78.53740
9830507200,Sirkot,,hamlet,,Uttarkashi,30.89528,78.08756
4989596756,Siror,,village,,Uttarkashi,30.75491,78.49898
9830507311,Sisala,,hamlet,,Uttarkashi,30.87370,78.18066
7843140494,Sogi,,hamlet,,Uttarkashi,30.73987,78.18152
7882746930,Soman,,hamlet,,Uttarkashi,30.66848,78.32411
7847383500,Sowadu,,hamlet,,Uttarkashi,30.74624,78.09195
7843168085,Sowkana,,hamlet,,Uttarkashi,30.74321,78.14476
7841415195,Suchangaon,,hamlet,,Uttarkashi,31.06190,78.12023
342110652,Suki,,village,,Uttarkashi,31.00296,78.70130
7841197414,Sukon,,hamlet,,Uttarkashi,30.86026,78.26539
2383637823,Sumla,,hamlet,,Uttarkashi,31.36436,79.13154
342110663,Sunagar,,village,,Uttarkashi,31.01578,78.71155
9830507199,Sunaldi,,hamlet,,Uttarkashi,30.90396,78.09116
7841604826,Sunana,,hamlet,,Uttarkashi,31.08092,78.12521
7880671565,Sunargaon,,hamlet,,Uttarkashi,30.57018,78.33961
4989751121,Sungar,,village,,Uttarkashi,30.89324,78.67825
7841596905,Sunkundi,,hamlet,,Uttarkashi,31.11023,78.21574
7841148015,Suranthi,,hamlet,,Uttarkashi,30.87606,78.29340
7847419953,Sureni,,hamlet,,Uttarkashi,30.70389,78.10626
6532628812,Surnaul,,hamlet,,Uttarkashi,30.92511,78.22216
7882985070,Surt,,hamlet,,Uttarkashi,30.65182,78.26637
7882991091,Suvunpur,,hamlet,,Uttarkashi,30.69166,78.29649
7882985039,Syaino,,hamlet,,Uttarkashi,30.71836,78.28789
7841197413,Syalab,,village,,Uttarkashi,30.85549,78.26404
7841197403,Syalna,,hamlet,,Uttarkashi,30.83858,78.30344
7880782285,Syampur,,hamlet,,Uttarkashi,30.57455,78.32149
342114828,Syanachatti,,village,,Uttarkashi,30.90548,78.36056
9830507323,Takhla,,hamlet,,Uttarkashi,30.90821,78.22457
4989612837,Taknaur Renge,,village,,Uttarkashi,30.76681,78.59292
7882985057,Talsari,,hamlet,,Uttarkashi,30.69548,78.28596
5247931586,Taluka,,village,,Uttarkashi,31.07782,78.24579
7843071312,Tandola,,hamlet,,Uttarkashi,30.67725,78.22859
7838067157,Tarachu,,hamlet,,Uttarkashi,30.59371,78.54042
7847419962,Taragdhar,,hamlet,,Uttarkashi,30.73329,78.12186
7882985072,Tarakot,,hamlet,,Uttarkashi,30.64554,78.26298
7871371580,Tati,,hamlet,,Uttarkashi,30.73649,78.49474
7734070490,Tauka Tok,,hamlet,,Uttarkashi,31.13478,78.26184
9830507197,Tegra,,hamlet,,Uttarkashi,30.91839,78.08181
7847545467,Temple,,hamlet,,Uttarkashi,30.67602,78.10433
7847383497,Tera,,hamlet,,Uttarkashi,30.74022,78.09780
7841197411,Thakaral,,hamlet,,Uttarkashi,30.85114,78.26626
7846330554,Thala,,hamlet,,Uttarkashi,30.73628,78.08169
342113791,Thalan,,village,,Uttarkashi,30.70404,78.46848
9830507065,Thali,,hamlet,,Uttarkashi,30.78520,78.10571
7841197406,Than,,hamlet,,Uttarkashi,30.84132,78.26058
342113900,Thanki,,village,,Uttarkashi,30.85922,78.21305
9830507110,Thanua,,hamlet,,Uttarkashi,30.76839,78.06593
7843140493,Thauliyanka,,hamlet,,Uttarkashi,30.74261,78.17463
7882985041,Thikara,,hamlet,,Uttarkashi,30.71243,78.28340
7843165381,Tholdhar,,hamlet,,Uttarkashi,30.74183,78.12452
4989751020,Tihar,,village,,Uttarkashi,30.84905,78.64133
10901669512,Tihar,,village,,Uttarkashi,30.86784,78.63974
7880927700,Tilari,,hamlet,,Uttarkashi,30.62438,78.25203
7880671581,Tilpara,,hamlet,,Uttarkashi,30.62357,78.35269
7871371565,Tiltoth,,hamlet,,Uttarkashi,30.73071,78.45637
7843102178,Tipara,,hamlet,,Uttarkashi,30.72508,78.17901
7882985065,Tipra,,hamlet,,Uttarkashi,30.65675,78.27389
7843071307,Tipri,,hamlet,,Uttarkashi,30.65458,78.23794
7880927705,Tipri,,hamlet,,Uttarkashi,30.61191,78.28233
7841148033,Tirkhali,,hamlet,,Uttarkashi,30.90164,78.33502
3612226590,Tirpani,,hamlet,,Uttarkashi,31.27649,79.10668
7843165382,Tiyan,,hamlet,,Uttarkashi,30.74634,78.13048
7880782294,Tulyara,,hamlet,,Uttarkashi,30.58951,78.32866
7841148037,Tundrali,,hamlet,,Uttarkashi,30.91078,78.37444
7882746946,Udalka,,hamlet,,Uttarkashi,30.68050,78.35743
7838067153,Udri,,village,,Uttarkashi,30.57854,78.52209
8628827549,Ugmir,,hamlet,,Uttarkashi,30.97994,77.97433
7871569161,Ulun,,hamlet,,Uttarkashi,30.62285,78.38156
7841604818,Unauni,,hamlet,,Uttarkashi,31.11291,78.17466
7841358872,Uprikot,,hamlet,,Uttarkashi,30.82723,78.38143
7841361586,Uprikot,,village,,Uttarkashi,30.80877,78.37693
7882985071,Uprikot,,hamlet,,Uttarkashi,30.65131,78.24682
8173617366,Utraon,,village,,Uttarkashi,30.78612,78.44425
342112752,Uttarkashi,उत्तरकाशी,town,,Uttarkashi,30.72910,78.44035
7875019221,Vankot,,hamlet,,Uttarkashi,30.55713,78.40795
7843165376,Varuh,,hamlet,,Uttarkashi,30.72088,78.12941
7841415210,Venitok,,hamlet,,Uttarkashi,31.01760,78.05706
7838161523,Wadagula,,hamlet,,Uttarkashi,30.63824,78.53533
7882985074,Wamneti,,hamlet,,Uttarkashi,30.63911,78.28426
7882985029,Wan,,hamlet,,Uttarkashi,30.74831,78.25886
342113000,Wana,,hamlet,,Uttarkashi,30.75371,78.26326
7880782304,Waret,,hamlet,,Uttarkashi,30.61804,78.29844
7841100398,Wariya,,hamlet,,Uttarkashi,30.92696,78.39425
7871674305,Warmargaon,,hamlet,,Uttarkashi,30.64088,78.43807
7841148032,Warzi,,hamlet,,Uttarkashi,30.90696,78.33323
342112741,Yamunotri,,hamlet,,Uttarkashi,30.99921,78.46270
2382893614,balaut+,,hamlet,,Uttarkashi,31.08905,77.90175
8022655977,balcha,,hamlet,,Uttarkashi,31.06337,77.94131
8022655976,bamsu,,hamlet,,Uttarkashi,31.01053,77.97570
7871674301,chilmurgaon,,hamlet,,Uttarkashi,30.66552,78.42161
8020620172,chiwan,,hamlet,,Uttarkashi,31.09236,77.89766
8020637586,damthi,,hamlet,,Uttarkashi,31.01188,77.87011
8020620176,dhara,,hamlet,,Uttarkashi,31.07320,77.90510
8020620177,gokal,,hamlet,,Uttarkashi,31.07082,77.90487
8020620174,jagta,,hamlet,,Uttarkashi,31.08357,77.89412
8020620175,jutar,,hamlet,,Uttarkashi,31.07325,77.90873
8020620183,kalich,,hamlet,,Uttarkashi,31.04393,77.85204
8020620182,kesadi,,hamlet,,Uttarkashi,31.03517,77.85762
8020620178,kiran,,hamlet,,Uttarkashi,31.06417,77.85201
8020620180,makuri,,hamlet,,Uttarkashi,31.05168,77.89816
8020620171,maunda,,hamlet,,Uttarkashi,31.09657,77.91238
8020620179,maurir,,hamlet,,Uttarkashi,31.05458,77.85912
8020621590,nadal dogri,,hamlet,,Uttarkashi,31.05385,77.82015
8020621591,nakot,,hamlet,,Uttarkashi,31.04771,77.82269
8022655975,odatha,,hamlet,,Uttarkashi,31.01046,77.97871
8022655974,petiri,,hamlet,,Uttarkashi,31.01838,77.97772
8022655973,saras,,hamlet,,Uttarkashi,31.03172,77.96907
8020637585,thanwara,,hamlet,,Uttarkashi,31.02219,77.85552
8020620173,thapli,,hamlet,,Uttarkashi,31.08407,77.90167
7841404565,खाण्यासिनी Khanyasni,,village,,Uttarkashi,31.10995,78.10155
13173460763,波林三多,,hamlet,,Uttarkashi,31.30639,79.13049
